iso_timestamp,unix_timestamp,price,conf,expo,publish_time,ratio
2026-09-21T10:16:59.000Z,1789985819,8455000417364,1000582636,-8,1789985816,0.00011834211550659507
2026-09-21T10:18:54.000Z,1789985934,8456001974168,1368025832,-8,1789985896,0.0001617816358344219
2026-09-21T10:19:01.000Z,1789985941,8456001974168,1368025832,-8,1789985896,0.0001617816358344219
2026-09-21T10:20:01.000Z,1789986001,8466591587981,1392912019,-8,1789985967,0.00016451862647743034
2026-09-21T10:21:02.000Z,1789986062,8459512573566,1332604689,-8,1789986058,0.00015752736075646702
2026-09-21T10:22:01.000Z,1789986121,8456827495145,1521310972,-8,1789986099,0.0001798914513596704
2026-09-21T10:23:01.000Z,1789986181,8452540265481,947265482,-8,1789986149,0.0001120687334514691
2026-09-21T10:24:02.000Z,1789986242,8454696408329,1702091671,-8,1789986220,0.00020131907626194756
2026-09-21T10:25:01.000Z,1789986301,8454696408329,1702091671,-8,1789986220,0.00020131907626194756
2026-09-21T10:26:02.000Z,1789986362,8453117997543,1090971345,-8,1789986341,0.00012906141205139973
2026-09-21T10:27:01.000Z,1789986421,8456060610816,1025738612,-8,1789986412,0.00012130218303875395
2026-09-21T10:28:02.000Z,1789986482,8454471494637,1238505363,-8,1789986452,0.00014649116314196956
2026-09-21T10:29:01.000Z,1789986541,8447756222835,1320777165,-8,1789986523,0.00015634650552886784
2026-09-21T10:30:00.000Z,1789986600,8437576308425,1198691569,-8,1789986554,0.00014206586408031595
2026-09-21T10:31:01.000Z,1789986661,8437576308425,1198691569,-8,1789986554,0.00014206586408031595
2026-09-21T10:32:01.000Z,1789986721,8437576308425,1198691569,-8,1789986554,0.00014206586408031595
2026-09-21T10:33:01.000Z,1789986781,8440329112862,1242931476,-8,1789986755,0.0001472610202019171
2026-09-21T10:34:01.000Z,1789986841,8424050328812,1032241609,-8,1789986837,0.00012253507145719672
2026-09-21T10:35:01.000Z,1789986901,8428126016638,1544229656,-8,1789986868,0.00018322337052762732
2026-09-21T10:36:01.000Z,1789986961,8425936486697,933513303,-8,1789986918,0.00011079045094558277
2026-09-21T10:37:01.000Z,1789987021,8423758250000,1022345724,-8,1789987009,0.00012136456123963434
2026-09-21T10:38:01.000Z,1789987081,8423506002146,890073596,-8,1789987030,0.00010566545518852149
2026-09-21T10:39:01.000Z,1789987141,8416960224594,765224598,-8,1789987122,0.00009091460308485791
2026-09-21T10:40:01.000Z,1789987201,8416935899235,1435899235,-8,1789987162,0.00017059643226349227
2026-09-21T10:41:01.000Z,1789987261,8416935899235,1435899235,-8,1789987162,0.00017059643226349227
2026-09-21T10:42:01.000Z,1789987321,8420053595320,1816404680,-8,1789987304,0.00021572364824489794
2026-09-21T10:43:01.000Z,1789987381,8420784202684,950215204,-8,1789987325,0.0001128416524077571
2026-09-21T10:44:01.000Z,1789987441,8427075165178,993334822,-8,1789987385,0.00011787420932289957
2026-09-21T10:45:01.000Z,1789987501,8424934467683,1735532317,-8,1789987456,0.00020599950345694508
2026-09-21T10:46:01.000Z,1789987561,8425054263755,1375736245,-8,1789987517,0.0001632910841795388
2026-09-21T10:47:02.000Z,1789987622,8421852603147,1152396853,-8,1789987567,0.0001368341275136284
2026-09-21T10:48:01.000Z,1789987681,8420962010585,1195378917,-8,1789987648,0.00014195277398204977
2026-09-21T10:49:01.000Z,1789987741,8420962010585,1195378917,-8,1789987648,0.00014195277398204977
2026-09-21T10:50:01.000Z,1789987801,8418999411356,1400588644,-8,1789987798,0.0001663604634668118
2026-09-21T10:51:01.000Z,1789987861,8420264285401,1847679353,-8,1789987809,0.00021943246558228516
2026-09-21T10:52:01.000Z,1789987921,8417776839950,774713433,-8,1789987870,0.00009203302103748828
2026-09-21T10:53:01.000Z,1789987981,8417776839950,774713433,-8,1789987870,0.00009203302103748828
2026-09-21T10:54:01.000Z,1789988041,8417776839950,774713433,-8,1789987870,0.00009203302103748828
2026-09-21T10:55:01.000Z,1789988101,8417776839950,774713433,-8,1789987870,0.00009203302103748828
2026-09-21T10:56:02.000Z,1789988162,8428117822227,1820796471,-8,1789988110,0.00021603832663541036
2026-09-21T10:57:01.000Z,1789988221,8432287160824,1525440175,-8,1789988211,0.0001809046757903504
2026-09-21T10:58:01.000Z,1789988281,8434789789430,1990210570,-8,1789988252,0.000235952598663931
2026-09-21T10:59:01.000Z,1789988341,8440831300703,844046403,-8,1789988333,0.00009999564887995132
2026-09-21T11:00:01.000Z,1789988401,8440831300703,844046403,-8,1789988333,0.00009999564887995132
2026-09-21T11:01:01.000Z,1789988461,8440831300703,844046403,-8,1789988333,0.00009999564887995132
2026-09-21T11:02:01.000Z,1789988521,8445899743297,1397743297,-8,1789988494,0.00016549371168054705
2026-09-21T11:03:01.000Z,1789988581,8447844750377,862749623,-8,1789988576,0.00010212659542086142
2026-09-21T11:04:01.000Z,1789988641,8447261011220,1253989530,-8,1789988607,0.00014844924625087344
2026-09-21T11:05:01.000Z,1789988701,8447261011220,1253989530,-8,1789988607,0.00014844924625087344
2026-09-21T11:06:01.000Z,1789988761,8448912468425,1252531581,-8,1789988727,0.00014824766923327945
2026-09-21T11:07:01.000Z,1789988821,8455013489187,1821597356,-8,1789988819,0.00021544582493329144
2026-09-21T11:08:01.000Z,1789988881,8450027649364,455021526,-8,1789988870,0.000053848525103257815
2026-09-21T11:09:01.000Z,1789988941,8447599240718,1715383695,-8,1789988900,0.0002030616801436004
2026-09-21T11:10:00.000Z,1789989000,8453044423872,977423872,-8,1789988991,0.00011562980424421825
2026-09-21T11:11:00.000Z,1789989060,8458259321392,540678608,-8,1789989052,0.00006392315338837578
2026-09-21T11:12:00.000Z,1789989120,8458059843198,1050156802,-8,1789989112,0.00012416048378335127
2026-09-21T11:13:00.000Z,1789989180,8458059843198,1050156802,-8,1789989112,0.00012416048378335127
2026-09-21T11:14:00.000Z,1789989240,8457872241927,1519799172,-8,1789989183,0.00017969048580163187
2026-09-21T11:15:01.000Z,1789989301,8457872241927,1519799172,-8,1789989183,0.00017969048580163187
2026-09-21T11:16:01.000Z,1789989361,8457872241927,1519799172,-8,1789989183,0.00017969048580163187
2026-09-21T11:17:02.000Z,1789989422,8467100873713,967126287,-8,1789989414,0.00011422165643526756
2026-09-21T11:18:01.000Z,1789989481,8461399981935,847972985,-8,1789989464,0.00010021662925880037
2026-09-21T11:19:01.000Z,1789989541,8456164476806,1470768828,-8,1789989515,0.00017392859753781988
2026-09-21T11:20:01.000Z,1789989601,8456595273543,1772954722,-8,1789989596,0.00020965349110969072
2026-09-21T11:21:02.000Z,1789989662,8456595273543,1772954722,-8,1789989596,0.00020965349110969072
2026-09-21T11:22:01.000Z,1789989721,8457982254603,1917745397,-8,1789989667,0.00022673793101851512
2026-09-21T11:23:02.000Z,1789989782,8457982254603,1917745397,-8,1789989667,0.00022673793101851512
2026-09-21T11:24:01.000Z,1789989841,8457982254603,1917745397,-8,1789989667,0.00022673793101851512
2026-09-21T11:25:01.000Z,1789989901,8457982254603,1917745397,-8,1789989667,0.00022673793101851512
2026-09-21T11:26:01.000Z,1789989961,8465661931131,1747029444,-8,1789989937,0.00020636654974085403
2026-09-21T11:27:01.000Z,1789990021,8465661931131,1747029444,-8,1789989937,0.00020636654974085403
2026-09-21T11:28:01.000Z,1789990081,8465661931131,1747029444,-8,1789989937,0.00020636654974085403
2026-09-21T11:29:01.000Z,1789990141,8465661931131,1747029444,-8,1789989937,0.00020636654974085403
2026-09-21T11:30:01.000Z,1789990201,8466420262853,1636266781,-8,1789990169,0.00019326548059269308
2026-09-21T11:31:01.000Z,1789990261,8468861532432,1997132047,-8,1789990251,0.00023582060461749979
2026-09-21T11:32:01.000Z,1789990321,8476459628630,1201242578,-8,1789990262,0.00014171512997510137
2026-09-21T11:33:01.000Z,1789990381,8476459628630,1201242578,-8,1789990262,0.00014171512997510137
2026-09-21T11:34:02.000Z,1789990442,8470416235098,1883550723,-8,1789990392,0.00022236814233464973
2026-09-21T11:35:01.000Z,1789990501,8473538792801,1900864275,-8,1789990463,0.00022432944741044292
2026-09-21T11:36:01.000Z,1789990561,8473538792801,1900864275,-8,1789990463,0.00022432944741044292
2026-09-21T11:37:01.000Z,1789990621,8473538792801,1900864275,-8,1789990463,0.00022432944741044292
2026-09-21T11:38:01.000Z,1789990681,8470250285347,1607020496,-8,1789990654,0.00018972526688851738
2026-09-21T11:39:01.000Z,1789990741,8470250285347,1607020496,-8,1789990654,0.00018972526688851738
2026-09-21T11:40:01.000Z,1789990801,8478268289092,1906157656,-8,1789990785,0.00022482865498045526
2026-09-21T11:41:01.000Z,1789990861,8478268289092,1906157656,-8,1789990785,0.00022482865498045526
2026-09-21T11:42:02.000Z,1789990922,8482575060752,1194990914,-8,1789990865,0.00014087596106624506
2026-09-21T11:43:01.000Z,1789990981,8482575060752,1194990914,-8,1789990865,0.00014087596106624506
2026-09-21T11:44:02.000Z,1789991042,8478136713425,1993286575,-8,1789991026,0.00023510903897594164
2026-09-21T11:45:01.000Z,1789991101,8478136713425,1993286575,-8,1789991026,0.00023510903897594164
2026-09-21T11:46:01.000Z,1789991161,8477585949468,965206855,-8,1789991127,0.00011385397455752959
2026-09-21T11:47:02.000Z,1789991222,8480023843390,1947567422,-8,1789991207,0.00022966532382076823
2026-09-21T11:48:01.000Z,1789991281,8477758866343,1633887918,-8,1789991278,0.00019272639665260974
2026-09-21T11:49:01.000Z,1789991341,8477758866343,1633887918,-8,1789991278,0.00019272639665260974
2026-09-21T11:50:02.000Z,1789991402,8484337943096,2207458897,-8,1789991379,0.0002601804538910765
2026-09-21T11:51:01.000Z,1789991461,8484337943096,2207458897,-8,1789991379,0.0002601804538910765
2026-09-21T11:52:01.000Z,1789991521,8485522615258,2477884742,-8,1789991489,0.0002920132152549405
2026-09-21T11:53:01.000Z,1789991581,8485522615258,2477884742,-8,1789991489,0.0002920132152549405
2026-09-21T11:54:01.000Z,1789991641,8485522615258,2477884742,-8,1789991489,0.0002920132152549405
2026-09-21T11:55:02.000Z,1789991702,8485522615258,2477884742,-8,1789991489,0.0002920132152549405
2026-09-21T11:56:01.000Z,1789991761,8485522615258,2477884742,-8,1789991489,0.0002920132152549405
2026-09-21T11:57:01.000Z,1789991821,8475061152125,816479395,-8,1789991811,0.00009633905647928918
2026-09-21T11:58:02.000Z,1789991882,8475061152125,816479395,-8,1789991811,0.00009633905647928918
2026-09-21T11:59:01.000Z,1789991941,8475075736356,1012325974,-8,1789991881,0.00011944742507224678
2026-09-21T12:00:01.000Z,1789992001,8485137066248,1909737194,-8,1789991982,0.0002250685144022614
2026-09-21T12:01:01.000Z,1789992061,8485137066248,1909737194,-8,1789991982,0.0002250685144022614
2026-09-21T12:02:01.000Z,1789992121,8489468750000,1182576552,-8,1789992093,0.0001392992408388334
2026-09-21T12:03:01.000Z,1789992181,8485320000017,1040996571,-8,1789992174,0.00012268206396434246
2026-09-21T12:04:02.000Z,1789992242,8491164071791,2125292291,-8,1789992216,0.00025029457363337965
2026-09-21T12:05:01.000Z,1789992301,8487171878735,1484121265,-8,1789992246,0.0001748664085286801
2026-09-21T12:06:02.000Z,1789992362,8499610138243,1742486290,-8,1789992348,0.00020500778996437578
2026-09-21T12:07:01.000Z,1789992421,8499830210075,1844722360,-8,1789992378,0.00021703049524606006
2026-09-21T12:08:02.000Z,1789992482,8508538892310,1581767588,-8,1789992450,0.0001859035503063397
2026-09-21T12:09:01.000Z,1789992541,8510039876465,1755160275,-8,1789992520,0.00020624583438839055
2026-09-21T12:10:01.000Z,1789992601,8495123214781,2353363049,-8,1789992593,0.0002770251813305416
2026-09-21T12:11:02.000Z,1789992662,8488304334558,2479554593,-8,1789992634,0.0002921142427593125
2026-09-21T12:12:01.000Z,1789992721,8497576944512,872488294,-8,1789992685,0.0001026749507179785
2026-09-21T12:13:01.000Z,1789992781,8503089646081,1581312261,-8,1789992776,0.0001859691390797947
2026-09-21T12:14:01.000Z,1789992841,8505192602983,2084324452,-8,1789992827,0.00024506493259999443
2026-09-21T12:15:01.000Z,1789992901,8497976202259,2054415796,-8,1789992897,0.0002417535360305997
2026-09-21T12:16:01.000Z,1789992961,8500184383460,1631290582,-8,1789992928,0.00019191237606259822
2026-09-21T12:17:01.000Z,1789993021,8503927269190,1060057670,-8,1789993008,0.00012465507246759068
2026-09-21T12:18:02.000Z,1789993082,8503191118235,1693332166,-8,1789993050,0.0001991407863770894
2026-09-21T12:19:01.000Z,1789993141,8517512539991,1093431498,-8,1789993091,0.0001283745099130967
2026-09-21T12:20:02.000Z,1789993202,8522053262335,1340267544,-8,1789993192,0.0001572704960579856
2026-09-21T12:21:01.000Z,1789993261,8522053262335,1340267544,-8,1789993192,0.0001572704960579856
2026-09-21T12:22:02.000Z,1789993322,8526631031713,820060736,-8,1789993304,0.00009617640694782706
2026-09-21T12:23:01.000Z,1789993381,8513817389528,1667757881,-8,1789993375,0.00019588837823223025
2026-09-21T12:24:01.000Z,1789993441,8513817389528,1667757881,-8,1789993375,0.00019588837823223025
2026-09-21T12:25:01.000Z,1789993501,8521518937308,1416062696,-8,1789993446,0.00016617491628169085
2026-09-21T12:26:01.000Z,1789993561,8514336477189,1241259169,-8,1789993517,0.0001457846036887892
2026-09-21T12:27:01.000Z,1789993621,8512865528703,819049133,-8,1789993619,0.0000962130941970592
2026-09-21T12:28:01.000Z,1789993681,8509277400000,1015915200,-8,1789993649,0.00011938912697804398
2026-09-21T12:29:01.000Z,1789993741,8503773762090,1049737910,-8,1789993680,0.00012344377206737947
2026-09-21T12:30:02.000Z,1789993802,8503773762090,1049737910,-8,1789993680,0.00012344377206737947
2026-09-21T12:31:01.000Z,1789993861,8505709754998,1808038579,-8,1789993811,0.00021256763175319813
2026-09-21T12:32:01.000Z,1789993921,8511227731547,1792768453,-8,1789993911,0.0002106357049236358
2026-09-21T12:33:01.000Z,1789993981,8519853026146,1041412934,-8,1789993932,0.00012223367360963603
2026-09-21T12:34:01.000Z,1789994041,8519853026146,1041412934,-8,1789993932,0.00012223367360963603
2026-09-21T12:35:02.000Z,1789994102,8522807111692,1805619314,-8,1789994072,0.00021185734821136147
2026-09-21T12:36:01.000Z,1789994161,8532001113290,1986370324,-8,1789994153,0.00023281411917608642
2026-09-21T12:37:02.000Z,1789994222,8534831342307,2011280855,-8,1789994164,0.00023565560634222708
2026-09-21T12:38:01.000Z,1789994281,8534831342307,2011280855,-8,1789994164,0.00023565560634222708
2026-09-21T12:39:01.000Z,1789994341,8534831342307,2011280855,-8,1789994164,0.00023565560634222708
2026-09-21T12:40:01.000Z,1789994401,8525879555773,1666947028,-8,1789994395,0.00019551613614706594
2026-09-21T12:41:01.000Z,1789994461,8525469461756,1041461756,-8,1789994436,0.0001221588747308103
2026-09-21T12:42:02.000Z,1789994522,8521006700480,1726655419,-8,1789994486,0.00020263514390884532
2026-09-21T12:43:01.000Z,1789994581,8521006700480,1726655419,-8,1789994486,0.00020263514390884532
2026-09-21T12:44:01.000Z,1789994641,8517698700000,1156299993,-8,1789994607,0.00013575262916966057
2026-09-21T12:45:01.000Z,1789994701,8526580939150,1379060850,-8,1789994697,0.000161736674974609
2026-09-21T12:46:02.000Z,1789994762,8519525978742,1921622497,-8,1789994739,0.00022555509564673555
2026-09-21T12:47:01.000Z,1789994821,8519525978742,1921622497,-8,1789994739,0.00022555509564673555
2026-09-21T12:48:02.000Z,1789994882,8521458926017,1994573983,-8,1789994850,0.00023406484738315583
2026-09-21T12:49:01.000Z,1789994941,8522932745177,1419108466,-8,1789994912,0.000166504712453944
2026-09-21T12:50:01.000Z,1789995001,8524380107738,2078392512,-8,1789994963,0.0002438174372484095
2026-09-21T12:51:01.000Z,1789995061,8526676422598,553825063,-8,1789995023,0.00006495204409683164
2026-09-21T12:52:01.000Z,1789995121,8526676422598,553825063,-8,1789995023,0.00006495204409683164
2026-09-21T12:53:02.000Z,1789995182,8521788181069,1452314352,-8,1789995175,0.0001704236623982617
2026-09-21T12:54:01.000Z,1789995241,8522647291490,1054536551,-8,1789995196,0.0001237334498229173
2026-09-21T12:55:01.000Z,1789995301,8523888061877,1816438131,-8,1789995277,0.00021309971668023194
2026-09-21T12:56:01.000Z,1789995361,8531796137637,1742164474,-8,1789995358,0.00020419668331204605
2026-09-21T12:57:02.000Z,1789995422,8531763161930,2076838069,-8,1789995399,0.00024342425235936708
2026-09-21T12:58:01.000Z,1789995481,8532220444397,1225248620,-8,1789995459,0.00014360255082305158
2026-09-21T12:59:01.000Z,1789995541,8540072263717,1328605755,-8,1789995530,0.00015557312795169893
2026-09-21T13:00:02.000Z,1789995602,8531526303790,1008656643,-8,1789995581,0.00011822698624886379
2026-09-21T13:01:01.000Z,1789995661,8531526303790,1008656643,-8,1789995581,0.00011822698624886379
2026-09-21T13:02:01.000Z,1789995721,8524696809657,1058190338,-8,1789995713,0.00012413231363269766
2026-09-21T13:03:02.000Z,1789995782,8532318422984,834577016,-8,1789995776,0.00009781362750736677
2026-09-21T13:04:01.000Z,1789995841,8532318422984,834577016,-8,1789995776,0.00009781362750736677
2026-09-21T13:05:01.000Z,1789995901,8521864936553,1709085914,-8,1789995857,0.00020055303935517503
2026-09-21T13:06:01.000Z,1789995961,8531322550893,1281239270,-8,1789995938,0.00015018061529813905
2026-09-21T13:07:01.000Z,1789996021,8541732168903,1393060310,-8,1789995998,0.00016308873685732858
2026-09-21T13:08:01.000Z,1789996081,8536806994048,1748005961,-8,1789996029,0.00020476109653395444
2026-09-21T13:09:01.000Z,1789996141,8535951060417,1022060418,-8,1789996089,0.00011973597444103319
2026-09-21T13:10:01.000Z,1789996201,8532469853445,2035146553,-8,1789996180,0.0002385178720764312
2026-09-21T13:11:01.000Z,1789996261,8525555658805,1316966605,-8,1789996251,0.00015447281769134506
2026-09-21T13:12:01.000Z,1789996321,8525555658805,1316966605,-8,1789996251,0.00015447281769134506
2026-09-21T13:13:02.000Z,1789996382,8512934532480,1279633920,-8,1789996373,0.00015031642909007727
2026-09-21T13:14:01.000Z,1789996441,8517207830607,1863112603,-8,1789996425,0.00021874687574310615
2026-09-21T13:15:01.000Z,1789996501,8516495385768,1666990466,-8,1789996486,0.00019573667224498522
2026-09-21T13:16:01.000Z,1789996561,8516381391739,1309084734,-8,1789996527,0.0001537137281416059
2026-09-21T13:17:01.000Z,1789996621,8510856644056,2012251028,-8,1789996578,0.000236433429930389
2026-09-21T13:18:02.000Z,1789996682,8508475126898,1384562705,-8,1789996649,0.0001627274787021421
2026-09-21T13:19:01.000Z,1789996741,8508475126898,1384562705,-8,1789996649,0.0001627274787021421
2026-09-21T13:20:01.000Z,1789996801,8517467368537,1179865234,-8,1789996769,0.00013852301194112578
2026-09-21T13:21:01.000Z,1789996861,8514801955882,1748979586,-8,1789996851,0.00020540461129478298
2026-09-21T13:22:01.000Z,1789996921,8513387142012,1612843479,-8,1789996872,0.00018944791915322562
2026-09-21T13:23:02.000Z,1789996982,8520154004930,1650995079,-8,1789996942,0.00019377526251810565
2026-09-21T13:24:01.000Z,1789997041,8512972353323,1911923170,-8,1789996993,0.0002245893784975925
2026-09-21T13:25:01.000Z,1789997101,8506682058017,1830283018,-8,1789997063,0.00021515827269870467
2026-09-21T13:26:02.000Z,1789997162,8499163922057,1007571923,-8,1789997114,0.00011854953407654051
2026-09-21T13:27:01.000Z,1789997221,8500066892116,1367912452,-8,1789997215,0.0001609296102444522
2026-09-21T13:28:01.000Z,1789997281,8500965991235,1394997247,-8,1789997236,0.00016409867401402675
2026-09-21T13:29:01.000Z,1789997341,8496396870450,2080100721,-8,1789997307,0.00024482151113191
2026-09-21T13:30:00.000Z,1789997400,8493212812930,1927187069,-8,1789997388,0.00022690907568759675
2026-09-21T13:31:01.000Z,1789997461,8498224064127,1740935873,-8,1789997438,0.00020485878694925206
2026-09-21T13:32:01.000Z,1789997521,8494301581597,1813621982,-8,1789997502,0.00021351042985443705
2026-09-21T13:33:01.000Z,1789997581,8507030058217,841614427,-8,1789997565,0.00009893163903741926
2026-09-21T13:34:01.000Z,1789997641,8497801579323,1992420677,-8,1789997586,0.00023446307358458368
2026-09-21T13:35:01.000Z,1789997701,8514699014156,2281128027,-8,1789997698,0.0002679047166796549
2026-09-21T13:36:00.000Z,1789997760,8508540874799,1641384989,-8,1789997729,0.00019291027840760946
2026-09-21T13:37:00.000Z,1789997820,8497176500168,1065650978,-8,1789997803,0.000125412362327525
2026-09-21T13:38:00.000Z,1789997880,8495874033680,1279966319,-8,1789997855,0.0001506574031024776
2026-09-21T13:39:01.000Z,1789997941,8492342836145,1159405941,-8,1789997938,0.00013652368532101076
2026-09-21T13:40:01.000Z,1789998001,8494801792114,1567235377,-8,1789997959,0.00018449346027766246
2026-09-21T13:41:01.000Z,1789998061,8504236664410,1433192910,-8,1789998051,0.00016852693152318696
2026-09-21T13:42:01.000Z,1789998121,8497074177758,1046872242,-8,1789998104,0.00012320384877188668
2026-09-21T13:43:01.000Z,1789998181,8508410486621,1246394593,-8,1789998146,0.00014648971097009082
2026-09-21T13:44:02.000Z,1789998242,8505612974385,1146025615,-8,1789998227,0.00013473756899723782
2026-09-21T13:45:01.000Z,1789998301,8502420312026,1150486020,-8,1789998268,0.00013531276716263117
2026-09-21T13:46:02.000Z,1789998362,8515248877673,1232622327,-8,1789998349,0.00014475470355680833
2026-09-21T13:47:01.000Z,1789998421,8527626803311,1097696689,-8,1789998391,0.00012872241179384165
2026-09-21T13:48:02.000Z,1789998482,8544147313726,1562481459,-8,1789998472,0.00018287154956819448
2026-09-21T13:49:01.000Z,1789998541,8535208823086,2686176922,-8,1789998533,0.00031471718825841017
2026-09-21T13:50:01.000Z,1789998601,8539785318658,2324681342,-8,1789998596,0.0002722177730769134
2026-09-21T13:51:01.000Z,1789998661,8565824989174,1224510826,-8,1789998659,0.0001429530521050348
2026-09-21T13:52:02.000Z,1789998722,8568051128296,2217871704,-8,1789998699,0.00025885369622450965
2026-09-21T13:53:01.000Z,1789998781,8578297484842,1674654309,-8,1789998730,0.0001952198920542384
2026-09-21T13:54:01.000Z,1789998841,8554440009331,1726222400,-8,1789998812,0.0002017925659794298
2026-09-21T13:55:02.000Z,1789998902,8538943580088,2320919912,-8,1789998893,0.000271804104363936
2026-09-21T13:56:01.000Z,1789998961,8538943580088,2320919912,-8,1789998893,0.000271804104363936
2026-09-21T13:57:01.000Z,1789999021,8556058493960,1125006040,-8,1789999010,0.00013148648303353447
2026-09-21T13:58:00.000Z,1789999080,8557462640680,606299200,-8,1789999051,0.00007085034728843663
2026-09-21T13:59:01.000Z,1789999141,8543838167319,2127407197,-8,1789999133,0.00024899900435117515
2026-09-21T14:00:01.000Z,1789999201,8540903452718,1287820527,-8,1789999193,0.0001507827051469798
2026-09-21T14:01:02.000Z,1789999262,8541342990190,2100331994,-8,1789999244,0.00024590184428986136
2026-09-21T14:02:01.000Z,1789999321,8546940970311,2189029689,-8,1789999307,0.000256118498607151
2026-09-21T14:03:02.000Z,1789999382,8546940970311,2189029689,-8,1789999307,0.000256118498607151
2026-09-21T14:04:01.000Z,1789999441,8534036232689,1493567311,-8,1789999419,0.00017501300325852847
2026-09-21T14:05:02.000Z,1789999502,8524442298049,1842664206,-8,1789999490,0.00021616243521546658
2026-09-21T14:06:01.000Z,1789999561,8510492367077,1645040889,-8,1789999551,0.00019329561887204924
2026-09-21T14:07:02.000Z,1789999622,8515247719224,2092280775,-8,1789999605,0.00024570991285156305
2026-09-21T14:08:01.000Z,1789999681,8510492885605,2587114395,-8,1789999677,0.00030399113538722913
2026-09-21T14:09:01.000Z,1789999741,8516144056241,1240943759,-8,1789999737,0.00014571662372134047
2026-09-21T14:10:01.000Z,1789999801,8522055519757,1798995765,-8,1789999799,0.00021109880836018034
2026-09-21T14:11:01.000Z,1789999861,8526274144817,2125985539,-8,1789999829,0.0002493452008333976
2026-09-21T14:12:02.000Z,1789999922,8541165597530,1235902470,-8,1789999881,0.00014469950920485697
2026-09-21T14:13:01.000Z,1789999981,8524567212739,1140787261,-8,1789999963,0.00013382348130181
2026-09-21T14:14:01.000Z,1790000041,8526144259092,1237991588,-8,1790000025,0.00014519946535971947
2026-09-21T14:15:01.000Z,1790000101,8531487354912,1441195947,-8,1790000056,0.000168926693206693
2026-09-21T14:16:01.000Z,1790000161,8535521200927,2284458884,-8,1790000137,0.0002676414046926503
2026-09-21T14:17:02.000Z,1790000222,8540501756863,984293137,-8,1790000219,0.00011525003624161063
2026-09-21T14:18:01.000Z,1790000281,8540674999062,926350938,-8,1790000260,0.0001084634338739899
2026-09-21T14:19:01.000Z,1790000341,8538926814423,1201485577,-8,1790000311,0.00014070685966889715
2026-09-21T14:20:01.000Z,1790000401,8536222170287,1289829713,-8,1790000381,0.00015110076650648305
2026-09-21T14:21:01.000Z,1790000461,8541476993322,2473006678,-8,1790000432,0.00028952916222024316
2026-09-21T14:22:01.000Z,1790000521,8540607417906,1296082094,-8,1790000503,0.00015175525938385486
2026-09-21T14:23:01.000Z,1790000581,8554022875738,1218195933,-8,1790000555,0.0001424120499437991
2026-09-21T14:24:01.000Z,1790000641,8571997713580,1070456380,-8,1790000636,0.00012487828575877394
2026-09-21T14:25:02.000Z,1790000702,8571997713580,1070456380,-8,1790000636,0.00012487828575877394
2026-09-21T14:26:01.000Z,1790000761,8566820113655,2289886345,-8,1790000727,0.0002672971201239603
2026-09-21T14:27:01.000Z,1790000821,8564201289416,1651086975,-8,1790000809,0.0001927893704507486
2026-09-21T14:28:01.000Z,1790000881,8569177658846,2202341154,-8,1790000830,0.00025700729307747674
2026-09-21T14:29:01.000Z,1790000941,8576284015355,1431115545,-8,1790000910,0.0001668689542507836
2026-09-21T14:30:01.000Z,1790001001,8570028385900,1364556627,-8,1790000981,0.00015922428322933706
2026-09-21T14:31:02.000Z,1790001062,8561509573947,2048180647,-8,1790001054,0.00023923125113738022
2026-09-21T14:32:01.000Z,1790001121,8567942154617,2057345633,-8,1790001105,0.00024012132620332408
2026-09-21T14:33:01.000Z,1790001181,8575599874186,1794099492,-8,1790001176,0.00020920979503725933
2026-09-21T14:34:01.000Z,1790001241,8592202805983,1447714776,-8,1790001237,0.00016849169051176425
2026-09-21T14:35:02.000Z,1790001302,8592202805983,1447714776,-8,1790001237,0.00016849169051176425
2026-09-21T14:36:01.000Z,1790001361,8593664597021,1943903229,-8,1790001359,0.00022620189641493052
2026-09-21T14:37:02.000Z,1790001422,8596151586335,2303913665,-8,1790001410,0.0002680168726505999
2026-09-21T14:38:01.000Z,1790001481,8596756515812,1137985501,-8,1790001473,0.0001323738201619303
2026-09-21T14:39:01.000Z,1790001541,8589304877629,1267627549,-8,1790001524,0.00014758208808044045
2026-09-21T14:40:01.000Z,1790001601,8582708775597,1252825358,-8,1790001555,0.00014597085730814108
2026-09-21T14:41:01.000Z,1790001661,8565196735695,1517721557,-8,1790001647,0.00017719634514347772
2026-09-21T14:42:01.000Z,1790001721,8577227283749,1609256647,-8,1790001698,0.00018761968101848104
2026-09-21T14:43:01.000Z,1790001781,8580993448854,1143448854,-8,1790001760,0.00013325366821631925
2026-09-21T14:44:02.000Z,1790001842,8580993448854,1143448854,-8,1790001760,0.00013325366821631925
2026-09-21T14:45:01.000Z,1790001901,8580993448854,1143448854,-8,1790001760,0.00013325366821631925
2026-09-21T14:46:01.000Z,1790001961,8573816107219,2428892781,-8,1790001931,0.00028329191466503644
2026-09-21T14:47:01.000Z,1790002021,8574099709091,842283835,-8,1790001993,0.00009823583391582653
2026-09-21T14:48:01.000Z,1790002081,8583792209879,1605334715,-8,1790002044,0.00018701928888171786
2026-09-21T14:49:01.000Z,1790002141,8593333625041,1658001691,-8,1790002104,0.00019294045400129446
2026-09-21T14:50:01.000Z,1790002201,8593333625041,1658001691,-8,1790002104,0.00019294045400129446
2026-09-21T14:51:01.000Z,1790002261,8601112108139,1490263757,-8,1790002236,0.00017326407774522596
2026-09-21T14:52:02.000Z,1790002322,8601318126535,1911873465,-8,1790002317,0.00022227679954097792
2026-09-21T14:53:01.000Z,1790002381,8604826016988,1319655173,-8,1790002358,0.0001533622144590353
2026-09-21T14:54:01.000Z,1790002441,8599948666811,1867260886,-8,1790002420,0.00021712465484894698
2026-09-21T14:55:02.000Z,1790002502,8606028268069,1417311895,-8,1790002491,0.00016468826860105272
2026-09-21T14:56:01.000Z,1790002561,8600576157668,1181388811,-8,1790002543,0.0001373615894263911
2026-09-21T14:57:01.000Z,1790002621,8592701681281,1838818968,-8,1790002616,0.00021399776650059016
2026-09-21T14:58:01.000Z,1790002681,8586001783589,2321783589,-8,1790002678,0.00027041499029708806
2026-09-21T14:59:01.000Z,1790002741,8575131623412,1440955938,-8,1790002729,0.00016803892946271198
2026-09-21T15:00:01.000Z,1790002801,8580181176156,1406247626,-8,1790002790,0.00016389486388794554
2026-09-21T15:01:02.000Z,1790002862,8592272780526,1234780526,-8,1790002842,0.00014370825479360647
2026-09-21T15:02:01.000Z,1790002921,8595326257982,1793742018,-8,1790002904,0.0002086880665331641
2026-09-21T15:03:01.000Z,1790002981,8597391929042,1858070958,-8,1790002966,0.00021612030408005875
2026-09-21T15:04:02.000Z,1790003042,8596847187942,1408603366,-8,1790002996,0.0001638511578960851
2026-09-21T15:05:01.000Z,1790003101,8598010142885,1089857115,-8,1790003087,0.00012675690036279794
2026-09-21T15:06:02.000Z,1790003162,8602147685368,1551931082,-8,1790003129,0.00018041204810279984
2026-09-21T15:07:01.000Z,1790003221,8596853997833,1188110360,-8,1790003179,0.00013820292403470918
2026-09-21T15:08:02.000Z,1790003282,8613639342124,4156301915,-8,1790003270,0.0004825256491381163
2026-09-21T15:09:01.000Z,1790003341,8631777050375,1706183123,-8,1790003323,0.00019766302037723234
2026-09-21T15:10:02.000Z,1790003402,8629308236308,2140072723,-8,1790003396,0.0002480004960299828
2026-09-21T15:11:01.000Z,1790003461,8616337232052,1051686135,-8,1790003457,0.00012205721603929592
2026-09-21T15:12:02.000Z,1790003522,8615574667685,812702359,-8,1790003499,0.00009432944293875787
2026-09-21T15:13:02.000Z,1790003582,8624280159234,1288080874,-8,1790003539,0.0001493551751818793
2026-09-21T15:14:01.000Z,1790003641,8626752061406,1459949072,-8,1790003621,0.00016923507962300884
2026-09-21T15:15:02.000Z,1790003702,8627758342041,1086657959,-8,1790003682,0.00012594904909482408
2026-09-21T15:16:01.000Z,1790003761,8622489094560,1696218404,-8,1790003743,0.0001967202724640334
2026-09-21T15:17:01.000Z,1790003821,8612831345023,1189129826,-8,1790003794,0.0001380649148188823
2026-09-21T15:18:01.000Z,1790003881,8617769342796,991157204,-8,1790003874,0.00011501319710170185
2026-09-21T15:19:01.000Z,1790003941,8612087801635,941801635,-8,1790003926,0.00010935810882248547
2026-09-21T15:20:02.000Z,1790004002,8612848085696,852079144,-8,1790003999,0.00009893117067919862
2026-09-21T15:21:01.000Z,1790004061,8606252134250,957865750,-8,1790004030,0.0001112988249772529
2026-09-21T15:22:01.000Z,1790004121,8602605493818,2082093818,-8,1790004113,0.0002420306056689724
2026-09-21T15:23:02.000Z,1790004182,8599611475476,1080475476,-8,1790004165,0.0001256423594346388
2026-09-21T15:24:01.000Z,1790004241,8599881992312,1151192312,-8,1790004236,0.00013386140798549636
2026-09-21T15:25:01.000Z,1790004301,8589529500000,1045500000,-8,1790004298,0.00012171795905701238
2026-09-21T15:26:01.000Z,1790004361,8589042246433,1137246433,-8,1790004329,0.00013240666425552798
2026-09-21T15:27:01.000Z,1790004421,8589042246433,1137246433,-8,1790004329,0.00013240666425552798
2026-09-21T15:28:02.000Z,1790004482,8589042246433,1137246433,-8,1790004329,0.00013240666425552798
2026-09-21T15:29:01.000Z,1790004541,8584428960545,1223168299,-8,1790004499,0.00014248685668223466
2026-09-21T15:30:02.000Z,1790004602,8582939611262,917388738,-8,1790004550,0.00010688514419887791
2026-09-21T15:31:01.000Z,1790004661,8583279592601,1235407400,-8,1790004653,0.000143931860388767
2026-09-21T15:32:02.000Z,1790004722,8580150190587,1253229812,-8,1790004694,0.00014606152388508037
2026-09-21T15:33:01.000Z,1790004781,8586344427091,951427091,-8,1790004765,0.0001108070028029772
2026-09-21T15:34:02.000Z,1790004842,8588138453073,1038546927,-8,1790004815,0.00012092806056571992
2026-09-21T15:35:01.000Z,1790004901,8586476208702,1336291298,-8,1790004898,0.000155627438488181
2026-09-21T15:36:01.000Z,1790004961,8585395704490,900173469,-8,1790004908,0.00010484938609518328
2026-09-21T15:37:01.000Z,1790005021,8591779427676,1820427676,-8,1790005000,0.00021188016886653356
2026-09-21T15:38:01.000Z,1790005081,8580300466448,1182033552,-8,1790005071,0.00013776132393290513
2026-09-21T15:39:02.000Z,1790005142,8593150824533,1181675467,-8,1790005123,0.00013751364210044792
2026-09-21T15:40:01.000Z,1790005201,8596806265213,1250265213,-8,1790005194,0.00014543368483935733
2026-09-21T15:41:01.000Z,1790005261,8591179436408,821686408,-8,1790005256,0.0000956430271398859
2026-09-21T15:42:01.000Z,1790005321,8591179436408,821686408,-8,1790005256,0.0000956430271398859
2026-09-21T15:43:02.000Z,1790005382,8592608090359,1646571219,-8,1790005356,0.00019162647727963655
2026-09-21T15:44:01.000Z,1790005441,8594611484185,1592986248,-8,1790005417,0.0001853470922951275
2026-09-21T15:45:01.000Z,1790005501,8604820289184,1442589184,-8,1790005457,0.0001676489613401097
2026-09-21T15:46:02.000Z,1790005562,8605043395182,1174211225,-8,1790005559,0.0001364561654224133
2026-09-21T15:47:02.000Z,1790005622,8605043395182,1174211225,-8,1790005559,0.0001364561654224133
2026-09-21T15:48:01.000Z,1790005681,8614816347766,1454347766,-8,1790005660,0.00016881935810240953
2026-09-21T15:49:01.000Z,1790005741,8614020563198,1303727023,-8,1790005701,0.00015134942080008044
2026-09-21T15:50:02.000Z,1790005802,8607656500000,1291648400,-8,1790005761,0.0001500580791066651
2026-09-21T15:51:01.000Z,1790005861,8607656500000,1291648400,-8,1790005761,0.0001500580791066651
2026-09-21T15:52:02.000Z,1790005922,8608251500125,1198668225,-8,1790005903,0.00013924642245670844
2026-09-21T15:53:01.000Z,1790005981,8608701814136,972375374,-8,1790005974,0.00011295261410998134
2026-09-21T15:54:01.000Z,1790006041,8604938462600,1366462600,-8,1790006015,0.00015879981082248443
2026-09-21T15:55:01.000Z,1790006101,8600134128493,1353525637,-8,1790006056,0.00015738424735907904
2026-09-21T15:56:01.000Z,1790006161,8599882779167,796085105,-8,1790006147,0.00009256929721513137
2026-09-21T15:57:02.000Z,1790006222,8599882779167,796085105,-8,1790006147,0.00009256929721513137
2026-09-21T15:58:01.000Z,1790006281,8594272911312,1057909269,-8,1790006248,0.00012309467943559868
2026-09-21T15:59:02.000Z,1790006342,8594272911312,1057909269,-8,1790006248,0.00012309467943559868
2026-09-21T16:00:01.000Z,1790006401,8592770500125,940533053,-8,1790006399,0.0001094563217982277
2026-09-21T16:01:02.000Z,1790006462,8588136744976,1070523068,-8,1790006449,0.0001246513766360612
2026-09-21T16:02:02.000Z,1790006522,8595973290465,965709535,-8,1790006510,0.00011234440852337268
2026-09-21T16:03:01.000Z,1790006581,8590443499995,886552435,-8,1790006531,0.00010320217285644402
2026-09-21T16:04:02.000Z,1790006642,8584949000125,1245350125,-8,1790006632,0.00014506202948693896
2026-09-21T16:05:01.000Z,1790006701,8583281018608,1593534379,-8,1790006694,0.00018565562231334616
2026-09-21T16:06:02.000Z,1790006762,8573592500003,1286608406,-8,1790006715,0.00015006642851284917
2026-09-21T16:07:01.000Z,1790006821,8573390500376,1026941833,-8,1790006817,0.00011978246330374918
2026-09-21T16:08:01.000Z,1790006881,8579244799000,1124201000,-8,1790006858,0.00013103729131625167
2026-09-21T16:09:02.000Z,1790006942,8574695500125,979678462,-8,1790006920,0.00011425227426276752
2026-09-21T16:10:01.000Z,1790007001,8573659895799,1056447409,-8,1790006991,0.0001232201209098168
2026-09-21T16:11:01.000Z,1790007061,8575166002843,972752843,-8,1790007002,0.00011343836873566001
2026-09-21T16:12:01.000Z,1790007121,8576955501726,1021151726,-8,1790007103,0.00011905759867758514
2026-09-21T16:13:02.000Z,1790007182,8576955501726,1021151726,-8,1790007103,0.00011905759867758514
2026-09-21T16:14:01.000Z,1790007241,8571308513233,905758637,-8,1790007224,0.00010567332112729637
2026-09-21T16:15:01.000Z,1790007301,8571308513233,905758637,-8,1790007224,0.00010567332112729637
2026-09-21T16:16:01.000Z,1790007361,8589776426609,621426609,-8,1790007357,0.00007234491075634684
2026-09-21T16:17:01.000Z,1790007421,8589776426609,621426609,-8,1790007357,0.00007234491075634684
2026-09-21T16:18:02.000Z,1790007482,8578356710164,1047660164,-8,1790007479,0.00012212830491866675
2026-09-21T16:19:01.000Z,1790007541,8578356710164,1047660164,-8,1790007479,0.00012212830491866675
2026-09-21T16:20:02.000Z,1790007602,8578356710164,1047660164,-8,1790007479,0.00012212830491866675
2026-09-21T16:21:01.000Z,1790007661,8578356710164,1047660164,-8,1790007479,0.00012212830491866675
2026-09-21T16:22:02.000Z,1790007722,8581072700868,1147123622,-8,1790007690,0.00013368067862703985
2026-09-21T16:23:01.000Z,1790007781,8583425782383,1313632383,-8,1790007731,0.00015304290108690132
2026-09-21T16:24:02.000Z,1790007842,8578569853278,1019884976,-8,1790007822,0.0001188875294417853
2026-09-21T16:25:01.000Z,1790007901,8581006479069,1148066269,-8,1790007873,0.0001337915630060869
2026-09-21T16:26:02.000Z,1790007962,8581006479069,1148066269,-8,1790007873,0.0001337915630060869
2026-09-21T16:27:01.000Z,1790008021,8577172731182,807268818,-8,1790007974,0.00009411828854340354
2026-09-21T16:28:02.000Z,1790008082,8588326604058,1033627938,-8,1790008065,0.00012035265839932181
2026-09-21T16:29:01.000Z,1790008141,8595028168878,1210263996,-8,1790008086,0.00014080977656155704
2026-09-21T16:30:01.000Z,1790008201,8587420909059,824349691,-8,1790008147,0.00009599502571608911
2026-09-21T16:31:02.000Z,1790008262,8587420909059,824349691,-8,1790008147,0.00009599502571608911
2026-09-21T16:32:01.000Z,1790008321,8592411315392,726325022,-8,1790008288,0.0000845309884896803
2026-09-21T16:33:02.000Z,1790008382,8587347355996,1265644004,-8,1790008369,0.00014738474543204324
2026-09-21T16:34:01.000Z,1790008441,8587347355996,1265644004,-8,1790008369,0.00014738474543204324
2026-09-21T16:35:02.000Z,1790008502,8578890500002,1185830877,-8,1790008460,0.0001382266013302913
2026-09-21T16:36:01.000Z,1790008561,8578890500002,1185830877,-8,1790008460,0.0001382266013302913
2026-09-21T16:37:01.000Z,1790008621,8577882945028,717039637,-8,1790008570,0.0000835916789253481
2026-09-21T16:38:02.000Z,1790008682,8575270438181,859784389,-8,1790008632,0.00010026323894950872
2026-09-21T16:39:01.000Z,1790008741,8571204315997,939709237,-8,1790008703,0.00010963561272785892
2026-09-21T16:40:02.000Z,1790008802,8565747121053,962121053,-8,1790008774,0.00011232190717319764
2026-09-21T16:41:01.000Z,1790008861,8565747121053,962121053,-8,1790008774,0.00011232190717319764
2026-09-21T16:42:01.000Z,1790008921,8570103786701,1648666889,-8,1790008864,0.0001923742033974413
2026-09-21T16:43:01.000Z,1790008981,8579325279976,999592186,-8,1790008965,0.00011651174811299337
2026-09-21T16:44:01.000Z,1790009041,8579325279976,999592186,-8,1790008965,0.00011651174811299337
2026-09-21T16:45:01.000Z,1790009101,8579325279976,999592186,-8,1790008965,0.00011651174811299337
2026-09-21T16:46:02.000Z,1790009162,8587994095618,909904381,-8,1790009126,0.00010595074599134578
2026-09-21T16:47:01.000Z,1790009221,8587994095618,909904381,-8,1790009126,0.00010595074599134578
2026-09-21T16:48:02.000Z,1790009282,8599320904357,860759907,-8,1790009277,0.00010009626534159001
2026-09-21T16:49:01.000Z,1790009341,8599320904357,860759907,-8,1790009277,0.00010009626534159001
2026-09-21T16:50:02.000Z,1790009402,8599320904357,860759907,-8,1790009277,0.00010009626534159001
2026-09-21T16:51:02.000Z,1790009462,8602535203750,1200796250,-8,1790009408,0.00013958632212008283
2026-09-21T16:52:01.000Z,1790009521,8592665655907,1210422686,-8,1790009509,0.0001408669596224658
2026-09-21T16:53:02.000Z,1790009582,8592834086564,1479954936,-8,1790009520,0.00017223129424948395
2026-09-21T16:54:01.000Z,1790009641,8592834086564,1479954936,-8,1790009520,0.00017223129424948395
2026-09-21T16:55:01.000Z,1790009701,8592834086564,1479954936,-8,1790009520,0.00017223129424948395
2026-09-21T16:56:02.000Z,1790009762,8609223833281,1598833281,-8,1790009752,0.00018571166367162276
2026-09-21T16:57:01.000Z,1790009821,8607740156402,939850555,-8,1790009782,0.00010918667825968084
2026-09-21T16:58:01.000Z,1790009881,8602759971220,982104232,-8,1790009864,0.00011416152900761718
2026-09-21T16:59:02.000Z,1790009942,8599311500125,1483836685,-8,1790009905,0.00017255296368534048
2026-09-21T17:00:01.000Z,1790010001,8599311500125,1483836685,-8,1790009905,0.00017255296368534048
2026-09-21T17:01:02.000Z,1790010062,8601393236369,1002998090,-8,1790010056,0.00011660879376599768
2026-09-21T17:02:02.000Z,1790010122,8601393236369,1002998090,-8,1790010056,0.00011660879376599768
2026-09-21T17:03:01.000Z,1790010181,8598119219105,759623085,-8,1790010147,0.00008834758691320764
2026-09-21T17:04:01.000Z,1790010241,8595185586871,980609154,-8,1790010198,0.00011408818856661616
2026-09-21T17:05:01.000Z,1790010301,8589448589600,1193410400,-8,1790010258,0.000138939116702435
2026-09-21T17:06:01.000Z,1790010361,8595691063370,1061936630,-8,1790010339,0.00012354290331877753
2026-09-21T17:07:02.000Z,1790010422,8603545666300,1735850596,-8,1790010400,0.00020175990961485902
2026-09-21T17:08:01.000Z,1790010481,8603545666300,1735850596,-8,1790010400,0.00020175990961485902
2026-09-21T17:09:01.000Z,1790010541,8610982029209,1006441445,-8,1790010531,0.00011687882306409263
2026-09-21T17:10:02.000Z,1790010602,8604832663317,928663317,-8,1790010592,0.00010792346037813801
2026-09-21T17:11:01.000Z,1790010661,8604832663317,928663317,-8,1790010592,0.00010792346037813801
2026-09-21T17:12:02.000Z,1790010722,8603472009000,829637155,-8,1790010683,0.00009643050551360259
2026-09-21T17:13:02.000Z,1790010782,8605560322658,806377038,-8,1790010773,0.00009370418749803549
2026-09-21T17:14:01.000Z,1790010841,8599746541300,787580305,-8,1790010814,0.00009158180432617072
2026-09-21T17:15:01.000Z,1790010901,8598786323288,1189676712,-8,1790010875,0.00013835402663489978
2026-09-21T17:16:01.000Z,1790010961,8596036749996,1557649996,-8,1790010936,0.00018120559989471017
2026-09-21T17:17:01.000Z,1790011021,8590157322945,1177546347,-8,1790011017,0.0001370808825415431
2026-09-21T17:18:02.000Z,1790011082,8576749337200,640662799,-8,1790011068,0.00007469762421774978
2026-09-21T17:19:01.000Z,1790011141,8579281438707,1533970908,-8,1790011090,0.00017879946228121265
2026-09-21T17:20:02.000Z,1790011202,8578736485887,891564582,-8,1790011181,0.00010392726055482942
2026-09-21T17:21:01.000Z,1790011261,8579770846350,1734154400,-8,1790011232,0.00020212129566814045
2026-09-21T17:22:01.000Z,1790011321,8582799114863,1077579412,-8,1790011314,0.0001255510466432722
2026-09-21T17:23:01.000Z,1790011381,8579941500125,806999875,-8,1790011325,0.00009405657078060997
2026-09-21T17:24:01.000Z,1790011441,8579941500125,806999875,-8,1790011325,0.00009405657078060997
2026-09-21T17:25:01.000Z,1790011501,8589025520220,1345152832,-8,1790011445,0.00015661297417655655
2026-09-21T17:26:01.000Z,1790011561,8589025520220,1345152832,-8,1790011445,0.00015661297417655655
2026-09-21T17:27:01.000Z,1790011621,8589025520220,1345152832,-8,1790011445,0.00015661297417655655
2026-09-21T17:28:02.000Z,1790011682,8586325581409,1244651588,-8,1790011636,0.00014495741818769408
2026-09-21T17:29:01.000Z,1790011741,8586325581409,1244651588,-8,1790011636,0.00014495741818769408
2026-09-21T17:30:01.000Z,1790011801,8592883338337,874622190,-8,1790011747,0.00010178448322437805
2026-09-21T17:31:02.000Z,1790011862,8586806604387,851408476,-8,1790011849,0.00009915309791244342
2026-09-21T17:32:01.000Z,1790011921,8586806604387,851408476,-8,1790011849,0.00009915309791244342
2026-09-21T17:33:02.000Z,1790011982,8591848637996,1048752603,-8,1790011979,0.00012206367304494503
2026-09-21T17:34:01.000Z,1790012041,8591848637996,1048752603,-8,1790011979,0.00012206367304494503
2026-09-21T17:35:01.000Z,1790012101,8592033669854,1164330146,-8,1790012070,0.00013551275410909614
2026-09-21T17:36:01.000Z,1790012161,8583600710635,1096491430,-8,1790012141,0.00012774259509082912
2026-09-21T17:37:01.000Z,1790012221,8587172957389,1046999905,-8,1790012211,0.00012192602969514997
2026-09-21T17:38:02.000Z,1790012282,8596223767291,834134887,-8,1790012252,0.00009703503649752802
2026-09-21T17:39:01.000Z,1790012341,8592153677637,846934512,-8,1790012303,0.00009857068946570827
2026-09-21T17:40:02.000Z,1790012402,8592153677637,846934512,-8,1790012303,0.00009857068946570827
2026-09-21T17:41:01.000Z,1790012461,8592153677637,846934512,-8,1790012303,0.00009857068946570827
2026-09-21T17:42:02.000Z,1790012522,8592153677637,846934512,-8,1790012303,0.00009857068946570827
2026-09-21T17:43:02.000Z,1790012582,8592582630354,1083481273,-8,1790012554,0.00012609494951756575
2026-09-21T17:44:01.000Z,1790012641,8588707882883,1430611871,-8,1790012584,0.00016656892870360167
2026-09-21T17:45:02.000Z,1790012702,8589496511560,967553383,-8,1790012696,0.00011264378321800793
2026-09-21T17:46:01.000Z,1790012761,8589496511560,967553383,-8,1790012696,0.00011264378321800793
2026-09-21T17:47:02.000Z,1790012822,8583249914624,1102426409,-8,1790012766,0.00012843927649382596
2026-09-21T17:48:01.000Z,1790012881,8583249914624,1102426409,-8,1790012766,0.00012843927649382596
2026-09-21T17:49:02.000Z,1790012942,8579632500126,1116499874,-8,1790012897,0.00013013376435221476
2026-09-21T17:50:01.000Z,1790013001,8581571075648,1160709188,-8,1790012978,0.0001352560245400466
2026-09-21T17:51:01.000Z,1790013061,8584510788687,1239211313,-8,1790013039,0.0001443543311324252
2026-09-21T17:52:02.000Z,1790013122,8577851633277,923283614,-8,1790013101,0.00010763576399692023
2026-09-21T17:53:01.000Z,1790013181,8577851633277,923283614,-8,1790013101,0.00010763576399692023
2026-09-21T17:54:01.000Z,1790013241,8576949250000,1125627389,-8,1790013211,0.00013123866729186954
2026-09-21T17:55:01.000Z,1790013301,8576949250000,1125627389,-8,1790013211,0.00013123866729186954
2026-09-21T17:56:01.000Z,1790013361,8571386361511,1596893145,-8,1790013353,0.00018630511770776053
2026-09-21T17:57:01.000Z,1790013421,8571097449561,782449563,-8,1790013373,0.00009128930893675419
2026-09-21T17:58:02.000Z,1790013482,8584545474165,1380817205,-8,1790013475,0.000160849192208899
2026-09-21T17:59:01.000Z,1790013541,8585799992735,1340056035,-8,1790013486,0.00015607817980082322
2026-09-21T18:00:01.000Z,1790013601,8585799992735,1340056035,-8,1790013486,0.00015607817980082322
2026-09-21T18:01:02.000Z,1790013662,8585799992735,1340056035,-8,1790013486,0.00015607817980082322
2026-09-21T18:02:01.000Z,1790013721,8583151245587,1296295587,-8,1790013666,0.0001510279325051491
2026-09-21T18:03:02.000Z,1790013782,8589857389495,913380334,-8,1790013727,0.0001063324212014302
2026-09-21T18:04:01.000Z,1790013841,8589999500128,1053197471,-8,1790013838,0.00012260739607543704
2026-09-21T18:05:01.000Z,1790013901,8593088589728,779210811,-8,1790013859,0.00009067878247309733
2026-09-21T18:06:01.000Z,1790013961,8597060500000,789346811,-8,1790013940,0.00009181589579368436
2026-09-21T18:07:01.000Z,1790014021,8596068301751,1276558055,-8,1790014001,0.00014850487573952477
2026-09-21T18:08:01.000Z,1790014081,8599999235994,742451740,-8,1790014052,0.00008633160534393773
2026-09-21T18:09:01.000Z,1790014141,8591557499999,755697970,-8,1790014113,0.00008795820431861021
2026-09-21T18:10:01.000Z,1790014201,8593571500126,1130499874,-8,1790014154,0.0001315518086960031
2026-09-21T18:11:01.000Z,1790014261,8593571500126,1130499874,-8,1790014154,0.0001315518086960031
2026-09-21T18:12:01.000Z,1790014321,8600099500375,832711669,-8,1790014314,0.00009682581799939528
2026-09-21T18:13:01.000Z,1790014381,8600099500375,832711669,-8,1790014314,0.00009682581799939528
2026-09-21T18:14:01.000Z,1790014441,8600099500375,832711669,-8,1790014314,0.00009682581799939528
2026-09-21T18:15:02.000Z,1790014502,8601089480458,895520292,-8,1790014445,0.00010411707656741114
2026-09-21T18:16:01.000Z,1790014561,8605537894703,794518541,-8,1790014526,0.00009232642406804728
2026-09-21T18:17:01.000Z,1790014621,8605537894703,794518541,-8,1790014526,0.00009232642406804728
2026-09-21T18:18:01.000Z,1790014681,8605537894703,794518541,-8,1790014526,0.00009232642406804728
2026-09-21T18:19:01.000Z,1790014741,8605537894703,794518541,-8,1790014526,0.00009232642406804728
2026-09-21T18:20:01.000Z,1790014801,8605537894703,794518541,-8,1790014526,0.00009232642406804728
2026-09-21T18:21:01.000Z,1790014861,8605537894703,794518541,-8,1790014526,0.00009232642406804728
2026-09-21T18:22:01.000Z,1790014921,8604242687874,862379030,-8,1790014907,0.00010022718573656167
2026-09-21T18:23:02.000Z,1790014982,8604242687874,862379030,-8,1790014907,0.00010022718573656167
2026-09-21T18:24:01.000Z,1790015041,8604242687874,862379030,-8,1790014907,0.00010022718573656167
2026-09-21T18:25:02.000Z,1790015102,8592972769301,988946950,-8,1790015088,0.00011508787197989065
2026-09-21T18:26:01.000Z,1790015161,8592972769301,988946950,-8,1790015088,0.00011508787197989065
2026-09-21T18:27:01.000Z,1790015221,8592972769301,988946950,-8,1790015088,0.00011508787197989065
2026-09-21T18:28:02.000Z,1790015282,8596670789444,830786001,-8,1790015279,0.00009664043457615434
2026-09-21T18:29:01.000Z,1790015341,8592826408893,1292442003,-8,1790015310,0.00015040941612208167
2026-09-21T18:30:02.000Z,1790015402,8592826408893,1292442003,-8,1790015310,0.00015040941612208167
2026-09-21T18:31:02.000Z,1790015462,8592443250121,889962705,-8,1790015400,0.0001035750460135384
2026-09-21T18:32:01.000Z,1790015521,8592988903541,974068556,-8,1790015492,0.00011335619851651451
2026-09-21T18:33:02.000Z,1790015582,8592988903541,974068556,-8,1790015492,0.00011335619851651451
2026-09-21T18:34:01.000Z,1790015641,8592699745233,1047745624,-8,1790015593,0.00012193439257333078
2026-09-21T18:35:02.000Z,1790015702,8588893027959,526972041,-8,1790015694,0.00006135505929397117
2026-09-21T18:36:01.000Z,1790015761,8590186500004,613499996,-8,1790015755,0.00007141870505369288
2026-09-21T18:37:01.000Z,1790015821,8590186500004,613499996,-8,1790015755,0.00007141870505369288
2026-09-21T18:38:01.000Z,1790015881,8585376691548,1063094590,-8,1790015845,0.00012382620218010692
2026-09-21T18:39:01.000Z,1790015941,8584866500126,830070641,-8,1790015896,0.00009668998824708771
2026-09-21T18:40:02.000Z,1790016002,8589469500126,854943536,-8,1790015946,0.00009953391603375025
2026-09-21T18:41:01.000Z,1790016061,8589469500126,854943536,-8,1790015946,0.00009953391603375025
2026-09-21T18:42:01.000Z,1790016121,8589469500126,854943536,-8,1790015946,0.00009953391603375025
2026-09-21T18:43:01.000Z,1790016181,8589469500126,854943536,-8,1790015946,0.00009953391603375025
2026-09-21T18:44:01.000Z,1790016241,8596747693031,697307719,-8,1790016187,0.00008111296782215398
2026-09-21T18:45:02.000Z,1790016302,8596747693031,697307719,-8,1790016187,0.00008111296782215398
2026-09-21T18:46:01.000Z,1790016361,8596747693031,697307719,-8,1790016187,0.00008111296782215398
2026-09-21T18:47:01.000Z,1790016421,8596747693031,697307719,-8,1790016187,0.00008111296782215398
2026-09-21T18:48:01.000Z,1790016481,8596747693031,697307719,-8,1790016187,0.00008111296782215398
2026-09-21T18:49:02.000Z,1790016542,8596747693031,697307719,-8,1790016187,0.00008111296782215398
2026-09-21T18:50:01.000Z,1790016601,8596747693031,697307719,-8,1790016187,0.00008111296782215398
2026-09-21T18:51:01.000Z,1790016661,8596747693031,697307719,-8,1790016187,0.00008111296782215398
2026-09-21T18:52:01.000Z,1790016721,8598856087617,934141331,-8,1790016678,0.00010863553494577422
2026-09-21T18:53:01.000Z,1790016781,8599687815224,1637184771,-8,1790016769,0.0001903772330085863
2026-09-21T18:54:01.000Z,1790016841,8604635804040,1371210926,-8,1790016839,0.00015935722989649333
2026-09-21T18:55:01.000Z,1790016901,8604635804040,1371210926,-8,1790016839,0.00015935722989649333
2026-09-21T18:56:01.000Z,1790016961,8604635804040,1371210926,-8,1790016839,0.00015935722989649333
2026-09-21T18:57:01.000Z,1790017021,8605427472647,824915302,-8,1790016960,0.00009585988663806133
2026-09-21T18:58:01.000Z,1790017081,8605427472647,824915302,-8,1790016960,0.00009585988663806133
2026-09-21T18:59:01.000Z,1790017141,8604657700689,993831347,-8,1790017100,0.00011549923094795752
2026-09-21T19:00:01.000Z,1790017201,8604657700689,993831347,-8,1790017100,0.00011549923094795752
2026-09-21T19:01:01.000Z,1790017261,8606844231441,1163768559,-8,1790017241,0.00013521431638657136
2026-09-21T19:02:01.000Z,1790017321,8606844231441,1163768559,-8,1790017241,0.00013521431638657136
2026-09-21T19:03:01.000Z,1790017381,8604143326965,714885524,-8,1790017362,0.00008308619427102995
2026-09-21T19:04:01.000Z,1790017441,8603545500125,734981019,-8,1790017412,0.00008542769012953108
2026-09-21T19:05:01.000Z,1790017501,8601199500000,1023134292,-8,1790017484,0.00011895251261175839
2026-09-21T19:06:02.000Z,1790017562,8600685973512,790989083,-8,1790017544,0.00009196813898752403
2026-09-21T19:07:01.000Z,1790017621,8603610905330,797039251,-8,1790017616,0.00009264008563035183
2026-09-21T19:08:01.000Z,1790017681,8603610905330,797039251,-8,1790017616,0.00009264008563035183
2026-09-21T19:09:02.000Z,1790017742,8603610905330,797039251,-8,1790017616,0.00009264008563035183
2026-09-21T19:10:01.000Z,1790017801,8603610905330,797039251,-8,1790017616,0.00009264008563035183
2026-09-21T19:11:02.000Z,1790017862,8603610905330,797039251,-8,1790017616,0.00009264008563035183
2026-09-21T19:12:01.000Z,1790017921,8603610905330,797039251,-8,1790017616,0.00009264008563035183
2026-09-21T19:13:01.000Z,1790017981,8603585111924,1084411924,-8,1790017936,0.0001260418662560886
2026-09-21T19:14:01.000Z,1790018041,8603809771476,806271476,-8,1790018019,0.00009371098355440308
2026-09-21T19:15:01.000Z,1790018101,8603809771476,806271476,-8,1790018019,0.00009371098355440308
2026-09-21T19:16:01.000Z,1790018161,8605034285125,1167635125,-8,1790018140,0.00013569209445433818
2026-09-21T19:17:01.000Z,1790018221,8605034285125,1167635125,-8,1790018140,0.00013569209445433818
2026-09-21T19:18:01.000Z,1790018281,8611863865973,863865973,-8,1790018221,0.00010031115057604284
2026-09-21T19:19:02.000Z,1790018342,8624723389023,916610976,-8,1790018312,0.00010627714474490906
2026-09-21T19:20:01.000Z,1790018401,8627445127811,1211818323,-8,1790018393,0.00014046085544996897
2026-09-21T19:21:01.000Z,1790018461,8631262499995,1248449995,-8,1790018455,0.00014464280225525794
2026-09-21T19:22:02.000Z,1790018522,8640286198662,913801338,-8,1790018516,0.00010576054044847584
2026-09-21T19:23:01.000Z,1790018581,8627101669640,786335317,-8,1790018558,0.0000911471021336431
2026-09-21T19:24:01.000Z,1790018641,8622577610910,949389090,-8,1790018630,0.00011010502112486111
2026-09-21T19:25:01.000Z,1790018701,8622577610910,949389090,-8,1790018630,0.00011010502112486111
2026-09-21T19:26:01.000Z,1790018761,8627386145665,894036191,-8,1790018710,0.00010362770089399859
2026-09-21T19:27:01.000Z,1790018821,8627210321488,940313670,-8,1790018802,0.0001089939429966067
2026-09-21T19:28:01.000Z,1790018881,8630011936624,888662327,-8,1790018862,0.00010297347599586733
2026-09-21T19:29:01.000Z,1790018941,8630011936624,888662327,-8,1790018862,0.00010297347599586733
2026-09-21T19:30:01.000Z,1790019001,8632736432980,1316607793,-8,1790018973,0.0001525133777941035
2026-09-21T19:31:01.000Z,1790019061,8633465241135,1017372676,-8,1790019014,0.00011784059442929441
2026-09-21T19:32:01.000Z,1790019121,8641976761221,578723861,-8,1790019114,0.00006696660694540375
2026-09-21T19:33:01.000Z,1790019181,8642567849225,1142150775,-8,1790019165,0.00013215409990705707
2026-09-21T19:34:02.000Z,1790019242,8661484403662,1756403662,-8,1790019237,0.00020278321591821004
2026-09-21T19:35:01.000Z,1790019301,8688141593768,1289585538,-8,1790019279,0.00014843053880763397
2026-09-21T19:36:01.000Z,1790019361,8674441453201,1028546799,-8,1790019330,0.00011857210686694424
2026-09-21T19:37:01.000Z,1790019421,8668256065775,1165367267,-8,1790019392,0.00013444079849016417
2026-09-21T19:38:01.000Z,1790019481,8662969463219,901551958,-8,1790019452,0.00010406962206524965
2026-09-21T19:39:01.000Z,1790019541,8658294470993,881069868,-8,1790019493,0.00010176021050701826
2026-09-21T19:40:01.000Z,1790019601,8658206500128,1346900128,-8,1790019595,0.00015556341004110817
2026-09-21T19:41:02.000Z,1790019662,8661130444162,519210210,-8,1790019656,0.00005994716432772024
2026-09-21T19:42:01.000Z,1790019721,8654110409338,1132986831,-8,1790019718,0.00013091892492814503
2026-09-21T19:43:01.000Z,1790019781,8654421085012,1065010536,-8,1790019739,0.0001230597085048726
2026-09-21T19:44:01.000Z,1790019841,8648659614014,1126462768,-8,1790019820,0.0001302470924135709
2026-09-21T19:45:01.000Z,1790019901,8656910759031,892667386,-8,1790019871,0.00010311615896799652
2026-09-21T19:46:01.000Z,1790019961,8656910759031,892667386,-8,1790019871,0.00010311615896799652
2026-09-21T19:47:02.000Z,1790020022,8656910759031,892667386,-8,1790019871,0.00010311615896799652
2026-09-21T19:48:01.000Z,1790020081,8652657228914,736776730,-8,1790020062,0.00008515034289558623
2026-09-21T19:49:01.000Z,1790020141,8650225500124,1154689435,-8,1790020103,0.00013348662817905125
2026-09-21T19:50:01.000Z,1790020201,8653691424714,1085124714,-8,1790020194,0.00012539443120204195
2026-09-21T19:51:01.000Z,1790020261,8655010500125,1044209658,-8,1790020245,0.00012064799435944289
2026-09-21T19:52:01.000Z,1790020321,8654126810202,923150367,-8,1790020306,0.00010667169400750349
2026-09-21T19:53:02.000Z,1790020382,8652066392255,1291866475,-8,1790020327,0.0001493130561453423
2026-09-21T19:54:01.000Z,1790020441,8651081500125,1143960158,-8,1790020438,0.00013223319627534094
2026-09-21T19:55:01.000Z,1790020501,8648303857419,1126142581,-8,1790020490,0.00013021542715961948
2026-09-21T19:56:01.000Z,1790020561,8661816273242,956995770,-8,1790020553,0.0001104844226442833
2026-09-21T19:57:01.000Z,1790020621,8661382480531,653019469,-8,1790020584,0.0000753943692554685
2026-09-21T19:58:01.000Z,1790020681,8664809413032,853252623,-8,1790020635,0.00009847332841697541
2026-09-21T19:59:01.000Z,1790020741,8659120730835,996530835,-8,1790020716,0.00011508452947784508
2026-09-21T20:00:01.000Z,1790020801,8650112894794,778426254,-8,1790020797,0.00008999029994955205
2026-09-21T20:01:01.000Z,1790020861,8655972768941,1070768941,-8,1790020808,0.00012370290082728638
2026-09-21T20:02:02.000Z,1790020922,8661382142289,540667608,-8,1790020889,0.00006242278646963316
2026-09-21T20:03:01.000Z,1790020981,8667185668957,766579932,-8,1790020940,0.00008844623402330429
2026-09-21T20:04:01.000Z,1790021041,8667185668957,766579932,-8,1790020940,0.00008844623402330429
2026-09-21T20:05:01.000Z,1790021101,8665554071648,819928352,-8,1790021071,0.00009461926441410659
2026-09-21T20:06:02.000Z,1790021162,8668237937443,752062556,-8,1790021122,0.00008676071900973303
2026-09-21T20:07:01.000Z,1790021221,8662105558460,900941540,-8,1790021183,0.00010400953139160021
2026-09-21T20:08:01.000Z,1790021281,8671712150855,941469151,-8,1790021253,0.00010856785080293221
2026-09-21T20:09:02.000Z,1790021342,8671712150855,941469151,-8,1790021253,0.00010856785080293221
2026-09-21T20:10:01.000Z,1790021401,8671712150855,941469151,-8,1790021253,0.00010856785080293221
2026-09-21T20:11:01.000Z,1790021461,8671712150855,941469151,-8,1790021253,0.00010856785080293221
2026-09-21T20:12:01.000Z,1790021521,8675999499995,1201286956,-8,1790021494,0.00013846092960248467
2026-09-21T20:13:01.000Z,1790021581,8675999499995,1201286956,-8,1790021494,0.00013846092960248467
2026-09-21T20:14:01.000Z,1790021641,8677886957480,746007972,-8,1790021605,0.0000859665464248725
2026-09-21T20:15:01.000Z,1790021701,8677938522830,623425610,-8,1790021667,0.00007184028883817121
2026-09-21T20:16:01.000Z,1790021761,8671255137481,835550987,-8,1790021738,0.00009635871321423575
2026-09-21T20:17:01.000Z,1790021821,8673268000375,875499625,-8,1790021788,0.00010094230052180408
2026-09-21T20:18:01.000Z,1790021881,8675681011559,1234011559,-8,1790021859,0.00014223800498841196
2026-09-21T20:19:01.000Z,1790021941,8696730672588,2190672588,-8,1790021931,0.00025189610561414486
2026-09-21T20:20:02.000Z,1790022002,8695323395167,913104833,-8,1790021982,0.00010501102621525478
2026-09-21T20:21:01.000Z,1790022061,8694965220514,1034779486,-8,1790022034,0.00011900904256162503
2026-09-21T20:22:01.000Z,1790022121,8698250264903,1245604363,-8,1790022105,0.00014320171586990898
2026-09-21T20:23:01.000Z,1790022181,8694697149995,1309933732,-8,1790022167,0.00015065892571091487
2026-09-21T20:24:01.000Z,1790022241,8700373939185,875939185,-8,1790022219,0.00010067833763499742
2026-09-21T20:25:01.000Z,1790022301,8700044742306,778890923,-8,1790022269,0.00008952723187875815
2026-09-21T20:26:01.000Z,1790022361,8690808444564,857387657,-8,1790022340,0.00009865453397908983
2026-09-21T20:27:00.000Z,1790022420,8734361607849,2771607849,-8,1790022412,0.00031732231540646736
2026-09-21T20:28:00.000Z,1790022480,8733163059461,1048621204,-8,1790022454,0.00012007347130247212
2026-09-21T20:29:01.000Z,1790022541,8733808688976,1074942886,-8,1790022537,0.00012307836412272412
2026-09-21T20:30:01.000Z,1790022601,8731231605793,1478032579,-8,1790022557,0.00016928111012647453
2026-09-21T20:31:01.000Z,1790022661,8713495481736,649261519,-8,1790022618,0.0000745121771579374
2026-09-21T20:32:00.000Z,1790022720,8704872356423,837063823,-8,1790022669,0.00009616037877710658
2026-09-21T20:33:01.000Z,1790022781,8710964346773,802512997,-8,1790022751,0.00009212676863926014
2026-09-21T20:34:01.000Z,1790022841,8706312851680,926802173,-8,1790022832,0.00010645174240679407
2026-09-21T20:35:01.000Z,1790022901,8700591780576,1293719424,-8,1790022883,0.0001486932678404954
2026-09-21T20:36:01.000Z,1790022961,8700591780576,1293719424,-8,1790022883,0.0001486932678404954
2026-09-21T20:37:01.000Z,1790023021,8703111802774,748727415,-8,1790023014,0.00008602985138733403
2026-09-21T20:38:01.000Z,1790023081,8703111802774,748727415,-8,1790023014,0.00008602985138733403
2026-09-21T20:39:00.000Z,1790023140,8703148680088,1012956817,-8,1790023095,0.00011638969460760237
2026-09-21T20:40:01.000Z,1790023201,8700367966073,937837532,-8,1790023155,0.00010779285837760981
2026-09-21T20:41:01.000Z,1790023261,8690684692637,763642637,-8,1790023256,0.00008786909938718409
2026-09-21T20:42:01.000Z,1790023321,8692798016427,950394835,-8,1790023307,0.00010933129162831288
2026-09-21T20:43:01.000Z,1790023381,8695076750000,851338349,-8,1790023368,0.00009791038923261949
2026-09-21T20:44:01.000Z,1790023441,8695076750000,851338349,-8,1790023368,0.00009791038923261949
2026-09-21T20:45:01.000Z,1790023501,8690543921282,818277870,-8,1790023469,0.0000941572676476722
2026-09-21T20:46:02.000Z,1790023562,8690543921282,818277870,-8,1790023469,0.0000941572676476722
2026-09-21T20:47:01.000Z,1790023621,8693575622023,1305069346,-8,1790023570,0.0001501188236856114
2026-09-21T20:48:01.000Z,1790023681,8693575622023,1305069346,-8,1790023570,0.0001501188236856114
2026-09-21T20:49:01.000Z,1790023741,8690477817601,614686293,-8,1790023731,0.0000707310122528664
2026-09-21T20:50:01.000Z,1790023801,8688082942347,1131942347,-8,1790023752,0.00013028677954750475
2026-09-21T20:51:00.000Z,1790023860,8690689366845,984366845,-8,1790023843,0.0001132668311394677
2026-09-21T20:52:01.000Z,1790023921,8699512194466,956194466,-8,1790023873,0.00010991357269528994
2026-09-21T20:53:02.000Z,1790023982,8700342138044,657861956,-8,1790023935,0.00007561334319524815
2026-09-21T20:54:01.000Z,1790024041,8700743076291,716424209,-8,1790023985,0.00008234057743323243
2026-09-21T20:55:01.000Z,1790024101,8696172180809,932419442,-8,1790024066,0.00010722182387990132
2026-09-21T20:56:01.000Z,1790024161,8693847560638,717560638,-8,1790024107,0.00008253660223452798
2026-09-21T20:57:01.000Z,1790024221,8693847560638,717560638,-8,1790024107,0.00008253660223452798
2026-09-21T20:58:01.000Z,1790024281,8703744569301,965430699,-8,1790024277,0.00011092130419419397
2026-09-21T20:59:02.000Z,1790024342,8694303100159,631899841,-8,1790024328,0.00007267975750562962
2026-09-21T21:00:01.000Z,1790024401,8694303100159,631899841,-8,1790024328,0.00007267975750562962
2026-09-21T21:01:01.000Z,1790024461,8691726500000,779074364,-8,1790024448,0.00008963401736122277
2026-09-21T21:02:02.000Z,1790024522,8681177880602,911619398,-8,1790024489,0.00010501102621534848
2026-09-21T21:03:01.000Z,1790024581,8681177880602,911619398,-8,1790024489,0.00010501102621534848
2026-09-21T21:04:02.000Z,1790024642,8676690332519,975167481,-8,1790024630,0.00011238933782679914
2026-09-21T21:05:01.000Z,1790024701,8682182383031,685852495,-8,1790024661,0.000078995402854065
2026-09-21T21:06:01.000Z,1790024761,8674074936693,1173688091,-8,1790024701,0.00013530988601851644
2026-09-21T21:07:02.000Z,1790024822,8667973781806,1023104239,-8,1790024812,0.00011803268731009394
2026-09-21T21:08:01.000Z,1790024881,8667973781806,1023104239,-8,1790024812,0.00011803268731009394
2026-09-21T21:09:01.000Z,1790024941,8665983180313,734130313,-8,1790024923,0.00008471402467844214
2026-09-21T21:10:00.000Z,1790025000,8665983180313,734130313,-8,1790024923,0.00008471402467844214
2026-09-21T21:11:01.000Z,1790025061,8662588698512,787360370,-8,1790025054,0.00009089204132885212
2026-09-21T21:12:01.000Z,1790025121,8665811188958,714899466,-8,1790025075,0.00008249654307157383
2026-09-21T21:13:02.000Z,1790025182,8664751445234,568735302,-8,1790025176,0.00006563780918526287
2026-09-21T21:14:01.000Z,1790025241,8660283417490,924991804,-8,1790025217,0.0001068084910629968
2026-09-21T21:15:02.000Z,1790025302,8660283417490,924991804,-8,1790025217,0.0001068084910629968
2026-09-21T21:16:01.000Z,1790025361,8662991985151,1106747742,-8,1790025349,0.00012775583122979294
2026-09-21T21:17:02.000Z,1790025422,8662645191932,1099191932,-8,1790025400,0.00012688871674251858
2026-09-21T21:18:01.000Z,1790025481,8662645191932,1099191932,-8,1790025400,0.00012688871674251858
2026-09-21T21:19:01.000Z,1790025541,8663830606774,1296842403,-8,1790025511,0.00014968464434034944
2026-09-21T21:20:01.000Z,1790025601,8663830606774,1296842403,-8,1790025511,0.00014968464434034944
2026-09-21T21:21:01.000Z,1790025661,8656739211752,884288246,-8,1790025611,0.00010215026979206327
2026-09-21T21:22:01.000Z,1790025721,8665155343306,1146863267,-8,1790025712,0.0001323534572159718
2026-09-21T21:23:01.000Z,1790025781,8665155343306,1146863267,-8,1790025712,0.0001323534572159718
2026-09-21T21:24:02.000Z,1790025842,8660252184036,877315956,-8,1790025793,0.00010130374235720444
2026-09-21T21:25:01.000Z,1790025901,8663486446935,1438999650,-8,1790025864,0.00016609937105737548
2026-09-21T21:26:01.000Z,1790025961,8663486446935,1438999650,-8,1790025864,0.00016609937105737548
2026-09-21T21:27:01.000Z,1790026021,8663486446935,1438999650,-8,1790025864,0.00016609937105737548
2026-09-21T21:28:01.000Z,1790026081,8659954017606,688482643,-8,1790026074,0.00007950188206545783
2026-09-21T21:29:01.000Z,1790026141,8659954017606,688482643,-8,1790026074,0.00007950188206545783
2026-09-21T21:30:01.000Z,1790026201,8661564402148,1099974692,-8,1790026195,0.000126994921578741
2026-09-21T21:31:01.000Z,1790026261,8661564402148,1099974692,-8,1790026195,0.000126994921578741
2026-09-21T21:32:01.000Z,1790026321,8661564402148,1099974692,-8,1790026195,0.000126994921578741
2026-09-21T21:33:02.000Z,1790026382,8669016737688,983262312,-8,1790026326,0.00011342258779191526
2026-09-21T21:34:01.000Z,1790026441,8675987275078,967724922,-8,1790026397,0.0001115406110356818
2026-09-21T21:35:01.000Z,1790026501,8675987275078,967724922,-8,1790026397,0.0001115406110356818
2026-09-21T21:36:01.000Z,1790026561,8681467708431,999880339,-8,1790026508,0.0001151741125557568
2026-09-21T21:37:02.000Z,1790026622,8681467708431,999880339,-8,1790026508,0.0001151741125557568
2026-09-21T21:38:01.000Z,1790026681,8681467708431,999880339,-8,1790026508,0.0001151741125557568
2026-09-21T21:39:01.000Z,1790026741,8681467708431,999880339,-8,1790026508,0.0001151741125557568
2026-09-21T21:40:01.000Z,1790026801,8681467708431,999880339,-8,1790026508,0.0001151741125557568
2026-09-21T21:41:01.000Z,1790026861,8681467708431,999880339,-8,1790026508,0.0001151741125557568
2026-09-21T21:42:01.000Z,1790026921,8681467708431,999880339,-8,1790026508,0.0001151741125557568
2026-09-21T21:43:01.000Z,1790026981,8681467708431,999880339,-8,1790026508,0.0001151741125557568
2026-09-21T21:44:01.000Z,1790027041,8681467708431,999880339,-8,1790026508,0.0001151741125557568
2026-09-21T21:45:01.000Z,1790027101,8681467708431,999880339,-8,1790026508,0.0001151741125557568
2026-09-21T21:46:01.000Z,1790027161,8681467708431,999880339,-8,1790026508,0.0001151741125557568
2026-09-21T21:47:01.000Z,1790027221,8670331176387,972576059,-8,1790027209,0.00011217288465851666
2026-09-21T21:48:01.000Z,1790027281,8670331176387,972576059,-8,1790027209,0.00011217288465851666
2026-09-21T21:49:02.000Z,1790027342,8670567450590,1437700590,-8,1790027320,0.00016581389836280782
2026-09-21T21:50:01.000Z,1790027401,8670567450590,1437700590,-8,1790027320,0.00016581389836280782
2026-09-21T21:51:01.000Z,1790027461,8670567450590,1437700590,-8,1790027320,0.00016581389836280782
2026-09-21T21:52:01.000Z,1790027521,8670567450590,1437700590,-8,1790027320,0.00016581389836280782
2026-09-21T21:53:02.000Z,1790027582,8661381737279,751291593,-8,1790027531,0.00008674038574773874
2026-09-21T21:54:01.000Z,1790027641,8661381737279,751291593,-8,1790027531,0.00008674038574773874
2026-09-21T21:55:01.000Z,1790027701,8658506000000,624000000,-8,1790027682,0.0000720678602059062
2026-09-21T21:56:01.000Z,1790027761,8658506000000,624000000,-8,1790027682,0.0000720678602059062
2026-09-21T21:57:01.000Z,1790027821,8660274567624,982932376,-8,1790027793,0.00011349898531793011
2026-09-21T21:58:01.000Z,1790027881,8660274567624,982932376,-8,1790027793,0.00011349898531793011
2026-09-21T21:59:01.000Z,1790027941,8660274567624,982932376,-8,1790027793,0.00011349898531793011
2026-09-21T22:00:01.000Z,1790028001,8657747232900,1199530137,-8,1790027994,0.00013854991428274873
2026-09-21T22:01:01.000Z,1790028061,8660712596671,826389012,-8,1790028034,0.00009541813133455635
2026-09-21T22:02:01.000Z,1790028121,8660712596671,826389012,-8,1790028034,0.00009541813133455635
2026-09-21T22:03:01.000Z,1790028181,8664933229641,1168572553,-8,1790028175,0.00013486226864421153
2026-09-21T22:04:01.000Z,1790028241,8664933229641,1168572553,-8,1790028175,0.00013486226864421153
2026-09-21T22:05:01.000Z,1790028301,8666544880141,1062654243,-8,1790028267,0.00012261567414657075
2026-09-21T22:06:00.000Z,1790028360,8661107249960,1028241790,-8,1790028337,0.00011871943855732172
2026-09-21T22:07:01.000Z,1790028421,8657230985935,1249028859,-8,1790028398,0.00014427579222839717
2026-09-21T22:08:01.000Z,1790028481,8659742406954,1088750916,-8,1790028438,0.00012572555450676045
2026-09-21T22:09:01.000Z,1790028541,8659742406954,1088750916,-8,1790028438,0.00012572555450676045
2026-09-21T22:10:01.000Z,1790028601,8655675491393,1166798268,-8,1790028599,0.00013480152636963306
2026-09-21T22:11:02.000Z,1790028662,8655675491393,1166798268,-8,1790028599,0.00013480152636963306
2026-09-21T22:12:01.000Z,1790028721,8655675491393,1166798268,-8,1790028599,0.00013480152636963306
2026-09-21T22:13:01.000Z,1790028781,8655675491393,1166798268,-8,1790028599,0.00013480152636963306
2026-09-21T22:14:01.000Z,1790028841,8655675491393,1166798268,-8,1790028599,0.00013480152636963306
2026-09-21T22:15:02.000Z,1790028902,8663625594473,1130786064,-8,1790028850,0.00013052111401505972
2026-09-21T22:16:01.000Z,1790028961,8663625594473,1130786064,-8,1790028850,0.00013052111401505972
2026-09-21T22:17:02.000Z,1790029022,8663625594473,1130786064,-8,1790028850,0.00013052111401505972
2026-09-21T22:18:01.000Z,1790029081,8671486675725,1530879680,-8,1790029051,0.00017654177850328154
2026-09-21T22:19:01.000Z,1790029141,8671486675725,1530879680,-8,1790029051,0.00017654177850328154
2026-09-21T22:20:01.000Z,1790029201,8671486675725,1530879680,-8,1790029051,0.00017654177850328154
2026-09-21T22:21:01.000Z,1790029261,8665023016607,1261477270,-8,1790029212,0.0001455826796515495
2026-09-21T22:22:01.000Z,1790029321,8665023016607,1261477270,-8,1790029212,0.0001455826796515495
2026-09-21T22:23:02.000Z,1790029382,8660641430724,1430016502,-8,1790029342,0.00016511669642931464
2026-09-21T22:24:01.000Z,1790029441,8655866062257,1647701211,-8,1790029393,0.0001903565973813561
2026-09-21T22:25:02.000Z,1790029502,8652773556752,1286876111,-8,1790029483,0.0001487241174820546
2026-09-21T22:26:01.000Z,1790029561,8654330948836,1354051157,-8,1790029555,0.00015645936872591158
2026-09-21T22:27:02.000Z,1790029622,8648313750153,1562658146,-8,1790029616,0.00018068934489944406
2026-09-21T22:28:01.000Z,1790029681,8645385120777,1549478364,-8,1790029658,0.00017922606597087502
2026-09-21T22:29:02.000Z,1790029742,8635683615827,1141384176,-8,1790029739,0.00013217068002678266
2026-09-21T22:30:01.000Z,1790029801,8637953519658,1256480342,-8,1790029789,0.0001454604194315863
2026-09-21T22:31:01.000Z,1790029861,8637953519658,1256480342,-8,1790029789,0.0001454604194315863
2026-09-21T22:32:01.000Z,1790029921,8638544224756,1406275242,-8,1790029890,0.00016279076721861904
2026-09-21T22:33:01.000Z,1790029981,8642266616725,1343383275,-8,1790029942,0.000155443396342368
2026-09-21T22:34:01.000Z,1790030041,8639914250362,1318692284,-8,1790029982,0.00015262793654980414
2026-09-21T22:35:01.000Z,1790030101,8653435706059,1537829442,-8,1790030083,0.00017771316437045184
2026-09-21T22:36:01.000Z,1790030161,8650817261872,1462738128,-8,1790030124,0.00016908669825300063
2026-09-21T22:37:01.000Z,1790030221,8650958842663,1231392992,-8,1790030195,0.0001423417929036111
2026-09-21T22:38:01.000Z,1790030281,8657246822720,1553677288,-8,1790030276,0.00017946551828954945
2026-09-21T22:39:01.000Z,1790030341,8657246822720,1553677288,-8,1790030276,0.00017946551828954945
2026-09-21T22:40:01.000Z,1790030401,8648825076368,1024076369,-8,1790030366,0.0001184064147392899
2026-09-21T22:41:01.000Z,1790030461,8648825076368,1024076369,-8,1790030366,0.0001184064147392899
2026-09-21T22:42:01.000Z,1790030521,8648825076368,1024076369,-8,1790030366,0.0001184064147392899
2026-09-21T22:43:01.000Z,1790030581,8648825076368,1024076369,-8,1790030366,0.0001184064147392899
2026-09-21T22:44:02.000Z,1790030642,8648825076368,1024076369,-8,1790030366,0.0001184064147392899
2026-09-21T22:45:01.000Z,1790030701,8640601186058,1448985899,-8,1790030657,0.0001676950327643873
2026-09-21T22:46:02.000Z,1790030762,8640601186058,1448985899,-8,1790030657,0.0001676950327643873
2026-09-21T22:47:01.000Z,1790030821,8637143115142,1451631993,-8,1790030777,0.00016806853535344414
2026-09-21T22:48:00.000Z,1790030880,8637143115142,1451631993,-8,1790030777,0.00016806853535344414
2026-09-21T22:49:01.000Z,1790030941,8634937684500,1696632612,-8,1790030888,0.00019648463880005896
2026-09-21T22:50:02.000Z,1790031002,8634937684500,1696632612,-8,1790030888,0.00019648463880005896
2026-09-21T22:51:01.000Z,1790031061,8634937684500,1696632612,-8,1790030888,0.00019648463880005896
2026-09-21T22:52:01.000Z,1790031121,8634937684500,1696632612,-8,1790030888,0.00019648463880005896
2026-09-21T22:53:01.000Z,1790031181,8633747508525,803490633,-8,1790031148,0.00009306394844262354
2026-09-21T22:54:01.000Z,1790031241,8633747508525,803490633,-8,1790031148,0.00009306394844262354
2026-09-21T22:55:02.000Z,1790031302,8636473249485,1073249485,-8,1790031259,0.00012426941576690448
2026-09-21T22:56:01.000Z,1790031361,8638723364367,1478136133,-8,1790031360,0.00017110585333673432
2026-09-21T22:57:01.000Z,1790031421,8638723364367,1478136133,-8,1790031360,0.00017110585333673432
2026-09-21T22:58:01.000Z,1790031481,8638723364367,1478136133,-8,1790031360,0.00017110585333673432
2026-09-21T22:59:01.000Z,1790031541,8640193406462,1207093538,-8,1790031520,0.00013970677289436772
2026-09-21T23:00:01.000Z,1790031601,8643093113258,1326886742,-8,1790031581,0.00015351989439574973
2026-09-21T23:01:01.000Z,1790031661,8643093113258,1326886742,-8,1790031581,0.00015351989439574973
2026-09-21T23:02:01.000Z,1790031721,8645875704902,1305698049,-8,1790031671,0.00015101975711490984
2026-09-21T23:03:01.000Z,1790031781,8645415019435,990480815,-8,1790031732,0.00011456717957129726
2026-09-21T23:04:01.000Z,1790031841,8652616910873,1573089126,-8,1790031803,0.00018180501254172411
2026-09-21T23:05:01.000Z,1790031901,8654758474177,1382265772,-8,1790031873,0.000159711651818388
2026-09-21T23:06:01.000Z,1790031961,8653826102147,865970533,-8,1790031955,0.00010006793790149702
2026-09-21T23:07:01.000Z,1790032021,8653826102147,865970533,-8,1790031955,0.00010006793790149702
2026-09-21T23:08:01.000Z,1790032081,8655333107793,1170011322,-8,1790032026,0.00013517808123947965
2026-09-21T23:09:01.000Z,1790032141,8656529067809,1154067366,-8,1790032087,0.0001333175637671715
2026-09-21T23:10:01.000Z,1790032201,8656858500000,1376500000,-8,1790032147,0.0001590068729897803
2026-09-21T23:11:01.000Z,1790032261,8660840495200,588566344,-8,1790032258,0.00006795718548635025
2026-09-21T23:12:01.000Z,1790032321,8660840495200,588566344,-8,1790032258,0.00006795718548635025
2026-09-21T23:13:01.000Z,1790032381,8659330764620,1364735380,-8,1790032349,0.00015760286990953038
2026-09-21T23:14:02.000Z,1790032442,8666702676561,842801994,-8,1790032389,0.00009724597986721622
2026-09-21T23:15:01.000Z,1790032501,8667996840900,1228159096,-8,1790032450,0.00014168891827520325
2026-09-21T23:16:01.000Z,1790032561,8667996840900,1228159096,-8,1790032450,0.00014168891827520325
2026-09-21T23:17:01.000Z,1790032621,8658587150000,1413350000,-8,1790032591,0.00016323101858482767
2026-09-21T23:18:01.000Z,1790032681,8659278007638,1188683863,-8,1790032641,0.00013727286061857697
2026-09-21T23:19:01.000Z,1790032741,8659278007638,1188683863,-8,1790032641,0.00013727286061857697
2026-09-21T23:20:01.000Z,1790032801,8656414362592,1506479978,-8,1790032762,0.00017403048362727786
2026-09-21T23:21:01.000Z,1790032861,8654769650212,1233488710,-8,1790032822,0.00014252126397954284
2026-09-21T23:22:01.000Z,1790032921,8654769650212,1233488710,-8,1790032822,0.00014252126397954284
2026-09-21T23:23:02.000Z,1790032982,8655978184919,543690653,-8,1790032923,0.0000628110008349204
2026-09-21T23:24:01.000Z,1790033041,8655978184919,543690653,-8,1790032923,0.0000628110008349204
2026-09-21T23:25:02.000Z,1790033102,8653187516377,1187516377,-8,1790033064,0.00013723455949065123
2026-09-21T23:26:01.000Z,1790033161,8651515200588,1369726351,-8,1790033144,0.00015832213424382663
2026-09-21T23:27:02.000Z,1790033222,8651515200588,1369726351,-8,1790033144,0.00015832213424382663
2026-09-21T23:28:01.000Z,1790033281,8649200102158,1319215014,-8,1790033255,0.00015252451075456702
2026-09-21T23:29:01.000Z,1790033341,8649200102158,1319215014,-8,1790033255,0.00015252451075456702
2026-09-21T23:30:02.000Z,1790033402,8649200102158,1319215014,-8,1790033255,0.00015252451075456702
2026-09-21T23:31:01.000Z,1790033461,8649200102158,1319215014,-8,1790033255,0.00015252451075456702
2026-09-21T23:32:01.000Z,1790033521,8649200102158,1319215014,-8,1790033255,0.00015252451075456702
2026-09-21T23:33:01.000Z,1790033581,8641542431195,1178068810,-8,1790033525,0.00013632621946601842
2026-09-21T23:34:01.000Z,1790033641,8640759139119,1523139119,-8,1790033616,0.00017627376188561334
2026-09-21T23:35:01.000Z,1790033701,8640759139119,1523139119,-8,1790033616,0.00017627376188561334
2026-09-21T23:36:01.000Z,1790033761,8636109851208,1139045817,-8,1790033748,0.00013189339142561656
2026-09-21T23:37:01.000Z,1790033821,8636411860051,1576434826,-8,1790033768,0.00018253353957006525
2026-09-21T23:38:02.000Z,1790033882,8643017822705,726478707,-8,1790033829,0.00008405382493734514
2026-09-21T23:39:01.000Z,1790033941,8643017822705,726478707,-8,1790033829,0.00008405382493734514
2026-09-21T23:40:01.000Z,1790034001,8643017822705,726478707,-8,1790033829,0.00008405382493734514
2026-09-21T23:41:01.000Z,1790034061,8643017822705,726478707,-8,1790033829,0.00008405382493734514
2026-09-21T23:42:01.000Z,1790034121,8643017822705,726478707,-8,1790033829,0.00008405382493734514
2026-09-21T23:43:01.000Z,1790034181,8649316038280,1549997949,-8,1790034160,0.00017920468417849974
2026-09-21T23:44:02.000Z,1790034242,8649316038280,1549997949,-8,1790034160,0.00017920468417849974
2026-09-21T23:45:01.000Z,1790034301,8646370405950,1753615254,-8,1790034261,0.0002028151896885252
2026-09-21T23:46:01.000Z,1790034361,8646370405950,1753615254,-8,1790034261,0.0002028151896885252
2026-09-21T23:47:02.000Z,1790034422,8646370405950,1753615254,-8,1790034261,0.0002028151896885252
2026-09-21T23:48:01.000Z,1790034481,8646370405950,1753615254,-8,1790034261,0.0002028151896885252
2026-09-21T23:49:01.000Z,1790034541,8644331522136,1128477864,-8,1790034491,0.00013054541708751527
2026-09-21T23:50:01.000Z,1790034601,8648403452890,936623793,-8,1790034552,0.00010830019645845874
2026-09-21T23:51:01.000Z,1790034661,8649379808379,1630061110,-8,1790034653,0.0001884598833804124
2026-09-21T23:52:01.000Z,1790034721,8649379808379,1630061110,-8,1790034653,0.0001884598833804124
2026-09-21T23:53:02.000Z,1790034782,8649379808379,1630061110,-8,1790034653,0.0001884598833804124
2026-09-21T23:54:01.000Z,1790034841,8653827034743,1022034743,-8,1790034783,0.00011810205344950626
2026-09-21T23:55:02.000Z,1790034902,8654542483669,1058016331,-8,1790034894,0.00012224982811008924
2026-09-21T23:56:01.000Z,1790034961,8658893079747,1332958381,-8,1790034955,0.00015394096782621862
2026-09-21T23:57:01.000Z,1790035021,8658893079747,1332958381,-8,1790034955,0.00015394096782621862
2026-09-21T23:58:01.000Z,1790035081,8657544718061,1284781939,-8,1790035065,0.00014840026599224405
2026-09-21T23:59:02.000Z,1790035142,8662605390498,1237135501,-8,1790035117,0.000142813327541967
2026-09-22T00:00:01.000Z,1790035201,8661105559007,1342881404,-8,1790035168,0.00015504734295767686
2026-09-22T00:01:02.000Z,1790035262,8659646305435,1574883614,-8,1790035229,0.00018186465803015137
2026-09-22T00:02:01.000Z,1790035321,8654327500000,727500000,-8,1790035280,0.00008406199095192549
2026-09-22T00:03:02.000Z,1790035382,8650959349551,1309498671,-8,1790035331,0.0001513703414948962
2026-09-22T00:04:01.000Z,1790035441,8642974361574,1215638425,-8,1790035432,0.00014065047218057652
2026-09-22T00:05:02.000Z,1790035502,8640192459394,389391936,-8,1790035494,0.0000450675072146843
2026-09-22T00:06:01.000Z,1790035561,8646017525186,805881301,-8,1790035536,0.00009320838162222707
2026-09-22T00:07:02.000Z,1790035622,8637221229293,605229293,-8,1790035608,0.00007007222310659062
2026-09-22T00:08:01.000Z,1790035681,8630128772131,1525108396,-8,1790035670,0.0001767190775791184
2026-09-22T00:09:01.000Z,1790035741,8633230550103,941393885,-8,1790035711,0.00010904306094185896
2026-09-22T00:10:01.000Z,1790035801,8630697607990,645392010,-8,1790035794,0.00007477866092800175
2026-09-22T00:11:01.000Z,1790035861,8634953075000,1046925000,-8,1790035855,0.0001212426970832149
2026-09-22T00:12:01.000Z,1790035921,8637830707680,1324475034,-8,1790035916,0.0001533342199937298
2026-09-22T00:13:02.000Z,1790035982,8641072630615,1527369385,-8,1790035968,0.00017675692015231846
2026-09-22T00:14:01.000Z,1790036041,8641569340048,1192939776,-8,1790035989,0.0001380466590103614
2026-09-22T00:15:02.000Z,1790036102,8642792441677,727058323,-8,1790036060,0.00008412308034773604
2026-09-22T00:16:01.000Z,1790036161,8641002750000,591137124,-8,1790036130,0.00006841070893074303
2026-09-22T00:17:01.000Z,1790036221,8647366895388,880895388,-8,1790036171,0.0001018686264450995
2026-09-22T00:18:01.000Z,1790036281,8644681153229,1015153229,-8,1790036252,0.00011743096257758626
2026-09-22T00:19:01.000Z,1790036341,8644681153229,1015153229,-8,1790036252,0.00011743096257758626
2026-09-22T00:20:01.000Z,1790036401,8638466852279,1329512699,-8,1790036343,0.00015390609488178427
2026-09-22T00:21:01.000Z,1790036461,8638466852279,1329512699,-8,1790036343,0.00015390609488178427
2026-09-22T00:22:02.000Z,1790036522,8639251005344,1668768527,-8,1790036514,0.00019316125043337048
2026-09-22T00:23:01.000Z,1790036581,8645566018232,1169177198,-8,1790036565,0.00013523431496959343
2026-09-22T00:24:02.000Z,1790036642,8643668724948,1285775052,-8,1790036605,0.00014875339313836732
2026-09-22T00:25:01.000Z,1790036701,8635981575207,1590443144,-8,1790036697,0.00018416472176897597
2026-09-22T00:26:01.000Z,1790036761,8636221933082,1598566918,-8,1790036749,0.00018510025916269163
2026-09-22T00:27:01.000Z,1790036821,8635607954138,297749606,-8,1790036780,0.00003447928710766967
2026-09-22T00:28:01.000Z,1790036881,8634536119280,1264380720,-8,1790036841,0.00014643296438088577
2026-09-22T00:29:01.000Z,1790036941,8639176331162,1529136279,-8,1790036933,0.00017700023941915835
2026-09-22T00:30:02.000Z,1790037002,8640667863869,1605673847,-8,1790036974,0.00018582751614769664
2026-09-22T00:31:01.000Z,1790037061,8640667863869,1605673847,-8,1790036974,0.00018582751614769664
2026-09-22T00:32:01.000Z,1790037121,8643897604401,668781015,-8,1790037095,0.00007737030742468459
2026-09-22T00:33:01.000Z,1790037181,8643897604401,668781015,-8,1790037095,0.00007737030742468459
2026-09-22T00:34:01.000Z,1790037241,8643897604401,668781015,-8,1790037095,0.00007737030742468459
2026-09-22T00:35:02.000Z,1790037302,8647468786074,1606113949,-8,1790037286,0.00018573226324754215
2026-09-22T00:36:01.000Z,1790037361,8647468786074,1606113949,-8,1790037286,0.00018573226324754215
2026-09-22T00:37:01.000Z,1790037421,8639000495060,547404940,-8,1790037396,0.00006336438345072675
2026-09-22T00:38:01.000Z,1790037481,8631849378351,1254677298,-8,1790037478,0.0001453544012418448
2026-09-22T00:39:01.000Z,1790037541,8630957153878,672091878,-8,1790037529,0.00007786991245785764
2026-09-22T00:40:01.000Z,1790037601,8629782828468,1527565885,-8,1790037540,0.00017701093009674042
2026-09-22T00:41:01.000Z,1790037661,8618481833821,1646666179,-8,1790037641,0.00019106220918608716
2026-09-22T00:42:01.000Z,1790037721,8625476935487,1723564512,-8,1790037693,0.00019982251704933537
2026-09-22T00:43:02.000Z,1790037782,8625354739561,1470260439,-8,1790037763,0.0001704579676307703
2026-09-22T00:44:01.000Z,1790037841,8628392607885,1142892115,-8,1790037835,0.00013245712926363313
2026-09-22T00:45:02.000Z,1790037902,8628392607885,1142892115,-8,1790037835,0.00013245712926363313
2026-09-22T00:46:01.000Z,1790037961,8637472035001,1192964998,-8,1790037935,0.00013811506343127186
2026-09-22T00:47:01.000Z,1790038021,8628101900142,1528099858,-8,1790037976,0.0001771073030529288
2026-09-22T00:48:00.000Z,1790038080,8623118524120,1846476381,-8,1790038077,0.00021413092906413868
2026-09-22T00:49:01.000Z,1790038141,8623118524120,1846476381,-8,1790038077,0.00021413092906413868
2026-09-22T00:50:01.000Z,1790038201,8623973390134,1621046444,-8,1790038148,0.00018796978732036788
2026-09-22T00:51:01.000Z,1790038261,8614634680478,1573819517,-8,1790038239,0.00018269138220875473
2026-09-22T00:52:01.000Z,1790038321,8614298834706,1306165300,-8,1790038300,0.00015162758165964863
2026-09-22T00:53:01.000Z,1790038381,8610842058250,1922441753,-8,1790038372,0.00022325827601937247
2026-09-22T00:54:01.000Z,1790038441,8609432766111,1303233889,-8,1790038393,0.00015137279358634086
2026-09-22T00:55:01.000Z,1790038501,8609648386802,1598999132,-8,1790038454,0.0001857217693641422
2026-09-22T00:56:02.000Z,1790038562,8593822774150,1097182278,-8,1790038555,0.0001276710384696664
2026-09-22T00:57:01.000Z,1790038621,8596369663959,1500336041,-8,1790038616,0.0001745313544728404
2026-09-22T00:58:01.000Z,1790038681,8591643670150,1569829851,-8,1790038657,0.00018271589363675188
2026-09-22T00:59:01.000Z,1790038741,8586867753108,1907212526,-8,1790038708,0.00022210805858861494
2026-09-22T01:00:01.000Z,1790038801,8588268434786,1318771631,-8,1790038789,0.00015355500832489534
2026-09-22T01:01:02.000Z,1790038862,8591016750375,1498249624,-8,1790038850,0.0001743972416227219
2026-09-22T01:02:01.000Z,1790038921,8590368387548,1673112452,-8,1790038881,0.00019476608877742977
2026-09-22T01:03:01.000Z,1790038981,8578581274649,1419225600,-8,1790038962,0.0001654382647389523
2026-09-22T01:04:01.000Z,1790039041,8570295252013,1060485644,-8,1790039034,0.00012373968606868148
2026-09-22T01:05:02.000Z,1790039102,8566971637426,779362574,-8,1790039095,0.0000909729373440723
2026-09-22T01:06:01.000Z,1790039161,8571805426384,1385073616,-8,1790039147,0.00016158481756209096
2026-09-22T01:07:01.000Z,1790039221,8578500336292,1328048520,-8,1790039188,0.000154811268629505
2026-09-22T01:08:02.000Z,1790039282,8580924509973,1372990277,-8,1790039238,0.0001600049359954479
2026-09-22T01:09:01.000Z,1790039341,8584508010231,1309986527,-8,1790039339,0.00015259890554458806
2026-09-22T01:10:01.000Z,1790039401,8588875408763,1385911705,-8,1790039399,0.00016136125383609491
2026-09-22T01:11:01.000Z,1790039461,8588875408763,1385911705,-8,1790039399,0.00016136125383609491
2026-09-22T01:12:01.000Z,1790039521,8583526751879,1456995835,-8,1790039500,0.0001697432625442744
2026-09-22T01:13:02.000Z,1790039582,8583526751879,1456995835,-8,1790039500,0.0001697432625442744
2026-09-22T01:14:01.000Z,1790039641,8575386450733,1048808219,-8,1790039621,0.00012230448447140838
2026-09-22T01:15:02.000Z,1790039702,8575386450733,1048808219,-8,1790039621,0.00012230448447140838
2026-09-22T01:16:01.000Z,1790039761,8584787806936,1137693065,-8,1790039753,0.0001325243081815967
2026-09-22T01:17:01.000Z,1790039821,8571635158814,902056967,-8,1790039814,0.00010523744306504194
2026-09-22T01:18:01.000Z,1790039881,8571635158814,902056967,-8,1790039814,0.00010523744306504194
2026-09-22T01:19:01.000Z,1790039941,8563111518872,1339518872,-8,1790039924,0.00015642898834703625
2026-09-22T01:20:01.000Z,1790040001,8548688084385,1890865527,-8,1790039945,0.00022118780195686956
2026-09-22T01:21:02.000Z,1790040062,8559662113635,1847886365,-8,1790040046,0.0002158830968405206
2026-09-22T01:22:01.000Z,1790040121,8555659284321,1093577499,-8,1790040076,0.00012781919693834434
2026-09-22T01:23:02.000Z,1790040182,8559584428675,1243828374,-8,1790040168,0.00014531410775424074
2026-09-22T01:24:01.000Z,1790040241,8562984055039,1389650114,-8,1790040199,0.000162285729491957
2026-09-22T01:25:02.000Z,1790040302,8562570998011,682751989,-8,1790040269,0.00007973679741266922
2026-09-22T01:26:01.000Z,1790040361,8567385757016,1570898486,-8,1790040340,0.00018335797296317147
2026-09-22T01:27:02.000Z,1790040422,8562982306341,972306341,-8,1790040411,0.00011354762934404226
2026-09-22T01:28:01.000Z,1790040481,8567261235440,738764560,-8,1790040432,0.00008623112330740763
2026-09-22T01:29:01.000Z,1790040541,8567261235440,738764560,-8,1790040432,0.00008623112330740763
2026-09-22T01:30:01.000Z,1790040601,8573986103118,1502896882,-8,1790040572,0.0001752856680574114
2026-09-22T01:31:01.000Z,1790040661,8570111670889,635570812,-8,1790040623,0.00007416132209325933
2026-09-22T01:32:01.000Z,1790040721,8570111670889,635570812,-8,1790040623,0.00007416132209325933
2026-09-22T01:33:01.000Z,1790040781,8573859714558,1902848178,-8,1790040753,0.00022193600564388239
2026-09-22T01:34:01.000Z,1790040841,8578330511119,1239488881,-8,1790040834,0.00014449068841465224
2026-09-22T01:35:01.000Z,1790040901,8580049532124,1363786183,-8,1790040875,0.0001589485209722785
2026-09-22T01:36:01.000Z,1790040961,8580049532124,1363786183,-8,1790040875,0.0001589485209722785
2026-09-22T01:37:01.000Z,1790041021,8576910685003,658314997,-8,1790040996,0.00007675432579134637
2026-09-22T01:38:02.000Z,1790041082,8576910685003,658314997,-8,1790040996,0.00007675432579134637
2026-09-22T01:39:01.000Z,1790041141,8566183704887,1259452144,-8,1790041127,0.000147026048867185
2026-09-22T01:40:02.000Z,1790041202,8565708150620,1760493679,-8,1790041188,0.00020552809505569865
2026-09-22T01:41:01.000Z,1790041261,8565708150620,1760493679,-8,1790041188,0.00020552809505569865
2026-09-22T01:42:01.000Z,1790041321,8568809727050,1423390479,-8,1790041279,0.00016611297535369982
2026-09-22T01:43:01.000Z,1790041381,8568352250279,1505970650,-8,1790041370,0.00017575965670073415
2026-09-22T01:44:01.000Z,1790041441,8568352250279,1505970650,-8,1790041370,0.00017575965670073415
2026-09-22T01:45:01.000Z,1790041501,8565882975872,1616885986,-8,1790041490,0.00018875882271032337
2026-09-22T01:46:01.000Z,1790041561,8566259511789,1400135417,-8,1790041501,0.00016344770025623377
2026-09-22T01:47:01.000Z,1790041621,8566259511789,1400135417,-8,1790041501,0.00016344770025623377
2026-09-22T01:48:01.000Z,1790041681,8565713439151,1812312720,-8,1790041652,0.00021157755660100968
2026-09-22T01:49:02.000Z,1790041742,8565713439151,1812312720,-8,1790041652,0.00021157755660100968
2026-09-22T01:50:01.000Z,1790041801,8558694426380,600223620,-8,1790041773,0.00007013027806553804
2026-09-22T01:51:01.000Z,1790041861,8554578009050,2087990950,-8,1790041814,0.00024407877837937618
2026-09-22T01:52:02.000Z,1790041922,8559447167428,888885965,-8,1790041895,0.00010384852521580531
2026-09-22T01:53:01.000Z,1790041981,8563914516243,1133516243,-8,1790041956,0.0001323595933670383
2026-09-22T01:54:01.000Z,1790042041,8563914516243,1133516243,-8,1790041956,0.0001323595933670383
2026-09-22T01:55:02.000Z,1790042102,8562762079151,1488420849,-8,1790042097,0.00017382485175245898
2026-09-22T01:56:01.000Z,1790042161,8565455620484,1230879766,-8,1790042107,0.00014370277782496384
2026-09-22T01:57:01.000Z,1790042221,8565455620484,1230879766,-8,1790042107,0.00014370277782496384
2026-09-22T01:58:01.000Z,1790042281,8557203794845,1836705405,-8,1790042278,0.0002146385021362307
2026-09-22T01:59:01.000Z,1790042341,8554333716511,1790610845,-8,1790042329,0.00020932207046632788
2026-09-22T02:00:02.000Z,1790042402,8554333716511,1790610845,-8,1790042329,0.00020932207046632788
2026-09-22T02:01:01.000Z,1790042461,8554333716511,1790610845,-8,1790042329,0.00020932207046632788
2026-09-22T02:02:01.000Z,1790042521,8551663942841,1432713613,-8,1790042500,0.0001675362388625423
2026-09-22T02:03:01.000Z,1790042581,8551663942841,1432713613,-8,1790042500,0.0001675362388625423
2026-09-22T02:04:01.000Z,1790042641,8561656171553,1870201859,-8,1790042590,0.0002184392623957432
2026-09-22T02:05:01.000Z,1790042701,8552138199778,1634612575,-8,1790042641,0.0001911349579269465
2026-09-22T02:06:01.000Z,1790042761,8551390250000,1679750000,-8,1790042701,0.00019643004831875144
2026-09-22T02:07:01.000Z,1790042821,8560911857638,1163142362,-8,1790042812,0.0001358666438041002
2026-09-22T02:08:01.000Z,1790042881,8560911857638,1163142362,-8,1790042812,0.0001358666438041002
2026-09-22T02:09:01.000Z,1790042941,8562793342196,1627273042,-8,1790042924,0.00019003997608830206
2026-09-22T02:10:01.000Z,1790043001,8553314028694,970559413,-8,1790042954,0.00011347173852661576
2026-09-22T02:11:02.000Z,1790043062,8551642140328,2238105243,-8,1790043015,0.0002617164289938537
2026-09-22T02:12:01.000Z,1790043121,8551642140328,2238105243,-8,1790043015,0.0002617164289938537
2026-09-22T02:13:02.000Z,1790043182,8542904349418,1119388535,-8,1790043136,0.00013103137869924298
2026-09-22T02:14:01.000Z,1790043241,8550632885664,935553448,-8,1790043196,0.00010941335694209839
2026-09-22T02:15:02.000Z,1790043302,8559393773786,911726214,-8,1790043298,0.00010651761539377389
2026-09-22T02:16:01.000Z,1790043361,8559867320183,1354180067,-8,1790043339,0.00015820105807096192
2026-09-22T02:17:02.000Z,1790043422,8559746918339,727331661,-8,1790043379,0.00008497116421067472
2026-09-22T02:18:01.000Z,1790043481,8557808849936,1109153636,-8,1790043470,0.00012960719916153477
2026-09-22T02:19:01.000Z,1790043541,8553300639112,2122750506,-8,1790043501,0.0002481791060042037
2026-09-22T02:20:00.000Z,1790043600,8553300639112,2122750506,-8,1790043501,0.0002481791060042037
2026-09-22T02:21:01.000Z,1790043661,8557144691531,1454691531,-8,1790043601,0.00016999730440922745
2026-09-22T02:22:01.000Z,1790043721,8557144691531,1454691531,-8,1790043601,0.00016999730440922745
2026-09-22T02:23:02.000Z,1790043782,8559909303762,1419709407,-8,1790043742,0.0001658556599864967
2026-09-22T02:24:02.000Z,1790043842,8563977858574,1267141426,-8,1790043803,0.0001479617821210707
2026-09-22T02:25:01.000Z,1790043901,8565618629257,1264145234,-8,1790043894,0.0001475836467528621
2026-09-22T02:26:01.000Z,1790043961,8565228704975,823295025,-8,1790043914,0.00009612061199507725
2026-09-22T02:27:01.000Z,1790044021,8570047762027,988637973,-8,1790043975,0.00011535968065202077
2026-09-22T02:28:02.000Z,1790044082,8570047762027,988637973,-8,1790043975,0.00011535968065202077
2026-09-22T02:29:01.000Z,1790044141,8579262131492,2138368508,-8,1790044106,0.0002492485338745701
2026-09-22T02:30:01.000Z,1790044201,8579262131492,2138368508,-8,1790044106,0.0002492485338745701
2026-09-22T02:31:01.000Z,1790044261,8574329567670,1070432330,-8,1790044227,0.00012484151927587742
2026-09-22T02:32:01.000Z,1790044321,8574329567670,1070432330,-8,1790044227,0.00012484151927587742
2026-09-22T02:33:01.000Z,1790044381,8562181058839,773491161,-8,1790044348,0.00009033809909935291
2026-09-22T02:34:01.000Z,1790044441,8566063314633,1931185367,-8,1790044388,0.00022544607669441896
2026-09-22T02:35:01.000Z,1790044501,8566063314633,1931185367,-8,1790044388,0.00022544607669441896
2026-09-22T02:36:01.000Z,1790044561,8574128198692,1776064540,-8,1790044519,0.00020714228885345358
2026-09-22T02:37:02.000Z,1790044622,8574128198692,1776064540,-8,1790044519,0.00020714228885345358
2026-09-22T02:38:01.000Z,1790044681,8577023751087,533361179,-8,1790044620,0.00006218487840055299
2026-09-22T02:39:02.000Z,1790044742,8581811656596,1521677202,-8,1790044691,0.00017731421556314806
2026-09-22T02:40:01.000Z,1790044801,8581811656596,1521677202,-8,1790044691,0.00017731421556314806
2026-09-22T02:41:01.000Z,1790044861,8576819486258,2141435272,-8,1790044851,0.00024967708314615485
2026-09-22T02:42:02.000Z,1790044922,8573578289937,829610063,-8,1790044882,0.00009676357233172197
2026-09-22T02:43:01.000Z,1790044981,8578853122374,626454500,-8,1790044972,0.00007302310589351169
2026-09-22T02:44:02.000Z,1790045042,8581884682307,1744234555,-8,1790045013,0.0002032460956502985
2026-09-22T02:45:01.000Z,1790045101,8581884682307,1744234555,-8,1790045013,0.0002032460956502985
2026-09-22T02:46:01.000Z,1790045161,8581884682307,1744234555,-8,1790045013,0.0002032460956502985
2026-09-22T02:47:01.000Z,1790045221,8578255684686,1432556454,-8,1790045215,0.000166998572513689
2026-09-22T02:48:01.000Z,1790045281,8577726151567,1700769497,-8,1790045276,0.00019827743004937262
2026-09-22T02:49:01.000Z,1790045341,8585357245684,1892754316,-8,1790045336,0.00022046308171410324
2026-09-22T02:50:01.000Z,1790045401,8583725210117,1455847436,-8,1790045387,0.00016960555008029623
2026-09-22T02:51:01.000Z,1790045461,8575281676031,2018323969,-8,1790045448,0.00023536532620747276
2026-09-22T02:52:01.000Z,1790045521,8575281676031,2018323969,-8,1790045448,0.00023536532620747276
2026-09-22T02:53:01.000Z,1790045581,8567236310805,1511840519,-8,1790045569,0.00017646770372065803
2026-09-22T02:54:01.000Z,1790045641,8567233118585,743290453,-8,1790045609,0.00008675968573652692
2026-09-22T02:55:01.000Z,1790045701,8565781457247,2007056191,-8,1790045680,0.00023431092668164545
2026-09-22T02:56:01.000Z,1790045761,8569837911513,1418131849,-8,1790045741,0.00016547942489026957
2026-09-22T02:57:01.000Z,1790045821,8565271073071,2087860061,-8,1790045762,0.00024375878395304737
2026-09-22T02:58:02.000Z,1790045882,8569934975824,1980498333,-8,1790045862,0.00023109840839948437
2026-09-22T02:59:01.000Z,1790045941,8571087142660,1912849159,-8,1790045913,0.0002231746250110293
2026-09-22T03:00:02.000Z,1790046002,8574165674391,1634825858,-8,1790045943,0.00019066879741813682
2026-09-22T03:01:01.000Z,1790046061,8573242625149,1708128845,-8,1790046055,0.00019923953160841675
2026-09-22T03:02:01.000Z,1790046121,8565141750000,610733837,-8,1790046096,0.00007130458021900222
2026-09-22T03:03:02.000Z,1790046182,8566869859567,1347640433,-8,1790046157,0.0001573083816015987
2026-09-22T03:04:01.000Z,1790046241,8569153624889,1324678889,-8,1790046239,0.00015458689935870523
2026-09-22T03:05:01.000Z,1790046301,8569153624889,1324678889,-8,1790046239,0.00015458689935870523
2026-09-22T03:06:02.000Z,1790046362,8566984564554,618435446,-8,1790046330,0.00007218822928183902
2026-09-22T03:07:01.000Z,1790046421,8566984564554,618435446,-8,1790046330,0.00007218822928183902
2026-09-22T03:08:02.000Z,1790046482,8561136680168,1855724719,-8,1790046431,0.00021676148720984841
2026-09-22T03:09:01.000Z,1790046541,8565007536575,1248403718,-8,1790046522,0.0001457562894917446
2026-09-22T03:10:01.000Z,1790046601,8559968459319,2669540681,-8,1790046543,0.00031186337819898684
2026-09-22T03:11:01.000Z,1790046661,8554323666383,1941833610,-8,1790046634,0.0002270002499006517
2026-09-22T03:12:01.000Z,1790046721,8553485738644,909344119,-8,1790046665,0.00010631269482237542
2026-09-22T03:13:02.000Z,1790046782,8544570000375,1629999625,-8,1790046765,0.00019076438310277328
2026-09-22T03:14:01.000Z,1790046841,8551512358617,886641383,-8,1790046837,0.00010368240678580891
2026-09-22T03:15:01.000Z,1790046901,8551512358617,886641383,-8,1790046837,0.00010368240678580891
2026-09-22T03:16:01.000Z,1790046961,8556179286112,1222385269,-8,1790046908,0.00014286578484676215
2026-09-22T03:17:01.000Z,1790047021,8542819400448,987729141,-8,1790046989,0.00011562097882441502
2026-09-22T03:18:01.000Z,1790047081,8542819400448,987729141,-8,1790046989,0.00011562097882441502
2026-09-22T03:19:01.000Z,1790047141,8548716128659,1456997395,-8,1790047109,0.0001704346445796128
2026-09-22T03:20:01.000Z,1790047201,8547054538575,1245461425,-8,1790047171,0.00014571820261341734
2026-09-22T03:21:01.000Z,1790047261,8543729257947,1639094793,-8,1790047222,0.00019184769829584504
2026-09-22T03:22:02.000Z,1790047322,8544619555445,1977107717,-8,1790047313,0.00023138627813336658
2026-09-22T03:23:01.000Z,1790047381,8539494784295,479783545,-8,1790047344,0.000056184066753266336
2026-09-22T03:24:01.000Z,1790047441,8530888906754,1469126704,-8,1790047395,0.0001722126170037071
2026-09-22T03:25:01.000Z,1790047501,8541055880327,1320562376,-8,1790047446,0.00015461348040605975
2026-09-22T03:26:01.000Z,1790047561,8544184776617,1615618539,-8,1790047547,0.000189089840779367
2026-09-22T03:27:01.000Z,1790047621,8551569349584,1632377830,-8,1790047598,0.00019088634650193286
2026-09-22T03:28:01.000Z,1790047681,8555904240797,1695759203,-8,1790047668,0.00019819754350617144
2026-09-22T03:29:01.000Z,1790047741,8557583930992,566184624,-8,1790047699,0.00006616173777151229
2026-09-22T03:30:01.000Z,1790047801,8562869817842,1730182158,-8,1790047779,0.00020205634265219247
2026-09-22T03:31:01.000Z,1790047861,8554060659690,1003278312,-8,1790047840,0.00011728678950429128
2026-09-22T03:32:01.000Z,1790047921,8542204052486,1222539256,-8,1790047890,0.00014311754302382998
2026-09-22T03:33:01.000Z,1790047981,8550661095352,1282107999,-8,1790047951,0.00014994255820721664
2026-09-22T03:34:02.000Z,1790048042,8548774318956,1781520959,-8,1790047992,0.0002083948987926452
2026-09-22T03:35:01.000Z,1790048101,8548774318956,1781520959,-8,1790047992,0.0002083948987926452
2026-09-22T03:36:01.000Z,1790048161,8548774318956,1781520959,-8,1790047992,0.0002083948987926452
2026-09-22T03:37:01.000Z,1790048221,8548774318956,1781520959,-8,1790047992,0.0002083948987926452
2026-09-22T03:38:01.000Z,1790048281,8549644344743,1519950962,-8,1790048263,0.00017777943744930004
2026-09-22T03:39:01.000Z,1790048341,8548182342283,572658467,-8,1790048333,0.00006699184037843742
2026-09-22T03:40:02.000Z,1790048402,8546538266215,1818160258,-8,1790048374,0.00021273645555268863
2026-09-22T03:41:01.000Z,1790048461,8540976006159,1583584053,-8,1790048444,0.00018541019806847116
2026-09-22T03:42:01.000Z,1790048521,8541244338528,1938161472,-8,1790048475,0.00022691792848698942
2026-09-22T03:43:01.000Z,1790048581,8545242907262,1667092738,-8,1790048577,0.0001950901520404125
2026-09-22T03:44:01.000Z,1790048641,8543216154691,1784345314,-8,1790048628,0.00020886107546514934
2026-09-22T03:45:01.000Z,1790048701,8543216154691,1784345314,-8,1790048628,0.00020886107546514934
2026-09-22T03:46:01.000Z,1790048761,8549640596272,1329942774,-8,1790048758,0.0001555554013089054
2026-09-22T03:47:01.000Z,1790048821,8549751743420,1734623117,-8,1790048800,0.00020288578768792772
2026-09-22T03:48:02.000Z,1790048882,8549751743420,1734623117,-8,1790048800,0.00020288578768792772
2026-09-22T03:49:01.000Z,1790048941,8549751743420,1734623117,-8,1790048800,0.00020288578768792772
2026-09-22T03:50:01.000Z,1790049001,8549751743420,1734623117,-8,1790048800,0.00020288578768792772
2026-09-22T03:51:01.000Z,1790049061,8549751743420,1734623117,-8,1790048800,0.00020288578768792772
2026-09-22T03:52:01.000Z,1790049121,8550334317695,1032060362,-8,1790049070,0.00012070409455968769
2026-09-22T03:53:01.000Z,1790049181,8550334317695,1032060362,-8,1790049070,0.00012070409455968769
2026-09-22T03:54:01.000Z,1790049241,8550334317695,1032060362,-8,1790049070,0.00012070409455968769
2026-09-22T03:55:01.000Z,1790049301,8548676384027,746615973,-8,1790049280,0.00008733702616173824
2026-09-22T03:56:01.000Z,1790049361,8553778611857,1404888143,-8,1790049342,0.00016424181718387997
2026-09-22T03:57:01.000Z,1790049421,8553778611857,1404888143,-8,1790049342,0.00016424181718387997
2026-09-22T03:58:01.000Z,1790049481,8553778611857,1404888143,-8,1790049342,0.00016424181718387997
2026-09-22T03:59:02.000Z,1790049542,8561628781062,2401781062,-8,1790049512,0.0002805285213150854
2026-09-22T04:00:01.000Z,1790049601,8561628781062,2401781062,-8,1790049512,0.0002805285213150854
2026-09-22T04:01:01.000Z,1790049661,8567491361289,710138711,-8,1790049623,0.00008288758996696063
2026-09-22T04:02:02.000Z,1790049722,8564387024521,2167342835,-8,1790049704,0.00025306456011324615
2026-09-22T04:03:01.000Z,1790049781,8563848444731,1289272410,-8,1790049765,0.00015054825156244313
2026-09-22T04:04:02.000Z,1790049842,8563659113791,1719386217,-8,1790049837,0.0002007770503418432
2026-09-22T04:05:01.000Z,1790049901,8568061380388,1776433357,-8,1790049888,0.0002073320064053457
2026-09-22T04:06:01.000Z,1790049961,8563348627473,863706060,-8,1790049919,0.00010086078443998551
2026-09-22T04:07:01.000Z,1790050021,8568841512668,774487332,-8,1790049980,0.00009038413545810291
2026-09-22T04:08:01.000Z,1790050081,8568841512668,774487332,-8,1790049980,0.00009038413545810291
2026-09-22T04:09:01.000Z,1790050141,8565953871243,1596292961,-8,1790050081,0.00018635320537493892
2026-09-22T04:10:01.000Z,1790050201,8561098438104,734041243,-8,1790050151,0.000085741479122925
2026-09-22T04:11:01.000Z,1790050261,8565247477103,1752384978,-8,1790050253,0.00020459245137803122
2026-09-22T04:12:01.000Z,1790050321,8564424856234,1024856234,-8,1790050303,0.00011966433837690951
2026-09-22T04:13:02.000Z,1790050382,8564424856234,1024856234,-8,1790050303,0.00011966433837690951
2026-09-22T04:14:01.000Z,1790050441,8564424856234,1024856234,-8,1790050303,0.00011966433837690951
2026-09-22T04:15:01.000Z,1790050501,8560603573249,541533948,-8,1790050454,0.00006325885124411526
2026-09-22T04:16:02.000Z,1790050562,8559671245506,1968754493,-8,1790050545,0.00023000351725349684
2026-09-22T04:17:01.000Z,1790050621,8559671245506,1968754493,-8,1790050545,0.00023000351725349684
2026-09-22T04:18:01.000Z,1790050681,8550544302460,1439094038,-8,1790050676,0.0001683043777208395
2026-09-22T04:19:02.000Z,1790050742,8551057426369,2135864177,-8,1790050707,0.0002497777842555015
2026-09-22T04:20:01.000Z,1790050801,8551285030750,1648007249,-8,1790050797,0.00019272042074072458
2026-09-22T04:21:01.000Z,1790050861,8551285030750,1648007249,-8,1790050797,0.00019272042074072458
2026-09-22T04:22:01.000Z,1790050921,8551285030750,1648007249,-8,1790050797,0.00019272042074072458
2026-09-22T04:23:01.000Z,1790050981,8551285030750,1648007249,-8,1790050797,0.00019272042074072458
2026-09-22T04:24:01.000Z,1790051041,8550961142269,1645085946,-8,1790051028,0.00019238608603517476
2026-09-22T04:25:02.000Z,1790051102,8553336334548,1256611350,-8,1790051079,0.00014691475944005487
2026-09-22T04:26:01.000Z,1790051161,8553336334548,1256611350,-8,1790051079,0.00014691475944005487
2026-09-22T04:27:01.000Z,1790051221,8556523540359,1642727338,-8,1790051200,0.00019198537002225992
2026-09-22T04:28:01.000Z,1790051281,8553342376349,1745262844,-8,1790051271,0.0002040445438996874
2026-09-22T04:29:01.000Z,1790051341,8559412323398,1757676602,-8,1790051332,0.0002053501497053971
2026-09-22T04:30:01.000Z,1790051401,8557038429019,920878205,-8,1790051373,0.00010761646247574136
2026-09-22T04:31:01.000Z,1790051461,8553859541817,564208183,-8,1790051414,0.00006595948650334649
2026-09-22T04:32:00.000Z,1790051520,8553859541817,564208183,-8,1790051414,0.00006595948650334649
2026-09-22T04:33:02.000Z,1790051582,8548941746171,386843389,-8,1790051564,0.0000452504415734572
2026-09-22T04:34:01.000Z,1790051641,8549734645847,1785751577,-8,1790051595,0.00020886631585313842
2026-09-22T04:35:01.000Z,1790051701,8545193477473,2178022777,-8,1790051695,0.0002548827926180659
2026-09-22T04:36:01.000Z,1790051761,8546480669980,797216345,-8,1790051746,0.0000932800734927381
2026-09-22T04:37:02.000Z,1790051822,8546706559676,1731469525,-8,1790051786,0.00020258909240773547
2026-09-22T04:38:01.000Z,1790051881,8546706559676,1731469525,-8,1790051786,0.00020258909240773547
2026-09-22T04:39:01.000Z,1790051941,8555809104936,1612321809,-8,1790051887,0.0001884476136885549
2026-09-22T04:40:01.000Z,1790052001,8558503153127,1740846873,-8,1790051948,0.0002034055303658971
2026-09-22T04:41:01.000Z,1790052061,8554728565783,913565783,-8,1790052018,0.00010679073870959024
2026-09-22T04:42:01.000Z,1790052121,8560194778196,897565610,-8,1790052119,0.0001048534096778059
2026-09-22T04:43:00.000Z,1790052180,8560194778196,897565610,-8,1790052119,0.0001048534096778059
2026-09-22T04:44:01.000Z,1790052241,8560194778196,897565610,-8,1790052119,0.0001048534096778059
2026-09-22T04:45:01.000Z,1790052301,8550966061901,1526448290,-8,1790052270,0.00017851179374937773
2026-09-22T04:46:02.000Z,1790052362,8550966061901,1526448290,-8,1790052270,0.00017851179374937773
2026-09-22T04:47:01.000Z,1790052421,8550966061901,1526448290,-8,1790052270,0.00017851179374937773
2026-09-22T04:48:01.000Z,1790052481,8550966061901,1526448290,-8,1790052270,0.00017851179374937773
2026-09-22T04:49:01.000Z,1790052541,8550966061901,1526448290,-8,1790052270,0.00017851179374937773
2026-09-22T04:50:00.000Z,1790052600,8544938949596,1488445543,-8,1790052560,0.00017419030747672842
2026-09-22T04:51:01.000Z,1790052661,8544013554883,1586445117,-8,1790052621,0.00018567914327492245
2026-09-22T04:52:01.000Z,1790052721,8547579240547,1585418950,-8,1790052712,0.00018548163232921856
2026-09-22T04:53:01.000Z,1790052781,8547579240547,1585418950,-8,1790052712,0.00018548163232921856
2026-09-22T04:54:01.000Z,1790052841,8547579240547,1585418950,-8,1790052712,0.00018548163232921856
2026-09-22T04:55:01.000Z,1790052901,8548842690869,1747309130,-8,1790052883,0.0002043913068919021
2026-09-22T04:56:01.000Z,1790052961,8548842690869,1747309130,-8,1790052883,0.0002043913068919021
2026-09-22T04:57:01.000Z,1790053021,8543702970587,1697529662,-8,1790052963,0.00019868781345091287
2026-09-22T04:58:02.000Z,1790053082,8543702970587,1697529662,-8,1790052963,0.00019868781345091287
2026-09-22T04:59:01.000Z,1790053141,8543702970587,1697529662,-8,1790052963,0.00019868781345091287
2026-09-22T05:00:01.000Z,1790053201,8540766887083,829612917,-8,1790053144,0.00009713564694696224
2026-09-22T05:01:01.000Z,1790053261,8540468750000,1612124180,-8,1790053224,0.00018876296222031138
2026-09-22T05:02:00.000Z,1790053320,8540952236672,1449263328,-8,1790053316,0.00016968404550693383
2026-09-22T05:03:01.000Z,1790053381,8540602609537,1662492307,-8,1790053377,0.00019465749467649407
2026-09-22T05:04:01.000Z,1790053441,8539448696188,1975779899,-8,1790053437,0.000231370896329875
2026-09-22T05:05:01.000Z,1790053501,8539421534744,1178965505,-8,1790053469,0.00013806151859387556
2026-09-22T05:06:01.000Z,1790053561,8539421534744,1178965505,-8,1790053469,0.00013806151859387556
2026-09-22T05:07:02.000Z,1790053622,8539421534744,1178965505,-8,1790053469,0.00013806151859387556
2026-09-22T05:08:01.000Z,1790053681,8546482771816,999228184,-8,1790053639,0.0001169168897520259
2026-09-22T05:09:01.000Z,1790053741,8548978281957,978281957,-8,1790053710,0.00011443261694379406
2026-09-22T05:10:02.000Z,1790053802,8544340631143,1859868857,-8,1790053771,0.00021767260193501908
2026-09-22T05:11:01.000Z,1790053861,8544340631143,1859868857,-8,1790053771,0.00021767260193501908
2026-09-22T05:12:01.000Z,1790053921,8544340631143,1859868857,-8,1790053771,0.00021767260193501908
2026-09-22T05:13:01.000Z,1790053981,8539697081626,1164256276,-8,1790053941,0.00013633461056891726
2026-09-22T05:14:02.000Z,1790054042,8537750948133,1362764426,-8,1790053992,0.00015961632451904723
2026-09-22T05:15:01.000Z,1790054101,8539544205216,1027294784,-8,1790054052,0.00012029854981868034
2026-09-22T05:16:01.000Z,1790054161,8539544205216,1027294784,-8,1790054052,0.00012029854981868034
2026-09-22T05:17:01.000Z,1790054221,8531965733144,1704266856,-8,1790054183,0.00019975078537639456
2026-09-22T05:18:01.000Z,1790054281,8531592696696,842696696,-8,1790054254,0.00009877366699963868
2026-09-22T05:19:01.000Z,1790054341,8523581784709,1590715541,-8,1790054315,0.00018662524525237578
2026-09-22T05:20:01.000Z,1790054401,8520840758193,774941807,-8,1790054396,0.00009094663648711827
2026-09-22T05:21:01.000Z,1790054461,8520840758193,774941807,-8,1790054396,0.00009094663648711827
2026-09-22T05:22:01.000Z,1790054521,8527340136149,1013136149,-8,1790054517,0.00011881033626243254
2026-09-22T05:23:01.000Z,1790054581,8529611627559,1734872691,-8,1790054558,0.0002033941012501275
2026-09-22T05:24:01.000Z,1790054641,8532237096723,931903277,-8,1790054638,0.00010922144643143106
2026-09-22T05:25:01.000Z,1790054701,8529826403653,1652326929,-8,1790054679,0.00019371167135269848
2026-09-22T05:26:01.000Z,1790054761,8520875386342,1492648994,-8,1790054720,0.00017517554550704352
2026-09-22T05:27:01.000Z,1790054821,8515600434228,1272657660,-8,1790054780,0.00014945013799433574
2026-09-22T05:28:01.000Z,1790054881,8516090325877,1556103900,-8,1790054872,0.00018272515208905444
2026-09-22T05:29:01.000Z,1790054941,8519217193217,1270409066,-8,1790054933,0.00014912274651378762
2026-09-22T05:30:01.000Z,1790055001,8519217193217,1270409066,-8,1790054933,0.00014912274651378762
2026-09-22T05:31:01.000Z,1790055061,8516297491819,607965319,-8,1790055035,0.00007138845485189179
2026-09-22T05:32:01.000Z,1790055121,8512272529948,913970052,-8,1790055076,0.00010737086351317553
2026-09-22T05:33:00.000Z,1790055180,8510604083838,1521916161,-8,1790055137,0.00017882586782413997
2026-09-22T05:34:01.000Z,1790055241,8514580510110,743489890,-8,1790055238,0.00008731961476166662
2026-09-22T05:35:01.000Z,1790055301,8516442274529,1527725471,-8,1790055280,0.00017938540786792222
2026-09-22T05:36:02.000Z,1790055362,8519040727989,644412898,-8,1790055330,0.0000756438334521403
2026-09-22T05:37:01.000Z,1790055421,8517171831266,1079901588,-8,1790055402,0.00012679110030817384
2026-09-22T05:38:01.000Z,1790055481,8521430240078,870240078,-8,1790055442,0.00010212371086570491
2026-09-22T05:39:00.000Z,1790055540,8527120935581,938064419,-8,1790055524,0.0001100095127167426
2026-09-22T05:40:00.000Z,1790055600,8533090355179,1409644821,-8,1790055584,0.00016519745629371455
2026-09-22T05:41:01.000Z,1790055661,8533090355179,1409644821,-8,1790055584,0.00016519745629371455
2026-09-22T05:42:01.000Z,1790055721,8536921870290,1608129710,-8,1790055705,0.00018837348337420964
2026-09-22T05:43:01.000Z,1790055781,8536921870290,1608129710,-8,1790055705,0.00018837348337420964
2026-09-22T05:44:01.000Z,1790055841,8536921870290,1608129710,-8,1790055705,0.00018837348337420964
2026-09-22T05:45:01.000Z,1790055901,8536921870290,1608129710,-8,1790055705,0.00018837348337420964
2026-09-22T05:46:01.000Z,1790055961,8546417439955,1199060045,-8,1790055926,0.00014029972832760594
2026-09-22T05:47:00.000Z,1790056020,8547153083687,1985881469,-8,1790055966,0.0002323442027486592
2026-09-22T05:48:01.000Z,1790056081,8547153083687,1985881469,-8,1790055966,0.0002323442027486592
2026-09-22T05:49:01.000Z,1790056141,8547153083687,1985881469,-8,1790055966,0.0002323442027486592
2026-09-22T05:50:01.000Z,1790056201,8554565223742,773776258,-8,1790056167,0.00009045185088454199
2026-09-22T05:51:01.000Z,1790056261,8549775494057,2025505942,-8,1790056228,0.00023690750048442106
2026-09-22T05:52:02.000Z,1790056322,8552717493481,1442506519,-8,1790056288,0.0001686606064212338
2026-09-22T05:53:01.000Z,1790056381,8552717493481,1442506519,-8,1790056288,0.0001686606064212338
2026-09-22T05:54:01.000Z,1790056441,8556950007054,1647540085,-8,1790056389,0.00019253823893347925
2026-09-22T05:55:02.000Z,1790056502,8552629185688,654258298,-8,1790056470,0.00007649791471081643
2026-09-22T05:56:01.000Z,1790056561,8552629185688,654258298,-8,1790056470,0.00007649791471081643
2026-09-22T05:57:01.000Z,1790056621,8552629185688,654258298,-8,1790056470,0.00007649791471081643
2026-09-22T05:58:01.000Z,1790056681,8549807912236,1270587764,-8,1790056670,0.00014861009475798946
2026-09-22T05:59:02.000Z,1790056742,8549807912236,1270587764,-8,1790056670,0.00014861009475798946
2026-09-22T06:00:01.000Z,1790056801,8537546940368,1810863129,-8,1790056782,0.00021210578889326083
2026-09-22T06:01:01.000Z,1790056861,8542819635935,779364065,-8,1790056842,0.0000912303078156583
2026-09-22T06:02:01.000Z,1790056921,8541842631563,1503123644,-8,1790056894,0.00017597182585005737
2026-09-22T06:03:01.000Z,1790056981,8538446780097,661719903,-8,1790056974,0.00007749886133183612
2026-09-22T06:04:02.000Z,1790057042,8538446780097,661719903,-8,1790056974,0.00007749886133183612
2026-09-22T06:05:01.000Z,1790057101,8538446780097,661719903,-8,1790056974,0.00007749886133183612
2026-09-22T06:06:01.000Z,1790057161,8533846627155,1153873094,-8,1790057125,0.00013521137002021284
2026-09-22T06:07:00.000Z,1790057220,8533130832407,2057167593,-8,1790057215,0.00024108004827340967
2026-09-22T06:08:01.000Z,1790057281,8533130832407,2057167593,-8,1790057215,0.00024108004827340967
2026-09-22T06:09:01.000Z,1790057341,8533130832407,2057167593,-8,1790057215,0.00024108004827340967
2026-09-22T06:10:02.000Z,1790057402,8535875047082,730420760,-8,1790057346,0.00008557069497516781
2026-09-22T06:11:01.000Z,1790057461,8530008311935,1311688735,-8,1790057417,0.00015377344159966572
2026-09-22T06:12:01.000Z,1790057521,8530008311935,1311688735,-8,1790057417,0.00015377344159966572
2026-09-22T06:13:01.000Z,1790057581,8530008311935,1311688735,-8,1790057417,0.00015377344159966572
2026-09-22T06:14:01.000Z,1790057641,8526213554029,1724956893,-8,1790057587,0.00020231218489535536
2026-09-22T06:15:01.000Z,1790057701,8533340404984,1459595016,-8,1790057688,0.00017104614919000605
2026-09-22T06:16:01.000Z,1790057761,8533340404984,1459595016,-8,1790057688,0.00017104614919000605
2026-09-22T06:17:01.000Z,1790057821,8527780379748,1604374297,-8,1790057819,0.00018813503931340808
2026-09-22T06:18:01.000Z,1790057881,8530933242589,1024597908,-8,1790057879,0.00012010384782814818
2026-09-22T06:19:01.000Z,1790057941,8528111744187,491744187,-8,1790057920,0.000057661555306798905
2026-09-22T06:20:01.000Z,1790058001,8528111744187,491744187,-8,1790057920,0.000057661555306798905
2026-09-22T06:21:01.000Z,1790058061,8526797580827,784167514,-8,1790058031,0.00009196506737338837
2026-09-22T06:22:01.000Z,1790058121,8525789214939,1676285061,-8,1790058092,0.00019661347691575477
2026-09-22T06:23:02.000Z,1790058182,8525789214939,1676285061,-8,1790058092,0.00019661347691575477
2026-09-22T06:24:01.000Z,1790058241,8525055676253,1272380475,-8,1790058213,0.00014925186688742503
2026-09-22T06:25:01.000Z,1790058301,8523804015570,1890695042,-8,1790058253,0.0002218135281555469
2026-09-22T06:26:01.000Z,1790058361,8523804015570,1890695042,-8,1790058253,0.0002218135281555469
2026-09-22T06:27:01.000Z,1790058421,8523804015570,1890695042,-8,1790058253,0.0002218135281555469
2026-09-22T06:28:02.000Z,1790058482,8523804015570,1890695042,-8,1790058253,0.0002218135281555469
2026-09-22T06:29:01.000Z,1790058541,8523804015570,1890695042,-8,1790058253,0.0002218135281555469
2026-09-22T06:30:01.000Z,1790058601,8532909361148,1160638852,-8,1790058564,0.0001360191234755891
2026-09-22T06:31:01.000Z,1790058661,8534499194651,1212584873,-8,1790058615,0.00014208037816208218
2026-09-22T06:32:01.000Z,1790058721,8540184999075,1254500925,-8,1790058706,0.00014689388170582686
2026-09-22T06:33:01.000Z,1790058781,8543629233038,1700766962,-8,1790058726,0.00019906844218182794
2026-09-22T06:34:01.000Z,1790058841,8546504560902,1895939347,-8,1790058838,0.00022183798458066955
2026-09-22T06:35:01.000Z,1790058901,8548946099224,1025400776,-8,1790058849,0.00011994470009503009
2026-09-22T06:36:01.000Z,1790058961,8548946099224,1025400776,-8,1790058849,0.00011994470009503009
2026-09-22T06:37:01.000Z,1790059021,8548946099224,1025400776,-8,1790058849,0.00011994470009503009
2026-09-22T06:38:01.000Z,1790059081,8548946099224,1025400776,-8,1790058849,0.00011994470009503009
2026-09-22T06:39:01.000Z,1790059141,8548946099224,1025400776,-8,1790058849,0.00011994470009503009
2026-09-22T06:40:01.000Z,1790059201,8551649260828,1304118183,-8,1790059179,0.00015249902600352096
2026-09-22T06:41:01.000Z,1790059261,8551713866583,1887624919,-8,1790059230,0.0002207305983863836
2026-09-22T06:42:01.000Z,1790059321,8551713866583,1887624919,-8,1790059230,0.0002207305983863836
2026-09-22T06:43:01.000Z,1790059381,8551713866583,1887624919,-8,1790059230,0.0002207305983863836
2026-09-22T06:44:01.000Z,1790059441,8551713866583,1887624919,-8,1790059230,0.0002207305983863836
2026-09-22T06:45:02.000Z,1790059502,8551713866583,1887624919,-8,1790059230,0.0002207305983863836
2026-09-22T06:46:01.000Z,1790059561,8551713866583,1887624919,-8,1790059230,0.0002207305983863836
2026-09-22T06:47:01.000Z,1790059621,8551713866583,1887624919,-8,1790059230,0.0002207305983863836
2026-09-22T06:48:01.000Z,1790059681,8543014251650,722222630,-8,1790059662,0.00008453955579677392
2026-09-22T06:49:01.000Z,1790059741,8543014251650,722222630,-8,1790059662,0.00008453955579677392
2026-09-22T06:50:00.000Z,1790059800,8543014251650,722222630,-8,1790059662,0.00008453955579677392
2026-09-22T06:51:01.000Z,1790059861,8543259500759,1723707392,-8,1790059853,0.00020176226554359755
2026-09-22T06:52:01.000Z,1790059921,8543037846595,1547153405,-8,1790059913,0.0001811010828679226
2026-09-22T06:53:01.000Z,1790059981,8548119322989,1880177261,-8,1790059974,0.00021995215438131753
2026-09-22T06:54:01.000Z,1790060041,8548119322989,1880177261,-8,1790059974,0.00021995215438131753
2026-09-22T06:55:01.000Z,1790060101,8543425245160,1641339135,-8,1790060085,0.00019211722323313443
2026-09-22T06:56:01.000Z,1790060161,8541382624297,1767696053,-8,1790060135,0.0002069566638979003
2026-09-22T06:57:01.000Z,1790060221,8541382624297,1767696053,-8,1790060135,0.0002069566638979003
2026-09-22T06:58:01.000Z,1790060281,8541382624297,1767696053,-8,1790060135,0.0002069566638979003
2026-09-22T06:59:01.000Z,1790060341,8533978159555,1488833354,-8,1790060316,0.0001744594755416663
2026-09-22T07:00:00.000Z,1790060400,8536936555216,1623444784,-8,1790060377,0.000190167137063715
2026-09-22T07:01:01.000Z,1790060461,8535876078185,1770744983,-8,1790060437,0.0002074473629631836
2026-09-22T07:02:01.000Z,1790060521,8535410352127,1990147873,-8,1790060498,0.00023316370167300284
2026-09-22T07:03:01.000Z,1790060581,8535115244866,1843654791,-8,1790060578,0.00021600818947453416
2026-09-22T07:04:01.000Z,1790060641,8534200604910,1824965160,-8,1790060620,0.0002138413712644672
2026-09-22T07:05:01.000Z,1790060701,8535074713860,2152951042,-8,1790060691,0.0002522474745890449
2026-09-22T07:06:01.000Z,1790060761,8535074713860,2152951042,-8,1790060691,0.0002522474745890449
2026-09-22T07:07:02.000Z,1790060822,8532780162023,1619881574,-8,1790060772,0.0001898421784273356
2026-09-22T07:08:01.000Z,1790060881,8540909006402,1499277618,-8,1790060873,0.00017554075530791725
2026-09-22T07:09:01.000Z,1790060941,8535108417211,1601582789,-8,1790060935,0.00018764644931403763
2026-09-22T07:10:01.000Z,1790061001,8539919706636,759793364,-8,1790060976,0.00008896961448122253
2026-09-22T07:11:01.000Z,1790061061,8546509000000,1788048088,-8,1790061056,0.0002092138542181375
2026-09-22T07:12:01.000Z,1790061121,8546509000000,1788048088,-8,1790061056,0.0002092138542181375
2026-09-22T07:13:01.000Z,1790061181,8546509000000,1788048088,-8,1790061056,0.0002092138542181375
2026-09-22T07:14:01.000Z,1790061241,8546509000000,1788048088,-8,1790061056,0.0002092138542181375
2026-09-22T07:15:01.000Z,1790061301,8546509000000,1788048088,-8,1790061056,0.0002092138542181375
2026-09-22T07:16:01.000Z,1790061361,8546509000000,1788048088,-8,1790061056,0.0002092138542181375
2026-09-22T07:17:01.000Z,1790061421,8538611297936,1858702064,-8,1790061407,0.0002176820093039363
2026-09-22T07:18:01.000Z,1790061481,8544024000375,1768005015,-8,1790061438,0.0002069288446430396
2026-09-22T07:19:01.000Z,1790061541,8544024000375,1768005015,-8,1790061438,0.0002069288446430396
2026-09-22T07:20:02.000Z,1790061602,8534510147447,1196211934,-8,1790061589,0.00014016175660155878
2026-09-22T07:21:01.000Z,1790061661,8534510147447,1196211934,-8,1790061589,0.00014016175660155878
2026-09-22T07:22:01.000Z,1790061721,8523370018464,1326561318,-8,1790061720,0.00015563812378511054
2026-09-22T07:23:01.000Z,1790061781,8523370018464,1326561318,-8,1790061720,0.00015563812378511054
2026-09-22T07:24:01.000Z,1790061841,8523370018464,1326561318,-8,1790061720,0.00015563812378511054
2026-09-22T07:25:01.000Z,1790061901,8521840358150,1769139813,-8,1790061840,0.00020760067528231206
2026-09-22T07:26:01.000Z,1790061961,8525142882534,1605016353,-8,1790061911,0.00018826855750280722
2026-09-22T07:27:01.000Z,1790062021,8525142882534,1605016353,-8,1790061911,0.00018826855750280722
2026-09-22T07:28:02.000Z,1790062082,8525206735285,1792764715,-8,1790062062,0.0002102898816025096
2026-09-22T07:29:01.000Z,1790062141,8525148541690,1307937758,-8,1790062123,0.00015342111068257332
2026-09-22T07:30:01.000Z,1790062201,8525148541690,1307937758,-8,1790062123,0.00015342111068257332
2026-09-22T07:31:00.000Z,1790062260,8525148541690,1307937758,-8,1790062123,0.00015342111068257332
2026-09-22T07:32:01.000Z,1790062321,8529214748235,1320752015,-8,1790062304,0.00015485036477400348
2026-09-22T07:33:01.000Z,1790062381,8526871430120,927069880,-8,1790062344,0.00010872333277188315
2026-09-22T07:34:01.000Z,1790062441,8521224502878,1374997122,-8,1790062395,0.00016136144770456426
2026-09-22T07:35:01.000Z,1790062501,8521224502878,1374997122,-8,1790062395,0.00016136144770456426
2026-09-22T07:36:01.000Z,1790062561,8521224502878,1374997122,-8,1790062395,0.00016136144770456426
2026-09-22T07:37:02.000Z,1790062622,8518823493052,976506948,-8,1790062616,0.00011462932044506434
2026-09-22T07:38:01.000Z,1790062681,8516971231329,995768671,-8,1790062637,0.00011691581948018613
2026-09-22T07:39:02.000Z,1790062742,8517809958748,1090041252,-8,1790062697,0.0001279720089176797
2026-09-22T07:40:01.000Z,1790062801,8522814490830,975509170,-8,1790062798,0.00011445857129116034
2026-09-22T07:41:01.000Z,1790062861,8522814490830,975509170,-8,1790062798,0.00011445857129116034
2026-09-22T07:42:01.000Z,1790062921,8521473244418,1570978825,-8,1790062879,0.00018435530804829687
2026-09-22T07:43:01.000Z,1790062981,8521830738008,1151761992,-8,1790062929,0.00013515429106835644
2026-09-22T07:44:00.000Z,1790063040,8521830738008,1151761992,-8,1790062929,0.00013515429106835644
2026-09-22T07:45:00.000Z,1790063100,8521830738008,1151761992,-8,1790062929,0.00013515429106835644
2026-09-22T07:46:01.000Z,1790063161,8523134416076,1325583924,-8,1790063100,0.00015552775062419947
2026-09-22T07:47:01.000Z,1790063221,8529233426352,724089490,-8,1790063181,0.00008489502559079299
2026-09-22T07:48:01.000Z,1790063281,8523652793147,1354706853,-8,1790063271,0.00015893501130045812
2026-09-22T07:49:02.000Z,1790063342,8523652793147,1354706853,-8,1790063271,0.00015893501130045812
2026-09-22T07:50:01.000Z,1790063401,8525741719138,973280862,-8,1790063342,0.00011415791072057061
2026-09-22T07:51:01.000Z,1790063461,8525741719138,973280862,-8,1790063342,0.00011415791072057061
2026-09-22T07:52:01.000Z,1790063521,8526022894159,1475749973,-8,1790063502,0.0001730877328526769
2026-09-22T07:53:01.000Z,1790063581,8526022894159,1475749973,-8,1790063502,0.0001730877328526769
2026-09-22T07:54:01.000Z,1790063641,8528150441906,1265558094,-8,1790063603,0.00014839772147794733
2026-09-22T07:55:02.000Z,1790063702,8531811336753,932500175,-8,1790063654,0.00010929685833335444
2026-09-22T07:56:01.000Z,1790063761,8528725000001,1243499999,-8,1790063735,0.00014580139458123626
2026-09-22T07:57:02.000Z,1790063822,8528266634864,1241634864,-8,1790063776,0.00014559053054510887
2026-09-22T07:58:01.000Z,1790063881,8528266634864,1241634864,-8,1790063776,0.00014559053054510887
2026-09-22T07:59:01.000Z,1790063941,8528266634864,1241634864,-8,1790063776,0.00014559053054510887
2026-09-22T08:00:01.000Z,1790064001,8528266634864,1241634864,-8,1790063776,0.00014559053054510887
2026-09-22T08:01:01.000Z,1790064061,8540922850475,1044149525,-8,1790064058,0.00012225254147353996
2026-09-22T08:02:01.000Z,1790064121,8539715487879,1204512121,-8,1790064098,0.00014104827294418018
2026-09-22T08:03:01.000Z,1790064181,8542166595791,1066424201,-8,1790064149,0.00012484235574677992
2026-09-22T08:04:01.000Z,1790064241,8532211179001,1108329737,-8,1790064231,0.00012989947315506667
2026-09-22T08:05:01.000Z,1790064301,8544975950749,1184049251,-8,1790064281,0.00013856671543893738
2026-09-22T08:06:01.000Z,1790064361,8544975950749,1184049251,-8,1790064281,0.00013856671543893738
2026-09-22T08:07:02.000Z,1790064422,8544975950749,1184049251,-8,1790064281,0.00013856671543893738
2026-09-22T08:08:00.000Z,1790064480,8544975950749,1184049251,-8,1790064281,0.00013856671543893738
2026-09-22T08:09:01.000Z,1790064541,8549016353936,988157862,-8,1790064492,0.00011558731684318843
2026-09-22T08:10:01.000Z,1790064601,8546926959993,1102031137,-8,1790064553,0.00012893887383833483
2026-09-22T08:11:01.000Z,1790064661,8547857539886,937460114,-8,1790064624,0.00010967193938663871
2026-09-22T08:12:01.000Z,1790064721,8547857539886,937460114,-8,1790064624,0.00010967193938663871
2026-09-22T08:13:01.000Z,1790064781,8547798808506,706088550,-8,1790064755,0.00008260472266817561
2026-09-22T08:14:01.000Z,1790064841,8547798808506,706088550,-8,1790064755,0.00008260472266817561
2026-09-22T08:15:01.000Z,1790064901,8548416042891,929957109,-8,1790064885,0.00010878706702317878
2026-09-22T08:16:01.000Z,1790064961,8543812574827,1187425173,-8,1790064926,0.00013898071412504548
2026-09-22T08:17:02.000Z,1790065022,8544002302253,594126533,-8,1790064967,0.00006953726274667933
2026-09-22T08:18:01.000Z,1790065081,8544002302253,594126533,-8,1790064967,0.00006953726274667933
2026-09-22T08:19:01.000Z,1790065141,8547262421451,1372578549,-8,1790065128,0.0001605869202699627
2026-09-22T08:20:01.000Z,1790065201,8545503142416,1261793954,-8,1790065159,0.00014765589959671625
2026-09-22T08:21:01.000Z,1790065261,8545503142416,1261793954,-8,1790065159,0.00014765589959671625
2026-09-22T08:22:01.000Z,1790065321,8545503142416,1261793954,-8,1790065159,0.00014765589959671625
2026-09-22T08:23:02.000Z,1790065382,8551824671282,1135328718,-8,1790065360,0.0001327586522923655
2026-09-22T08:24:01.000Z,1790065441,8551824671282,1135328718,-8,1790065360,0.0001327586522923655
2026-09-22T08:25:01.000Z,1790065501,8551824671282,1135328718,-8,1790065360,0.0001327586522923655
2026-09-22T08:26:01.000Z,1790065561,8546501046928,1391942672,-8,1790065551,0.00016286696325864574
2026-09-22T08:27:01.000Z,1790065621,8546501046928,1391942672,-8,1790065551,0.00016286696325864574
2026-09-22T08:28:01.000Z,1790065681,8546501046928,1391942672,-8,1790065551,0.00016286696325864574
2026-09-22T08:29:01.000Z,1790065741,8541858080732,1239568988,-8,1790065701,0.00014511701977302978
2026-09-22T08:30:01.000Z,1790065801,8541858080732,1239568988,-8,1790065701,0.00014511701977302978
2026-09-22T08:31:01.000Z,1790065861,8541858080732,1239568988,-8,1790065701,0.00014511701977302978
2026-09-22T08:32:01.000Z,1790065921,8540006376300,1108624450,-8,1790065893,0.00012981541244238708
2026-09-22T08:33:01.000Z,1790065981,8542219714529,1285285471,-8,1790065974,0.0001504627033666586
2026-09-22T08:34:01.000Z,1790066041,8548703555489,812694511,-8,1790066036,0.0000950664045986459
2026-09-22T08:35:01.000Z,1790066101,8548703555489,812694511,-8,1790066036,0.0000950664045986459
2026-09-22T08:36:01.000Z,1790066161,8565305214455,838785545,-8,1790066147,0.00009792827272336389
2026-09-22T08:37:01.000Z,1790066221,8575767511202,1333109297,-8,1790066218,0.00015545072732657935
2026-09-22T08:38:01.000Z,1790066281,8575767511202,1333109297,-8,1790066218,0.00015545072732657935
2026-09-22T08:39:01.000Z,1790066341,8585219208682,933664536,-8,1790066299,0.00010875255637687275
2026-09-22T08:40:01.000Z,1790066401,8585219208682,933664536,-8,1790066299,0.00010875255637687275
2026-09-22T08:41:00.000Z,1790066460,8585219208682,933664536,-8,1790066299,0.00010875255637687275
2026-09-22T08:42:01.000Z,1790066521,8591545350000,721650000,-8,1790066489,0.00008399536644475723
2026-09-22T08:43:01.000Z,1790066581,8592317968932,1458723823,-8,1790066540,0.00016977069846279386
2026-09-22T08:44:01.000Z,1790066641,8604378974282,1343308506,-8,1790066631,0.00015611917025215566
2026-09-22T08:45:01.000Z,1790066701,8612783524872,1292828607,-8,1790066693,0.0001501057820931606
2026-09-22T08:46:01.000Z,1790066761,8603892362680,1722637319,-8,1790066753,0.00020021604715466488
2026-09-22T08:47:01.000Z,1790066821,8601504790441,1720349167,-8,1790066784,0.0002000056047067315
2026-09-22T08:48:01.000Z,1790066881,8619847910365,874327615,-8,1790066866,0.00010143190739463724
2026-09-22T08:49:01.000Z,1790066941,8622060932864,949067136,-8,1790066926,0.00011007427845731395
2026-09-22T08:50:01.000Z,1790067001,8622060932864,949067136,-8,1790066926,0.00011007427845731395
2026-09-22T08:51:01.000Z,1790067061,8616180333299,1570924185,-8,1790067027,0.000182322574996352
2026-09-22T08:52:01.000Z,1790067121,8616226826969,1146417038,-8,1790067088,0.00013305325649177278
2026-09-22T08:53:01.000Z,1790067181,8626015296795,737735686,-8,1790067138,0.00008552450472399534
2026-09-22T08:54:01.000Z,1790067241,8632348922262,1797867693,-8,1790067199,0.00020827097111001522
2026-09-22T08:55:02.000Z,1790067302,8629500091056,1463601026,-8,1790067250,0.00016960438154661376
2026-09-22T08:56:01.000Z,1790067361,8627455339272,1407994025,-8,1790067330,0.00016319922498941723
2026-09-22T08:57:01.000Z,1790067421,8627455339272,1407994025,-8,1790067330,0.00016319922498941723
2026-09-22T08:58:01.000Z,1790067481,8618944485875,1295995521,-8,1790067451,0.00015036592045858036
2026-09-22T08:59:01.000Z,1790067541,8616552825908,2213199389,-8,1790067522,0.0002568543864021139
2026-09-22T09:00:01.000Z,1790067601,8616552825908,2213199389,-8,1790067522,0.0002568543864021139
2026-09-22T09:01:01.000Z,1790067661,8611655906497,1767980570,-8,1790067644,0.00020530088396427453
2026-09-22T09:02:01.000Z,1790067721,8600281925638,1343563460,-8,1790067694,0.00015622318798582055
2026-09-22T09:03:01.000Z,1790067781,8610089801408,923198592,-8,1790067746,0.0001072228761015977
2026-09-22T09:04:01.000Z,1790067841,8590217311264,1277349756,-8,1790067828,0.00014869818884850138
2026-09-22T09:05:01.000Z,1790067901,8571760989560,2475510442,-8,1790067879,0.0002887983513556963
2026-09-22T09:06:01.000Z,1790067961,8576479190256,1515810494,-8,1790067931,0.00017674041531193344
2026-09-22T09:07:00.000Z,1790068020,8583315364072,1101526368,-8,1790068013,0.000128333437754223
2026-09-22T09:08:00.000Z,1790068080,8578683492742,929866127,-8,1790068034,0.00010839263714376615
2026-09-22T09:09:01.000Z,1790068141,8585760573969,1611131282,-8,1790068084,0.00018765155027555247
2026-09-22T09:10:01.000Z,1790068201,8586141042365,577957635,-8,1790068175,0.00006731285127373183
2026-09-22T09:11:01.000Z,1790068261,8580653795677,737421813,-8,1790068206,0.00008594004962320224
2026-09-22T09:12:01.000Z,1790068321,8591708457943,1207132490,-8,1790068316,0.00014049970339531374
2026-09-22T09:13:01.000Z,1790068381,8594226212777,809224179,-8,1790068357,0.0000941590503862849
2026-09-22T09:14:01.000Z,1790068441,8595874171101,1726328899,-8,1790068398,0.0002008322672758347
2026-09-22T09:15:01.000Z,1790068501,8590145007305,1642125522,-8,1790068448,0.00019116388845631218
2026-09-22T09:16:01.000Z,1790068561,8595107589097,1842410903,-8,1790068519,0.00021435576970986621
2026-09-22T09:17:01.000Z,1790068621,8595107589097,1842410903,-8,1790068519,0.00021435576970986621
2026-09-22T09:18:01.000Z,1790068681,8593197852294,1902118470,-8,1790068670,0.0002213516437879083
2026-09-22T09:19:01.000Z,1790068741,8596253032343,975489088,-8,1790068691,0.00011347840557156333
2026-09-22T09:20:01.000Z,1790068801,8596253032343,975489088,-8,1790068691,0.00011347840557156333
2026-09-22T09:21:01.000Z,1790068861,8591362381531,1019149730,-8,1790068853,0.00011862492637848494
2026-09-22T09:22:01.000Z,1790068921,8591362381531,1019149730,-8,1790068853,0.00011862492637848494
2026-09-22T09:23:01.000Z,1790068981,8591362381531,1019149730,-8,1790068853,0.00011862492637848494
2026-09-22T09:24:01.000Z,1790069041,8591362381531,1019149730,-8,1790068853,0.00011862492637848494
2026-09-22T09:25:01.000Z,1790069101,8591362381531,1019149730,-8,1790068853,0.00011862492637848494
2026-09-22T09:26:01.000Z,1790069161,8584393502028,881497972,-8,1790069133,0.0001026861096001427
2026-09-22T09:27:01.000Z,1790069221,8582827080719,2157919281,-8,1790069185,0.0002514229007185389
2026-09-22T09:28:02.000Z,1790069282,8586284305074,1457182786,-8,1790069265,0.00016971052136474085
2026-09-22T09:29:01.000Z,1790069341,8586284305074,1457182786,-8,1790069265,0.00016971052136474085
2026-09-22T09:30:01.000Z,1790069401,8587326347298,1023121382,-8,1790069346,0.00011914318154706266
2026-09-22T09:31:01.000Z,1790069461,8587326347298,1023121382,-8,1790069346,0.00011914318154706266
2026-09-22T09:32:01.000Z,1790069521,8594469450257,1970549742,-8,1790069486,0.00022928113869100724
2026-09-22T09:33:02.000Z,1790069582,8594469450257,1970549742,-8,1790069486,0.00022928113869100724
2026-09-22T09:34:01.000Z,1790069641,8588680452524,1590807821,-8,1790069597,0.00018522144697239273
2026-09-22T09:35:01.000Z,1790069701,8592308946438,740553562,-8,1790069658,0.00008618795793033042
2026-09-22T09:36:02.000Z,1790069762,8584760363629,1763555460,-8,1790069719,0.00020542861830734894
2026-09-22T09:37:01.000Z,1790069821,8584760363629,1763555460,-8,1790069719,0.00020542861830734894
2026-09-22T09:38:01.000Z,1790069881,8601548359857,852140143,-8,1790069841,0.00009906822671333174
2026-09-22T09:39:01.000Z,1790069941,8594360276814,1413145483,-8,1790069932,0.0001644270704839319
2026-09-22T09:40:01.000Z,1790070001,8594360276814,1413145483,-8,1790069932,0.0001644270704839319
2026-09-22T09:41:02.000Z,1790070062,8594360276814,1413145483,-8,1790069932,0.0001644270704839319
2026-09-22T09:42:01.000Z,1790070121,8594360276814,1413145483,-8,1790069932,0.0001644270704839319
2026-09-22T09:43:01.000Z,1790070181,8602171417475,1437971630,-8,1790070172,0.00016716379623391516
2026-09-22T09:44:01.000Z,1790070241,8603207999502,1095011379,-8,1790070193,0.00012727942635623656
2026-09-22T09:45:01.000Z,1790070301,8603207999502,1095011379,-8,1790070193,0.00012727942635623656
2026-09-22T09:46:01.000Z,1790070361,8604461846712,1518048347,-8,1790070344,0.00017642571656937357
2026-09-22T09:47:01.000Z,1790070421,8602349859066,1959245734,-8,1790070394,0.00022775703919262883
2026-09-22T09:48:01.000Z,1790070481,8602349859066,1959245734,-8,1790070394,0.00022775703919262883
2026-09-22T09:49:01.000Z,1790070541,8602349859066,1959245734,-8,1790070394,0.00022775703919262883
2026-09-22T09:50:01.000Z,1790070601,8601923078738,1701243625,-8,1790070575,0.000197774800986664
2026-09-22T09:51:01.000Z,1790070661,8601923078738,1701243625,-8,1790070575,0.000197774800986664
2026-09-22T09:52:01.000Z,1790070721,8601518867068,2019632932,-8,1790070675,0.00023479957007737544
2026-09-22T09:53:01.000Z,1790070781,8609715635739,1057930574,-8,1790070756,0.00012287636650954202
2026-09-22T09:54:02.000Z,1790070842,8616705511872,1793358405,-8,1790070827,0.00020812576251203328
2026-09-22T09:55:01.000Z,1790070901,8609393731884,2022761332,-8,1790070868,0.00023494817347113683
2026-09-22T09:56:01.000Z,1790070961,8615509356461,1920899605,-8,1790070929,0.0002229583331088215
2026-09-22T09:57:01.000Z,1790071021,8621637200011,2089015373,-8,1790070990,0.00024229915090805894
2026-09-22T09:58:01.000Z,1790071081,8615576340969,1780914929,-8,1790071021,0.00020670873990534443
2026-09-22T09:59:01.000Z,1790071141,8620943395020,1624935608,-8,1790071132,0.00018848698263564348
2026-09-22T10:00:02.000Z,1790071202,8623833401766,1622960758,-8,1790071153,0.0001881948180570891
2026-09-22T10:01:01.000Z,1790071261,8619450090248,1748009298,-8,1790071224,0.00020279823883169627
2026-09-22T10:02:01.000Z,1790071321,8619450090248,1748009298,-8,1790071224,0.00020279823883169627
2026-09-22T10:03:01.000Z,1790071381,8618331941368,2053058632,-8,1790071354,0.0002382199532307774
2026-09-22T10:04:01.000Z,1790071441,8615005249999,1149050001,-8,1790071406,0.00013337774820278066
2026-09-22T10:05:01.000Z,1790071501,8616351473001,1781550244,-8,1790071487,0.000206763877910786
2026-09-22T10:06:02.000Z,1790071562,8612713548204,1763621902,-8,1790071527,0.00020476959928241969
2026-09-22T10:07:01.000Z,1790071621,8612713548204,1763621902,-8,1790071527,0.00020476959928241969
2026-09-22T10:08:02.000Z,1790071682,8610909916708,1218902442,-8,1790071668,0.00014155326832939315
2026-09-22T10:09:01.000Z,1790071741,8609600734918,1917043744,-8,1790071699,0.0002226634896348952
2026-09-22T10:10:02.000Z,1790071802,8607450235652,1867768497,-8,1790071800,0.00021699439971941
2026-09-22T10:11:01.000Z,1790071861,8607311660300,1861399921,-8,1790071810,0.00021625799023700307
2026-09-22T10:12:02.000Z,1790071922,8608431764218,1739456505,-8,1790071891,0.00020206427287142634
2026-09-22T10:13:01.000Z,1790071981,8604317087832,1816427033,-8,1790071932,0.00021110647300164514
2026-09-22T10:14:01.000Z,1790072041,8598459520368,1010779632,-8,1790072032,0.00011755357219577167
2026-09-22T10:15:01.000Z,1790072101,8598459520368,1010779632,-8,1790072032,0.00011755357219577167
2026-09-22T10:16:01.000Z,1790072161,8598459520368,1010779632,-8,1790072032,0.00011755357219577167
