iso_timestamp,unix_timestamp,price,conf,expo,publish_time,ratio
2026-09-21T10:16:59.000Z,1789985819,99977089,9025,-8,1789985816,0.00009027068191593376
2026-09-21T10:18:54.000Z,1789985934,99975503,5650,-8,1789985896,0.00005651384419641279
2026-09-21T10:19:01.000Z,1789985941,99975503,5650,-8,1789985896,0.00005651384419641279
2026-09-21T10:20:01.000Z,1789986001,99976288,5712,-8,1789985967,0.000057133547506784806
2026-09-21T10:21:02.000Z,1789986062,99978712,4338,-8,1789986058,0.000043389236700708846
2026-09-21T10:22:01.000Z,1789986121,99978968,5837,-8,1789986099,0.00005838227896091106
2026-09-21T10:23:01.000Z,1789986181,99977601,8500,-8,1789986149,0.00008501904341553464
2026-09-21T10:24:02.000Z,1789986242,99977224,9966,-8,1789986220,0.00009968270373260214
2026-09-21T10:25:01.000Z,1789986301,99977224,9966,-8,1789986220,0.00009968270373260214
2026-09-21T10:26:02.000Z,1789986362,99977677,7323,-8,1789986341,0.00007324635078288527
2026-09-21T10:27:01.000Z,1789986421,99977574,7231,-8,1789986412,0.00007232621987806985
2026-09-21T10:28:02.000Z,1789986482,99976525,8975,-8,1789986452,0.00008977107375956506
2026-09-21T10:29:01.000Z,1789986541,99975375,9630,-8,1789986523,0.00009632371971598006
2026-09-21T10:30:01.000Z,1789986601,99975297,9907,-8,1789986554,0.00009909447930922376
2026-09-21T10:31:01.000Z,1789986661,99975297,9907,-8,1789986554,0.00009909447930922376
2026-09-21T10:32:01.000Z,1789986721,99975297,9907,-8,1789986554,0.00009909447930922376
2026-09-21T10:33:02.000Z,1789986782,99975500,9205,-8,1789986755,0.00009207255777665528
2026-09-21T10:34:01.000Z,1789986841,99975005,9800,-8,1789986837,0.00009802450122408095
2026-09-21T10:35:01.000Z,1789986901,99976464,8740,-8,1789986868,0.00008742057530660417
2026-09-21T10:36:02.000Z,1789986962,99976500,8305,-8,1789986918,0.00008306952133751431
2026-09-21T10:37:01.000Z,1789987021,99979772,10509,-8,1789987009,0.00010511126190605835
2026-09-21T10:38:01.000Z,1789987081,99979772,8297,-8,1789987030,0.00008298678656718681
2026-09-21T10:39:01.000Z,1789987141,99977733,10047,-8,1789987122,0.00010049237663750588
2026-09-21T10:40:01.000Z,1789987201,99977528,9683,-8,1789987162,0.00009685176452852485
2026-09-21T10:41:01.000Z,1789987261,99977528,9683,-8,1789987162,0.00009685176452852485
2026-09-21T10:42:01.000Z,1789987321,99975410,5590,-8,1789987304,0.00005591374919092605
2026-09-21T10:43:02.000Z,1789987382,99975451,9154,-8,1789987325,0.00009156247767264386
2026-09-21T10:44:01.000Z,1789987441,99974559,7527,-8,1789987385,0.00007528915431374896
2026-09-21T10:45:01.000Z,1789987501,99973551,6532,-8,1789987456,0.00006533728105746689
2026-09-21T10:46:01.000Z,1789987561,99973779,7466,-8,1789987517,0.00007467958173312624
2026-09-21T10:47:02.000Z,1789987622,99977646,6922,-8,1789987567,0.0000692354768985059
2026-09-21T10:48:01.000Z,1789987681,99975769,9335,-8,1789987648,0.00009337262512079302
2026-09-21T10:49:01.000Z,1789987741,99975769,9335,-8,1789987648,0.00009337262512079302
2026-09-21T10:50:01.000Z,1789987801,99974500,5889,-8,1789987798,0.000058905020780298976
2026-09-21T10:51:02.000Z,1789987862,99974507,8753,-8,1789987809,0.0000875523197128644
2026-09-21T10:52:01.000Z,1789987921,99974082,11222,-8,1789987870,0.00011224909271985113
2026-09-21T10:53:01.000Z,1789987981,99974082,11222,-8,1789987870,0.00011224909271985113
2026-09-21T10:54:01.000Z,1789988041,99974082,11222,-8,1789987870,0.00011224909271985113
2026-09-21T10:55:01.000Z,1789988101,99974082,11222,-8,1789987870,0.00011224909271985113
2026-09-21T10:56:02.000Z,1789988162,99973982,6351,-8,1789988110,0.00006352652833214145
2026-09-21T10:57:01.000Z,1789988221,99972507,11250,-8,1789988211,0.00011253093813082031
2026-09-21T10:58:01.000Z,1789988281,99973627,11877,-8,1789988252,0.00011880133147514994
2026-09-21T10:59:01.000Z,1789988341,99974500,10704,-8,1789988333,0.00010706730216205132
2026-09-21T11:00:02.000Z,1789988402,99974500,10704,-8,1789988333,0.00010706730216205132
2026-09-21T11:01:01.000Z,1789988461,99974500,10704,-8,1789988333,0.00010706730216205132
2026-09-21T11:02:01.000Z,1789988521,99974154,11250,-8,1789988494,0.00011252908426711968
2026-09-21T11:03:02.000Z,1789988582,99974463,10641,-8,1789988576,0.00010643718086287696
2026-09-21T11:04:01.000Z,1789988641,99973505,11899,-8,1789988607,0.0001190215347556335
2026-09-21T11:05:01.000Z,1789988701,99973505,11899,-8,1789988607,0.0001190215347556335
2026-09-21T11:06:02.000Z,1789988762,99972670,12249,-8,1789988727,0.00012252348566863325
2026-09-21T11:07:01.000Z,1789988821,99972500,6278,-8,1789988819,0.00006279726924904349
2026-09-21T11:08:01.000Z,1789988881,99973500,11527,-8,1789988870,0.00011530055464698144
2026-09-21T11:09:02.000Z,1789988942,99973505,11300,-8,1789988900,0.00011302994728453303
2026-09-21T11:10:01.000Z,1789989001,99974503,5619,-8,1789988991,0.00005620433041812671
2026-09-21T11:11:01.000Z,1789989061,99974500,8360,-8,1789989052,0.00008362132343747655
2026-09-21T11:12:01.000Z,1789989121,99974500,10205,-8,1789989112,0.00010207602938749381
2026-09-21T11:13:01.000Z,1789989181,99974500,10205,-8,1789989112,0.00010207602938749381
2026-09-21T11:14:01.000Z,1789989241,99974500,10604,-8,1789989183,0.00010606704709700974
2026-09-21T11:15:01.000Z,1789989301,99974500,10604,-8,1789989183,0.00010606704709700974
2026-09-21T11:16:01.000Z,1789989361,99974500,10604,-8,1789989183,0.00010606704709700974
2026-09-21T11:17:02.000Z,1789989422,99973516,11015,-8,1789989414,0.00011017917985399253
2026-09-21T11:18:01.000Z,1789989481,99974500,8012,-8,1789989464,0.00008014043581113184
2026-09-21T11:19:01.000Z,1789989541,99974500,9065,-8,1789989515,0.00009067312164601973
2026-09-21T11:20:01.000Z,1789989601,99971500,10175,-8,1789989596,0.00010177900701699984
2026-09-21T11:21:02.000Z,1789989662,99971500,10175,-8,1789989596,0.00010177900701699984
2026-09-21T11:22:01.000Z,1789989721,99971500,6750,-8,1789989667,0.0000675192429842505
2026-09-21T11:23:02.000Z,1789989782,99971500,6750,-8,1789989667,0.0000675192429842505
2026-09-21T11:24:01.000Z,1789989841,99971500,6750,-8,1789989667,0.0000675192429842505
2026-09-21T11:25:02.000Z,1789989902,99971500,6750,-8,1789989667,0.0000675192429842505
2026-09-21T11:26:01.000Z,1789989961,99970500,9293,-8,1789989937,0.00009295742243961969
2026-09-21T11:27:01.000Z,1789990021,99970500,9293,-8,1789989937,0.00009295742243961969
2026-09-21T11:28:01.000Z,1789990081,99970500,9293,-8,1789989937,0.00009295742243961969
2026-09-21T11:29:02.000Z,1789990142,99970500,9293,-8,1789989937,0.00009295742243961969
2026-09-21T11:30:01.000Z,1789990201,99968500,9404,-8,1789990169,0.00009406963193405922
2026-09-21T11:31:01.000Z,1789990261,99970500,11503,-8,1789990251,0.00011506394386343971
2026-09-21T11:32:02.000Z,1789990322,99970500,11449,-8,1789990262,0.00011452378451643234
2026-09-21T11:33:01.000Z,1789990381,99970500,11449,-8,1789990262,0.00011452378451643234
2026-09-21T11:34:02.000Z,1789990442,99969500,11473,-8,1789990392,0.00011476500332601443
2026-09-21T11:35:01.000Z,1789990501,99969717,12087,-8,1789990463,0.00012090661414996303
2026-09-21T11:36:01.000Z,1789990561,99969717,12087,-8,1789990463,0.00012090661414996303
2026-09-21T11:37:02.000Z,1789990622,99969717,12087,-8,1789990463,0.00012090661414996303
2026-09-21T11:38:01.000Z,1789990681,99972024,11004,-8,1789990654,0.00011007079340516303
2026-09-21T11:39:01.000Z,1789990741,99972024,11004,-8,1789990654,0.00011007079340516303
2026-09-21T11:40:01.000Z,1789990801,99972174,11408,-8,1789990785,0.00011411175273631641
2026-09-21T11:41:01.000Z,1789990861,99972174,11408,-8,1789990785,0.00011411175273631641
2026-09-21T11:42:02.000Z,1789990922,99971506,10897,-8,1789990865,0.00010900105876168356
2026-09-21T11:43:01.000Z,1789990981,99971506,10897,-8,1789990865,0.00010900105876168356
2026-09-21T11:44:02.000Z,1789991042,99972144,11607,-8,1789991026,0.0001161023414682394
2026-09-21T11:45:01.000Z,1789991101,99972144,11607,-8,1789991026,0.0001161023414682394
2026-09-21T11:46:01.000Z,1789991161,99971500,7826,-8,1789991127,0.00007828231045848067
2026-09-21T11:47:02.000Z,1789991222,99972475,9958,-8,1789991207,0.00009960741694151315
2026-09-21T11:48:01.000Z,1789991281,99972408,9435,-8,1789991278,0.0000943760402370222
2026-09-21T11:49:01.000Z,1789991341,99972408,9435,-8,1789991278,0.0000943760402370222
2026-09-21T11:50:02.000Z,1789991402,99969500,6846,-8,1789991379,0.00006848088667043448
2026-09-21T11:51:01.000Z,1789991461,99969500,6846,-8,1789991379,0.00006848088667043448
2026-09-21T11:52:01.000Z,1789991521,99968500,11460,-8,1789991489,0.00011463611037476805
2026-09-21T11:53:01.000Z,1789991581,99968500,11460,-8,1789991489,0.00011463611037476805
2026-09-21T11:54:01.000Z,1789991641,99968500,11460,-8,1789991489,0.00011463611037476805
2026-09-21T11:55:02.000Z,1789991702,99968500,11460,-8,1789991489,0.00011463611037476805
2026-09-21T11:56:01.000Z,1789991761,99968500,11460,-8,1789991489,0.00011463611037476805
2026-09-21T11:57:01.000Z,1789991821,99968533,8022,-8,1789991811,0.00008024525077306075
2026-09-21T11:58:02.000Z,1789991882,99968533,8022,-8,1789991811,0.00008024525077306075
2026-09-21T11:59:01.000Z,1789991941,99969422,11421,-8,1789991881,0.00011424493381586221
2026-09-21T12:00:01.000Z,1789992001,99971230,10389,-8,1789991982,0.00010391989775458399
2026-09-21T12:01:02.000Z,1789992062,99971230,10389,-8,1789991982,0.00010391989775458399
2026-09-21T12:02:01.000Z,1789992121,99970500,10651,-8,1789992093,0.00010654142972176792
2026-09-21T12:03:01.000Z,1789992181,99964232,13138,-8,1789992174,0.00013142700881251207
2026-09-21T12:04:02.000Z,1789992242,99965763,11237,-8,1789992216,0.0001124084852931098
2026-09-21T12:05:01.000Z,1789992301,99966503,11448,-8,1789992246,0.00011451836021512126
2026-09-21T12:06:02.000Z,1789992362,99968506,11352,-8,1789992348,0.00011355576325207861
2026-09-21T12:07:01.000Z,1789992421,99968401,12230,-8,1789992378,0.00012233865779247584
2026-09-21T12:08:02.000Z,1789992482,99970500,11565,-8,1789992450,0.00011568412681741113
2026-09-21T12:09:01.000Z,1789992541,99966797,12350,-8,1789992520,0.00012354101932464636
2026-09-21T12:10:01.000Z,1789992601,99965254,13504,-8,1789992593,0.00013508693730723676
2026-09-21T12:11:02.000Z,1789992662,99968139,11159,-8,1789992634,0.00011162556502127143
2026-09-21T12:12:01.000Z,1789992721,99971851,8971,-8,1789992685,0.00008973525957821867
2026-09-21T12:13:01.000Z,1789992781,99966836,13085,-8,1789992776,0.00013089340949032336
2026-09-21T12:14:01.000Z,1789992841,99965852,14370,-8,1789992827,0.00014374908743837846
2026-09-21T12:15:02.000Z,1789992902,99970121,10620,-8,1789992897,0.00010623174098188798
2026-09-21T12:16:01.000Z,1789992961,99968999,8654,-8,1789992928,0.00008656683658500972
2026-09-21T12:17:01.000Z,1789993021,99970562,12741,-8,1789993008,0.00012744751800034896
2026-09-21T12:18:02.000Z,1789993082,99971063,7069,-8,1789993050,0.00007071046148624027
2026-09-21T12:19:01.000Z,1789993141,99971851,10404,-8,1789993091,0.00010406929446569915
2026-09-21T12:20:02.000Z,1789993202,99969055,11589,-8,1789993192,0.00011592587326148077
2026-09-21T12:21:01.000Z,1789993261,99969055,11589,-8,1789993192,0.00011592587326148077
2026-09-21T12:22:02.000Z,1789993322,99972390,10769,-8,1789993304,0.00010771974142060623
2026-09-21T12:23:02.000Z,1789993382,99972942,10155,-8,1789993375,0.00010157748483584688
2026-09-21T12:24:01.000Z,1789993441,99972942,10155,-8,1789993375,0.00010157748483584688
2026-09-21T12:25:02.000Z,1789993502,99972503,5590,-8,1789993446,0.000055915375050677685
2026-09-21T12:26:01.000Z,1789993561,99971500,12516,-8,1789993517,0.00012519568076901918
2026-09-21T12:27:01.000Z,1789993621,99973535,9905,-8,1789993619,0.00009907622052176109
2026-09-21T12:28:02.000Z,1789993682,99969506,12506,-8,1789993680,0.00012509814742907703
2026-09-21T12:29:01.000Z,1789993741,99969506,12506,-8,1789993680,0.00012509814742907703
2026-09-21T12:30:02.000Z,1789993802,99969506,12506,-8,1789993680,0.00012509814742907703
2026-09-21T12:31:01.000Z,1789993861,99968794,14399,-8,1789993811,0.0001440349475457311
2026-09-21T12:32:01.000Z,1789993921,99970141,14706,-8,1789993911,0.00014710392376059568
2026-09-21T12:33:01.000Z,1789993981,99970912,13011,-8,1789993932,0.00013014785740876307
2026-09-21T12:34:01.000Z,1789994041,99970912,13011,-8,1789993932,0.00013014785740876307
2026-09-21T12:35:02.000Z,1789994102,99970500,11319,-8,1789994072,0.00011322340090326646
2026-09-21T12:36:01.000Z,1789994161,99969708,12139,-8,1789994153,0.0001214267826009855
2026-09-21T12:37:02.000Z,1789994222,99969946,12835,-8,1789994164,0.00012838858590560808
2026-09-21T12:38:01.000Z,1789994281,99969946,12835,-8,1789994164,0.00012838858590560808
2026-09-21T12:39:01.000Z,1789994341,99969946,12835,-8,1789994164,0.00012838858590560808
2026-09-21T12:40:01.000Z,1789994401,99970421,8216,-8,1789994395,0.00008218430929684691
2026-09-21T12:41:01.000Z,1789994461,99971764,10431,-8,1789994436,0.00010433946129028992
2026-09-21T12:42:02.000Z,1789994522,99971517,11181,-8,1789994486,0.00011184185591582051
2026-09-21T12:43:01.000Z,1789994581,99971517,11181,-8,1789994486,0.00011184185591582051
2026-09-21T12:44:02.000Z,1789994642,99973302,8845,-8,1789994607,0.00008847362068725109
2026-09-21T12:45:01.000Z,1789994701,99973723,8643,-8,1789994697,0.00008645271718049352
2026-09-21T12:46:02.000Z,1789994762,99973506,4701,-8,1789994739,0.00004702245813005698
2026-09-21T12:47:01.000Z,1789994821,99973506,4701,-8,1789994739,0.00004702245813005698
2026-09-21T12:48:02.000Z,1789994882,99973502,5381,-8,1789994850,0.000053824262353038306
2026-09-21T12:49:01.000Z,1789994941,99973506,9133,-8,1789994912,0.0000913542033826442
2026-09-21T12:50:02.000Z,1789995002,99973500,4000,-8,1789994963,0.00004001060280974458
2026-09-21T12:51:01.000Z,1789995061,99973400,8948,-8,1789995023,0.00008950380801293144
2026-09-21T12:52:01.000Z,1789995121,99973400,8948,-8,1789995023,0.00008950380801293144
2026-09-21T12:53:02.000Z,1789995182,99972500,5000,-8,1789995175,0.00005001375378229013
2026-09-21T12:54:01.000Z,1789995241,99971516,12697,-8,1789995196,0.00012700617643929697
2026-09-21T12:55:02.000Z,1789995302,99972506,4994,-8,1789995277,0.000049953734279702865
2026-09-21T12:56:01.000Z,1789995361,99970085,8823,-8,1789995358,0.00008825640190262917
2026-09-21T12:57:02.000Z,1789995422,99969665,7955,-8,1789995399,0.00007957413881500953
2026-09-21T12:58:01.000Z,1789995481,99970175,13325,-8,1789995459,0.00013328975366903178
2026-09-21T12:59:01.000Z,1789995541,99973083,9358,-8,1789995530,0.0000936051957105294
2026-09-21T13:00:02.000Z,1789995602,99973900,9295,-8,1789995581,0.00009297426628349999
2026-09-21T13:01:01.000Z,1789995661,99973900,9295,-8,1789995581,0.00009297426628349999
2026-09-21T13:02:01.000Z,1789995721,99970278,8222,-8,1789995713,0.00008224444469385191
2026-09-21T13:03:02.000Z,1789995782,99968625,13632,-8,1789995776,0.0001363627838234246
2026-09-21T13:04:01.000Z,1789995841,99968625,13632,-8,1789995776,0.0001363627838234246
2026-09-21T13:05:02.000Z,1789995902,99968673,9827,-8,1789995857,0.00009830079468995252
2026-09-21T13:06:01.000Z,1789995961,99972138,6362,-8,1789995938,0.00006363773074454005
2026-09-21T13:07:01.000Z,1789996021,99972300,8237,-8,1789995998,0.00008239282281191891
2026-09-21T13:08:01.000Z,1789996081,99971504,7183,-8,1789996029,0.00007185047451121672
2026-09-21T13:09:01.000Z,1789996141,99971500,11965,-8,1789996089,0.00011968410997134184
2026-09-21T13:10:01.000Z,1789996201,99971060,6440,-8,1789996180,0.00006441864275521336
2026-09-21T13:11:01.000Z,1789996261,99969819,9895,-8,1789996251,0.00009897987311550499
2026-09-21T13:12:01.000Z,1789996321,99969819,9895,-8,1789996251,0.00009897987311550499
2026-09-21T13:13:02.000Z,1789996382,99970147,9754,-8,1789996373,0.00009756912731157632
2026-09-21T13:14:01.000Z,1789996441,99969652,7848,-8,1789996425,0.00007850382434061089
2026-09-21T13:15:02.000Z,1789996502,99969948,9274,-8,1789996486,0.00009276787860287774
2026-09-21T13:16:01.000Z,1789996561,99969506,10465,-8,1789996527,0.00010468192170520479
2026-09-21T13:17:01.000Z,1789996621,99969395,8105,-8,1789996578,0.00008107481294650227
2026-09-21T13:18:02.000Z,1789996682,99970506,12285,-8,1789996649,0.00012288624406882567
2026-09-21T13:19:01.000Z,1789996741,99970506,12285,-8,1789996649,0.00012288624406882567
2026-09-21T13:20:01.000Z,1789996801,99971500,9685,-8,1789996769,0.00009687761011888388
2026-09-21T13:21:01.000Z,1789996861,99971504,9836,-8,1789996851,0.00009838803665492518
2026-09-21T13:22:01.000Z,1789996921,99972007,9336,-8,1789996872,0.00009338614158261322
2026-09-21T13:23:02.000Z,1789996982,99971073,10079,-8,1789996942,0.00010081916395955859
2026-09-21T13:24:01.000Z,1789997041,99969603,8897,-8,1789996993,0.00008899705243402837
2026-09-21T13:25:01.000Z,1789997101,99970503,7997,-8,1789997063,0.00007999359571092685
2026-09-21T13:26:02.000Z,1789997162,99971502,12344,-8,1789997114,0.00012347518795906458
2026-09-21T13:27:01.000Z,1789997221,99973502,5001,-8,1789997215,0.000050023255162152866
2026-09-21T13:28:01.000Z,1789997281,99973504,5093,-8,1789997236,0.000050943497989227224
2026-09-21T13:29:02.000Z,1789997342,99971506,11314,-8,1789997307,0.0001131722473001457
2026-09-21T13:30:01.000Z,1789997401,99968835,13124,-8,1789997388,0.0001312809136967536
2026-09-21T13:31:01.000Z,1789997461,99968518,18660,-8,1789997438,0.0001866587639120548
2026-09-21T13:32:01.000Z,1789997521,99968942,9558,-8,1789997502,0.00009560969445890505
2026-09-21T13:33:01.000Z,1789997581,99965260,13588,-8,1789997565,0.00013592722111661592
2026-09-21T13:34:02.000Z,1789997642,99965001,12499,-8,1789997586,0.00012503376056586043
2026-09-21T13:35:01.000Z,1789997701,99970450,6370,-8,1789997698,0.00006371882891394406
2026-09-21T13:36:01.000Z,1789997761,99971500,10451,-8,1789997729,0.00010453979384124476
2026-09-21T13:37:01.000Z,1789997821,99967377,7183,-8,1789997803,0.00007185344074797522
2026-09-21T13:38:00.000Z,1789997880,99966504,15667,-8,1789997855,0.00015672249576718217
2026-09-21T13:39:01.000Z,1789997941,99968003,12149,-8,1789997938,0.00012152888559752464
2026-09-21T13:40:01.000Z,1789998001,99968067,7433,-8,1789997959,0.00007435374338087381
2026-09-21T13:41:02.000Z,1789998062,99968118,9663,-8,1789998051,0.00009666081740180404
2026-09-21T13:42:01.000Z,1789998121,99966349,9276,-8,1789998104,0.0000927912251751837
2026-09-21T13:43:01.000Z,1789998181,99967504,8643,-8,1789998146,0.00008645809542268855
2026-09-21T13:44:02.000Z,1789998242,99967518,8506,-8,1789998227,0.00008508763816662929
2026-09-21T13:45:01.000Z,1789998301,99966125,9686,-8,1789998268,0.00009689282244360277
2026-09-21T13:46:02.000Z,1789998362,99965538,8962,-8,1789998349,0.00008965089549160431
2026-09-21T13:47:01.000Z,1789998421,99965538,9375,-8,1789998391,0.00009378231926286437
2026-09-21T13:48:02.000Z,1789998482,99965252,7248,-8,1789998472,0.00007250519410484755
2026-09-21T13:49:02.000Z,1789998542,99965968,10606,-8,1789998533,0.00010609610662700731
2026-09-21T13:50:01.000Z,1789998601,99967062,5438,-8,1789998596,0.00005439791758609451
2026-09-21T13:51:01.000Z,1789998661,99967500,10835,-8,1789998659,0.00010838522519818941
2026-09-21T13:52:02.000Z,1789998722,99968250,7898,-8,1789998699,0.00007900508411420626
2026-09-21T13:53:01.000Z,1789998781,99968500,10265,-8,1789998730,0.00010268234493865567
2026-09-21T13:54:01.000Z,1789998841,99969145,9020,-8,1789998812,0.00009022783979997028
2026-09-21T13:55:02.000Z,1789998902,99965500,8985,-8,1789998893,0.00008988100894808709
2026-09-21T13:56:01.000Z,1789998961,99965500,8985,-8,1789998893,0.00008988100894808709
2026-09-21T13:57:02.000Z,1789999022,99963500,8000,-8,1789999010,0.00008002921066189159
2026-09-21T13:58:01.000Z,1789999081,99962915,7585,-8,1789999051,0.00007587813940799946
2026-09-21T13:59:01.000Z,1789999141,99963500,7000,-8,1789999133,0.00007002555932915514
2026-09-21T14:00:01.000Z,1789999201,99963500,7006,-8,1789999193,0.00007008558123715157
2026-09-21T14:01:02.000Z,1789999262,99961982,12274,-8,1789999244,0.00012278668104039793
2026-09-21T14:02:01.000Z,1789999321,99961500,9000,-8,1789999307,0.00009003466334538798
2026-09-21T14:03:02.000Z,1789999382,99961500,9000,-8,1789999307,0.00009003466334538798
2026-09-21T14:04:01.000Z,1789999441,99960669,9831,-8,1789999419,0.0000983486815199286
2026-09-21T14:05:02.000Z,1789999502,99964187,11199,-8,1789999490,0.00011203012134735813
2026-09-21T14:06:01.000Z,1789999561,99965250,7265,-8,1789999551,0.00007267525465099122
2026-09-21T14:07:02.000Z,1789999622,99966734,11809,-8,1789999605,0.00011812929689190407
2026-09-21T14:08:01.000Z,1789999681,99965371,13228,-8,1789999677,0.0001323258231092845
2026-09-21T14:09:02.000Z,1789999742,99965000,6944,-8,1789999737,0.00006946431250937828
2026-09-21T14:10:01.000Z,1789999801,99963503,7289,-8,1789999799,0.00007291661237601888
2026-09-21T14:11:01.000Z,1789999861,99963276,7649,-8,1789999829,0.00007651810050723028
2026-09-21T14:12:02.000Z,1789999922,99962153,12824,-8,1789999881,0.0001282885533687935
2026-09-21T14:13:01.000Z,1789999981,99961670,13405,-8,1789999963,0.000134101401067029
2026-09-21T14:14:01.000Z,1790000041,99965456,7107,-8,1790000025,0.00007109455890442794
2026-09-21T14:15:01.000Z,1790000101,99965000,9339,-8,1790000056,0.0000934226979442805
2026-09-21T14:16:01.000Z,1790000161,99963755,7745,-8,1790000137,0.00007747808193079581
2026-09-21T14:17:02.000Z,1790000222,99963630,13319,-8,1790000219,0.00013323845882747554
2026-09-21T14:18:02.000Z,1790000282,99963505,13317,-8,1790000260,0.00013321861813468826
2026-09-21T14:19:01.000Z,1790000341,99963505,12494,-8,1790000311,0.00012498561349964668
2026-09-21T14:20:02.000Z,1790000402,99962500,14195,-8,1790000381,0.0001420032512192072
2026-09-21T14:21:01.000Z,1790000461,99963504,13465,-8,1790000432,0.00013469915980536255
2026-09-21T14:22:02.000Z,1790000522,99962502,14433,-8,1790000503,0.00014438414116525416
2026-09-21T14:23:01.000Z,1790000581,99964500,12986,-8,1790000555,0.00012990611667141835
2026-09-21T14:24:01.000Z,1790000641,99966640,11436,-8,1790000636,0.00011439816322725261
2026-09-21T14:25:02.000Z,1790000702,99966640,11436,-8,1790000636,0.00011439816322725261
2026-09-21T14:26:01.000Z,1790000761,99968052,4552,-8,1790000727,0.00004553454737719607
2026-09-21T14:27:01.000Z,1790000821,99965774,14094,-8,1790000809,0.00014098825464003308
2026-09-21T14:28:01.000Z,1790000881,99966004,12050,-8,1790000830,0.00012054097911125866
2026-09-21T14:29:01.000Z,1790000941,99964500,13490,-8,1790000910,0.00013494790650680992
2026-09-21T14:30:01.000Z,1790001001,99963289,13686,-8,1790000981,0.00013691026112596196
2026-09-21T14:31:02.000Z,1790001062,99962506,13465,-8,1790001054,0.0001347005046071974
2026-09-21T14:32:01.000Z,1790001121,99965332,10570,-8,1790001105,0.00010573665678417394
2026-09-21T14:33:01.000Z,1790001181,99965186,11915,-8,1790001176,0.0001191914953271832
2026-09-21T14:34:01.000Z,1790001241,99966404,10208,-8,1790001237,0.00010211430632235205
2026-09-21T14:35:02.000Z,1790001302,99966404,10208,-8,1790001237,0.00010211430632235205
2026-09-21T14:36:01.000Z,1790001361,99969844,9601,-8,1790001359,0.00009603896150923272
2026-09-21T14:37:02.000Z,1790001422,99970498,9210,-8,1790001410,0.00009212717936045492
2026-09-21T14:38:01.000Z,1790001481,99970689,8963,-8,1790001473,0.00008965627915198223
2026-09-21T14:39:01.000Z,1790001541,99969500,10608,-8,1790001524,0.00010611236427110269
2026-09-21T14:40:01.000Z,1790001601,99965325,14081,-8,1790001555,0.0001408588428037422
2026-09-21T14:41:02.000Z,1790001662,99968500,11530,-8,1790001647,0.00011533633094424744
2026-09-21T14:42:01.000Z,1790001721,99969375,10927,-8,1790001698,0.00010930347418897038
2026-09-21T14:43:01.000Z,1790001781,99969112,11009,-8,1790001760,0.00011012401510578588
2026-09-21T14:44:02.000Z,1790001842,99969112,11009,-8,1790001760,0.00011012401510578588
2026-09-21T14:45:01.000Z,1790001901,99969112,11009,-8,1790001760,0.00011012401510578588
2026-09-21T14:46:02.000Z,1790001962,99969497,9986,-8,1790001931,0.00009989046958993902
2026-09-21T14:47:01.000Z,1790002021,99966505,9476,-8,1790001993,0.00009479175049682892
2026-09-21T14:48:01.000Z,1790002081,99967502,12699,-8,1790002044,0.00012703128262622787
2026-09-21T14:49:01.000Z,1790002141,99967003,14956,-8,1790002104,0.0001496093666026979
2026-09-21T14:50:01.000Z,1790002201,99967003,14956,-8,1790002104,0.0001496093666026979
2026-09-21T14:51:01.000Z,1790002261,99971003,12119,-8,1790002236,0.00012122515165722605
2026-09-21T14:52:02.000Z,1790002322,99969550,12561,-8,1790002317,0.00012564825989513806
2026-09-21T14:53:01.000Z,1790002381,99969500,2000,-8,1790002358,0.000020006101861067627
2026-09-21T14:54:01.000Z,1790002441,99970278,11799,-8,1790002420,0.00011802507941410346
2026-09-21T14:55:02.000Z,1790002502,99972322,7117,-8,1790002491,0.00007118970388624164
2026-09-21T14:56:01.000Z,1790002561,99975767,5267,-8,1790002543,0.00005268276661483377
2026-09-21T14:57:01.000Z,1790002621,99975500,7988,-8,1790002616,0.00007989957539597201
2026-09-21T14:58:01.000Z,1790002681,99975859,10168,-8,1790002678,0.00010170455249601807
2026-09-21T14:59:02.000Z,1790002742,99975459,10855,-8,1790002729,0.00010857664579464446
2026-09-21T15:00:01.000Z,1790002801,99974105,11212,-8,1790002790,0.00011214904099416545
2026-09-21T15:01:02.000Z,1790002862,99974905,11583,-8,1790002842,0.0001158590748348298
2026-09-21T15:02:02.000Z,1790002922,99977364,8821,-8,1790002904,0.00008822997173640225
2026-09-21T15:03:01.000Z,1790002981,99975500,7058,-8,1790002966,0.0000705972963376027
2026-09-21T15:04:02.000Z,1790003042,99976076,12525,-8,1790002996,0.0001252799719804966
2026-09-21T15:05:01.000Z,1790003101,99974894,10919,-8,1790003087,0.00010921742012549671
2026-09-21T15:06:02.000Z,1790003162,99979155,11845,-8,1790003129,0.0001184746960503917
2026-09-21T15:07:01.000Z,1790003221,99979502,4608,-8,1790003179,0.00004608944741493111
2026-09-21T15:08:02.000Z,1790003282,99979509,10735,-8,1790003270,0.00010737200159684721
2026-09-21T15:09:01.000Z,1790003341,99976000,12040,-8,1790003323,0.00012042890293670481
2026-09-21T15:10:02.000Z,1790003402,99980000,6879,-8,1790003396,0.00006880376075215043
2026-09-21T15:11:01.000Z,1790003461,99980618,6271,-8,1790003457,0.00006272215680843261
2026-09-21T15:12:02.000Z,1790003522,99980505,8006,-8,1790003499,0.00008007561074031383
2026-09-21T15:13:02.000Z,1790003582,99981283,11489,-8,1790003539,0.00011491150798694992
2026-09-21T15:14:01.000Z,1790003641,99983505,6006,-8,1790003621,0.000060069908531412256
2026-09-21T15:15:02.000Z,1790003702,99985691,5849,-8,1790003682,0.000058498370531839404
2026-09-21T15:16:01.000Z,1790003761,99985500,8395,-8,1790003743,0.00008396217451530472
2026-09-21T15:17:01.000Z,1790003821,99986139,8869,-8,1790003794,0.00008870229502511343
2026-09-21T15:18:02.000Z,1790003882,99987942,6488,-8,1790003874,0.00006488782417383888
2026-09-21T15:19:01.000Z,1790003941,99988862,7023,-8,1790003926,0.00007023782308873562
2026-09-21T15:20:02.000Z,1790004002,99989651,6608,-8,1790003999,0.00006608683932700195
2026-09-21T15:21:01.000Z,1790004061,99991945,8752,-8,1790004030,0.00008752705030390198
2026-09-21T15:22:01.000Z,1790004121,99989375,6231,-8,1790004113,0.00006231662114099623
2026-09-21T15:23:02.000Z,1790004182,99992274,9075,-8,1790004165,0.00009075701188673836
2026-09-21T15:24:01.000Z,1790004241,99991787,8952,-8,1790004236,0.00008952735288149216
2026-09-21T15:25:02.000Z,1790004302,99992357,8107,-8,1790004298,0.00008107619665371024
2026-09-21T15:26:02.000Z,1790004362,99992607,8357,-8,1790004329,0.00008357617878689771
2026-09-21T15:27:01.000Z,1790004421,99992607,8357,-8,1790004329,0.00008357617878689771
2026-09-21T15:28:02.000Z,1790004482,99992607,8357,-8,1790004329,0.00008357617878689771
2026-09-21T15:29:01.000Z,1790004541,99993067,11568,-8,1790004499,0.0001156880206504717
2026-09-21T15:30:02.000Z,1790004602,99985633,9358,-8,1790004550,0.00009359344657046878
2026-09-21T15:31:01.000Z,1790004661,99981894,6990,-8,1790004653,0.00006991265838592735
2026-09-21T15:32:02.000Z,1790004722,99986500,8005,-8,1790004694,0.00008006080820910823
2026-09-21T15:33:01.000Z,1790004781,99983091,11714,-8,1790004765,0.0001171598105523663
2026-09-21T15:34:02.000Z,1790004842,99980275,6510,-8,1790004815,0.00006511284350838203
2026-09-21T15:35:01.000Z,1790004901,99981026,11336,-8,1790004898,0.0001133815130082782
2026-09-21T15:36:01.000Z,1790004961,99982075,11310,-8,1790004908,0.00011312027680961813
2026-09-21T15:37:02.000Z,1790005022,99985500,7110,-8,1790005000,0.00007111031099509429
2026-09-21T15:38:01.000Z,1790005081,99981500,9410,-8,1790005071,0.00009411741172116841
2026-09-21T15:39:02.000Z,1790005142,99984254,4690,-8,1790005123,0.000046907386037005385
2026-09-21T15:40:01.000Z,1790005201,99986366,4867,-8,1790005194,0.000048676636572630315
2026-09-21T15:41:02.000Z,1790005262,99984505,9798,-8,1790005256,0.00009799518435381562
2026-09-21T15:42:01.000Z,1790005321,99984505,9798,-8,1790005256,0.00009799518435381562
2026-09-21T15:43:02.000Z,1790005382,99986722,8779,-8,1790005356,0.00008780165830418962
2026-09-21T15:44:02.000Z,1790005442,99988011,7989,-8,1790005417,0.00007989957916054556
2026-09-21T15:45:01.000Z,1790005501,99988661,11731,-8,1790005457,0.00011732330328935998
2026-09-21T15:46:02.000Z,1790005562,99991506,8869,-8,1790005559,0.00008869753396853529
2026-09-21T15:47:02.000Z,1790005622,99991506,8869,-8,1790005559,0.00008869753396853529
2026-09-21T15:48:02.000Z,1790005682,99989603,8397,-8,1790005660,0.00008397873126869001
2026-09-21T15:49:01.000Z,1790005741,99987935,12334,-8,1790005701,0.0001233548827666058
2026-09-21T15:50:02.000Z,1790005802,99989295,10705,-8,1790005761,0.0001070614609293925
2026-09-21T15:51:01.000Z,1790005861,99989295,10705,-8,1790005761,0.0001070614609293925
2026-09-21T15:52:02.000Z,1790005922,99989389,11112,-8,1790005903,0.00011113179219446975
2026-09-21T15:53:01.000Z,1790005981,99989238,12762,-8,1790005974,0.00012763373594266216
2026-09-21T15:54:01.000Z,1790006041,99989111,10076,-8,1790006015,0.00010077097295124466
2026-09-21T15:55:02.000Z,1790006102,99990699,10301,-8,1790006056,0.00010301958185130799
2026-09-21T15:56:01.000Z,1790006161,99998500,16679,-8,1790006147,0.0001667925018875283
2026-09-21T15:57:02.000Z,1790006222,99998500,16679,-8,1790006147,0.0001667925018875283
2026-09-21T15:58:01.000Z,1790006281,99996306,13694,-8,1790006248,0.00013694505875047025
2026-09-21T15:59:02.000Z,1790006342,99996306,13694,-8,1790006248,0.00013694505875047025
2026-09-21T16:00:01.000Z,1790006401,99992929,9071,-8,1790006399,0.00009071641455767338
2026-09-21T16:01:02.000Z,1790006462,99993385,11615,-8,1790006449,0.0001161576838307854
2026-09-21T16:02:02.000Z,1790006522,99993440,10981,-8,1790006510,0.00010981720400858296
2026-09-21T16:03:01.000Z,1790006581,99993447,11553,-8,1790006531,0.00011553757117703923
2026-09-21T16:04:02.000Z,1790006642,99992918,11236,-8,1790006632,0.0001123679578987784
2026-09-21T16:05:01.000Z,1790006701,99992165,12835,-8,1790006694,0.00012836005701046677
2026-09-21T16:06:02.000Z,1790006762,99992964,12036,-8,1790006715,0.00012036846912548767
2026-09-21T16:07:02.000Z,1790006822,100000000,7658,-8,1790006817,0.00007658
2026-09-21T16:08:01.000Z,1790006881,100001252,7801,-8,1790006858,0.00007800902332702795
2026-09-21T16:09:02.000Z,1790006942,99999161,8054,-8,1790006920,0.00008054067573626943
2026-09-21T16:10:01.000Z,1790007001,99997975,7410,-8,1790006991,0.00007410150055538624
2026-09-21T16:11:02.000Z,1790007062,99997975,3223,-8,1790007002,0.00003223065267071658
2026-09-21T16:12:01.000Z,1790007121,99997000,6738,-8,1790007103,0.00006738202146064382
2026-09-21T16:13:02.000Z,1790007182,99997000,6738,-8,1790007103,0.00006738202146064382
2026-09-21T16:14:02.000Z,1790007242,99993810,8236,-8,1790007224,0.00008236509839959094
2026-09-21T16:15:01.000Z,1790007301,99993810,8236,-8,1790007224,0.00008236509839959094
2026-09-21T16:16:02.000Z,1790007362,99994281,12782,-8,1790007357,0.00012782731044388428
2026-09-21T16:17:01.000Z,1790007421,99994281,12782,-8,1790007357,0.00012782731044388428
2026-09-21T16:18:02.000Z,1790007482,99989557,9575,-8,1790007479,0.00009576000021682264
2026-09-21T16:19:01.000Z,1790007541,99989557,9575,-8,1790007479,0.00009576000021682264
2026-09-21T16:20:02.000Z,1790007602,99989557,9575,-8,1790007479,0.00009576000021682264
2026-09-21T16:21:01.000Z,1790007661,99989557,9575,-8,1790007479,0.00009576000021682264
2026-09-21T16:22:02.000Z,1790007722,99988857,10643,-8,1790007690,0.00010644186081655079
2026-09-21T16:23:01.000Z,1790007781,99990891,11800,-8,1790007731,0.00011801074959918099
2026-09-21T16:24:02.000Z,1790007842,99993658,14667,-8,1790007822,0.0001466793024013583
2026-09-21T16:25:01.000Z,1790007901,99996144,15691,-8,1790007873,0.00015691605068291433
2026-09-21T16:26:02.000Z,1790007962,99996144,15691,-8,1790007873,0.00015691605068291433
2026-09-21T16:27:01.000Z,1790008021,99998287,14708,-8,1790007974,0.00014708251952355944
2026-09-21T16:28:02.000Z,1790008082,100002766,24227,-8,1790008065,0.00024226329899714973
2026-09-21T16:29:02.000Z,1790008142,99998987,12489,-8,1790008086,0.00012489126514851596
2026-09-21T16:30:01.000Z,1790008201,99997639,14139,-8,1790008147,0.00014139333829671718
2026-09-21T16:31:02.000Z,1790008262,99997639,14139,-8,1790008147,0.00014139333829671718
2026-09-21T16:32:01.000Z,1790008321,99996502,11878,-8,1790008288,0.00011878415506974434
2026-09-21T16:33:02.000Z,1790008382,99997114,14807,-8,1790008369,0.00014807427342353101
2026-09-21T16:34:01.000Z,1790008441,99996209,13922,-8,1790008439,0.00013922527803029013
2026-09-21T16:35:02.000Z,1790008502,99996056,14444,-8,1790008460,0.00014444569693828724
2026-09-21T16:36:02.000Z,1790008562,99996056,14444,-8,1790008460,0.00014444569693828724
2026-09-21T16:37:01.000Z,1790008621,99998075,17425,-8,1790008570,0.00017425335437707177
2026-09-21T16:38:02.000Z,1790008682,99996831,18358,-8,1790008632,0.00018358581783456718
2026-09-21T16:39:01.000Z,1790008741,99995610,11891,-8,1790008703,0.00011891522037817461
2026-09-21T16:40:02.000Z,1790008802,99995701,11701,-8,1790008774,0.00011701503047616017
2026-09-21T16:41:02.000Z,1790008862,99995701,11701,-8,1790008774,0.00011701503047616017
2026-09-21T16:42:01.000Z,1790008921,100002503,25313,-8,1790008864,0.0002531236643146822
2026-09-21T16:43:01.000Z,1790008981,100001943,17264,-8,1790008965,0.00017263664566997464
2026-09-21T16:44:02.000Z,1790009042,100001943,17264,-8,1790008965,0.00017263664566997464
2026-09-21T16:45:01.000Z,1790009101,100001943,17264,-8,1790008965,0.00017263664566997464
2026-09-21T16:46:02.000Z,1790009162,100004218,15782,-8,1790009126,0.000157813343433174
2026-09-21T16:47:01.000Z,1790009221,100004218,15782,-8,1790009126,0.000157813343433174
2026-09-21T16:48:02.000Z,1790009282,100006374,13626,-8,1790009277,0.00013625131534116016
2026-09-21T16:49:01.000Z,1790009341,100006374,13626,-8,1790009277,0.00013625131534116016
2026-09-21T16:50:02.000Z,1790009402,100006374,13626,-8,1790009277,0.00013625131534116016
2026-09-21T16:51:02.000Z,1790009462,100005002,13505,-8,1790009408,0.00013504324513687825
2026-09-21T16:52:01.000Z,1790009521,100003928,15635,-8,1790009509,0.0001563438588132258
2026-09-21T16:53:02.000Z,1790009582,100006829,18016,-8,1790009520,0.00018014769771372314
2026-09-21T16:54:02.000Z,1790009642,100006829,18016,-8,1790009520,0.00018014769771372314
2026-09-21T16:55:01.000Z,1790009701,100006829,18016,-8,1790009520,0.00018014769771372314
2026-09-21T16:56:02.000Z,1790009762,100011005,24044,-8,1790009752,0.00024041354248964902
2026-09-21T16:57:02.000Z,1790009822,99999983,31970,-8,1790009782,0.00031970005434900925
2026-09-21T16:58:01.000Z,1790009881,99993283,33972,-8,1790009864,0.0003397428205252547
2026-09-21T16:59:02.000Z,1790009942,99992502,31570,-8,1790009905,0.0003157236729609986
2026-09-21T17:00:01.000Z,1790010001,99992502,31570,-8,1790009905,0.0003157236729609986
2026-09-21T17:01:02.000Z,1790010062,99998752,25969,-8,1790010056,0.00025969324097164734
2026-09-21T17:02:02.000Z,1790010122,99998752,25969,-8,1790010056,0.00025969324097164734
2026-09-21T17:03:01.000Z,1790010181,100000132,10974,-8,1790010147,0.00010973985514339121
2026-09-21T17:04:01.000Z,1790010241,99998394,15473,-8,1790010198,0.00015473248500370916
2026-09-21T17:05:02.000Z,1790010302,99993833,19986,-8,1790010258,0.00019987232612635221
2026-09-21T17:06:01.000Z,1790010361,99997363,17637,-8,1790010339,0.00017637465099954686
2026-09-21T17:07:02.000Z,1790010422,99999784,17070,-8,1790010400,0.0001707003687127964
2026-09-21T17:08:02.000Z,1790010482,99999784,17070,-8,1790010400,0.0001707003687127964
2026-09-21T17:09:01.000Z,1790010541,99999933,12804,-8,1790010531,0.0001280400857868575
2026-09-21T17:10:02.000Z,1790010602,99997714,11478,-8,1790010592,0.00011478262393078306
2026-09-21T17:11:01.000Z,1790010661,99997714,11478,-8,1790010592,0.00011478262393078306
2026-09-21T17:12:02.000Z,1790010722,99995704,12549,-8,1790010683,0.00012549539128200947
2026-09-21T17:13:02.000Z,1790010782,99996508,7492,-8,1790010773,0.00007492261629776111
2026-09-21T17:14:01.000Z,1790010841,99998019,6481,-8,1790010814,0.00006481128391153428
2026-09-21T17:15:01.000Z,1790010901,99996397,7103,-8,1790010875,0.00007103255930311168
2026-09-21T17:16:02.000Z,1790010962,99996519,9269,-8,1790010936,0.00009269322665121973
2026-09-21T17:17:01.000Z,1790011021,99997777,10527,-8,1790011017,0.00010527234020412274
2026-09-21T17:18:02.000Z,1790011082,99998899,6930,-8,1790011068,0.00006930076300140064
2026-09-21T17:19:01.000Z,1790011141,99998867,7077,-8,1790011090,0.00007077080183318477
2026-09-21T17:20:02.000Z,1790011202,99998500,11250,-8,1790011181,0.00011250168752531288
2026-09-21T17:21:02.000Z,1790011262,99999500,6389,-8,1790011232,0.00006389031945159725
2026-09-21T17:22:01.000Z,1790011321,99999500,8074,-8,1790011314,0.00008074040370201851
2026-09-21T17:23:02.000Z,1790011382,99999000,8574,-8,1790011325,0.00008574085740857409
2026-09-21T17:24:01.000Z,1790011441,99999000,8574,-8,1790011325,0.00008574085740857409
2026-09-21T17:25:02.000Z,1790011502,99998500,11250,-8,1790011445,0.00011250168752531288
2026-09-21T17:26:01.000Z,1790011561,99998500,11250,-8,1790011445,0.00011250168752531288
2026-09-21T17:27:01.000Z,1790011621,99998500,11250,-8,1790011445,0.00011250168752531288
2026-09-21T17:28:02.000Z,1790011682,99999500,8260,-8,1790011636,0.000082600413002065
2026-09-21T17:29:02.000Z,1790011742,99999500,8260,-8,1790011636,0.000082600413002065
2026-09-21T17:30:01.000Z,1790011801,99999033,7967,-8,1790011747,0.00007967077041634993
2026-09-21T17:31:02.000Z,1790011862,99999500,12250,-8,1790011849,0.0001225006125030625
2026-09-21T17:32:01.000Z,1790011921,99999500,12250,-8,1790011849,0.0001225006125030625
2026-09-21T17:33:02.000Z,1790011982,99999994,8006,-8,1790011979,0.00008006000480360028
2026-09-21T17:34:02.000Z,1790012042,99999994,8006,-8,1790011979,0.00008006000480360028
2026-09-21T17:35:01.000Z,1790012101,100000179,8250,-8,1790012070,0.00008249985232526433
2026-09-21T17:36:02.000Z,1790012162,100001023,13773,-8,1790012141,0.0001377285910365137
2026-09-21T17:37:01.000Z,1790012221,100002040,8960,-8,1790012211,0.00008959817219728717
2026-09-21T17:38:02.000Z,1790012282,100001777,7272,-8,1790012252,0.0000727187077885626
2026-09-21T17:39:01.000Z,1790012341,100001500,14250,-8,1790012303,0.00014249786253206202
2026-09-21T17:40:02.000Z,1790012402,100001500,14250,-8,1790012303,0.00014249786253206202
2026-09-21T17:41:01.000Z,1790012461,100001500,14250,-8,1790012303,0.00014249786253206202
2026-09-21T17:42:02.000Z,1790012522,100001500,14250,-8,1790012303,0.00014249786253206202
2026-09-21T17:43:02.000Z,1790012582,100001500,6995,-8,1790012554,0.00006994895076573852
2026-09-21T17:44:01.000Z,1790012641,100002056,9806,-8,1790012584,0.00009805798392785045
2026-09-21T17:45:02.000Z,1790012702,100001583,6179,-8,1790012696,0.00006178902187978364
2026-09-21T17:46:01.000Z,1790012761,100001583,6179,-8,1790012696,0.00006178902187978364
2026-09-21T17:47:02.000Z,1790012822,100001028,6972,-8,1790012766,0.00006971928328576782
2026-09-21T17:48:01.000Z,1790012881,100001028,6972,-8,1790012766,0.00006971928328576782
2026-09-21T17:49:02.000Z,1790012942,99999000,8000,-8,1790012897,0.00008000080000800008
2026-09-21T17:50:01.000Z,1790013001,100000362,6619,-8,1790012978,0.00006618976039306737
2026-09-21T17:51:01.000Z,1790013061,99999500,6500,-8,1790013039,0.00006500032500162501
2026-09-21T17:52:02.000Z,1790013122,99999171,8829,-8,1790013101,0.0000882907319301677
2026-09-21T17:53:01.000Z,1790013181,99999171,8829,-8,1790013101,0.0000882907319301677
2026-09-21T17:54:01.000Z,1790013241,99998985,7661,-8,1790013211,0.00007661077759939263
2026-09-21T17:55:01.000Z,1790013301,99998985,7661,-8,1790013211,0.00007661077759939263
2026-09-21T17:56:01.000Z,1790013361,100002772,8298,-8,1790013353,0.00008297769985815993
2026-09-21T17:57:01.000Z,1790013421,100002752,8699,-8,1790013373,0.0000869876061010801
2026-09-21T17:58:02.000Z,1790013482,100002152,8342,-8,1790013475,0.00008341820484023183
2026-09-21T17:59:01.000Z,1790013541,100002245,8383,-8,1790013486,0.00008382811805874958
2026-09-21T18:00:01.000Z,1790013601,100002245,8383,-8,1790013486,0.00008382811805874958
2026-09-21T18:01:02.000Z,1790013662,100002245,8383,-8,1790013486,0.00008382811805874958
2026-09-21T18:02:01.000Z,1790013721,99999827,8673,-8,1790013666,0.00008673015004315957
2026-09-21T18:03:02.000Z,1790013782,99998663,7856,-8,1790013727,0.00007856105036124333
2026-09-21T18:04:01.000Z,1790013841,99999596,8669,-8,1790013838,0.00008669035022901492
2026-09-21T18:05:01.000Z,1790013901,99999294,7044,-8,1790013859,0.00007044049730991101
2026-09-21T18:06:01.000Z,1790013961,99997500,7786,-8,1790013940,0.00007786194654866371
2026-09-21T18:07:02.000Z,1790014022,99999230,4230,-8,1790014001,0.00004230032571250799
2026-09-21T18:08:01.000Z,1790014081,99996006,9494,-8,1790014052,0.00009494379205505468
2026-09-21T18:09:01.000Z,1790014141,99996011,9489,-8,1790014113,0.00009489378531309614
2026-09-21T18:10:01.000Z,1790014201,99994902,8598,-8,1790014154,0.00008598438348387001
2026-09-21T18:11:01.000Z,1790014261,99994902,8598,-8,1790014154,0.00008598438348387001
2026-09-21T18:12:02.000Z,1790014322,99995306,6322,-8,1790014314,0.00006322296768610319
2026-09-21T18:13:01.000Z,1790014381,99995306,6322,-8,1790014314,0.00006322296768610319
2026-09-21T18:14:01.000Z,1790014441,99995306,6322,-8,1790014314,0.00006322296768610319
2026-09-21T18:15:02.000Z,1790014502,99995495,10370,-8,1790014445,0.00010370467189546889
2026-09-21T18:16:01.000Z,1790014561,99995622,5378,-8,1790014526,0.00005378235459148402
2026-09-21T18:17:01.000Z,1790014621,99995622,5378,-8,1790014526,0.00005378235459148402
2026-09-21T18:18:01.000Z,1790014681,99995622,5378,-8,1790014526,0.00005378235459148402
2026-09-21T18:19:02.000Z,1790014742,99995622,5378,-8,1790014526,0.00005378235459148402
2026-09-21T18:20:01.000Z,1790014801,99995622,5378,-8,1790014526,0.00005378235459148402
2026-09-21T18:21:01.000Z,1790014861,99995622,5378,-8,1790014526,0.00005378235459148402
2026-09-21T18:22:01.000Z,1790014921,99996817,7683,-8,1790014907,0.00007683244557674271
2026-09-21T18:23:02.000Z,1790014982,99996817,7683,-8,1790014907,0.00007683244557674271
2026-09-21T18:24:01.000Z,1790015041,99996817,7683,-8,1790014907,0.00007683244557674271
2026-09-21T18:25:02.000Z,1790015102,99996288,6990,-8,1790015088,0.00006990259478431839
2026-09-21T18:26:01.000Z,1790015161,99996288,6990,-8,1790015088,0.00006990259478431839
2026-09-21T18:27:01.000Z,1790015221,99996288,6990,-8,1790015088,0.00006990259478431839
2026-09-21T18:28:02.000Z,1790015282,99995818,7682,-8,1790015279,0.00007682321274675707
2026-09-21T18:29:01.000Z,1790015341,99996839,7661,-8,1790015310,0.00007661242171865052
2026-09-21T18:30:02.000Z,1790015402,99996839,7661,-8,1790015310,0.00007661242171865052
2026-09-21T18:31:02.000Z,1790015462,99997463,7037,-8,1790015400,0.00007037178533219388
2026-09-21T18:32:01.000Z,1790015521,99994500,7833,-8,1790015492,0.00007833430838696128
2026-09-21T18:33:02.000Z,1790015582,99994500,7833,-8,1790015492,0.00007833430838696128
2026-09-21T18:34:01.000Z,1790015641,99996440,8863,-8,1790015593,0.00008863315534033012
2026-09-21T18:35:02.000Z,1790015702,99996515,6485,-8,1790015694,0.00006485226010126452
2026-09-21T18:36:02.000Z,1790015762,99996013,6487,-8,1790015755,0.00006487258647002255
2026-09-21T18:37:01.000Z,1790015821,99996013,6487,-8,1790015755,0.00006487258647002255
2026-09-21T18:38:02.000Z,1790015882,99995455,8101,-8,1790015845,0.00008101368207185016
2026-09-21T18:39:01.000Z,1790015941,99995500,7875,-8,1790015896,0.00007875354390947593
2026-09-21T18:40:02.000Z,1790016002,99996628,6872,-8,1790015946,0.00006872231731653992
2026-09-21T18:41:01.000Z,1790016061,99996628,6872,-8,1790015946,0.00006872231731653992
2026-09-21T18:42:02.000Z,1790016122,99996628,6872,-8,1790015946,0.00006872231731653992
2026-09-21T18:43:01.000Z,1790016181,99996628,6872,-8,1790015946,0.00006872231731653992
2026-09-21T18:44:01.000Z,1790016241,99996006,6494,-8,1790016187,0.00006494259380719665
2026-09-21T18:45:02.000Z,1790016302,99996006,6494,-8,1790016187,0.00006494259380719665
2026-09-21T18:46:01.000Z,1790016361,99996006,6494,-8,1790016187,0.00006494259380719665
2026-09-21T18:47:01.000Z,1790016421,99996006,6494,-8,1790016187,0.00006494259380719665
2026-09-21T18:48:01.000Z,1790016481,99996006,6494,-8,1790016187,0.00006494259380719665
2026-09-21T18:49:02.000Z,1790016542,99996006,6494,-8,1790016187,0.00006494259380719665
2026-09-21T18:50:01.000Z,1790016601,99996006,6494,-8,1790016187,0.00006494259380719665
2026-09-21T18:51:01.000Z,1790016661,99996006,6494,-8,1790016187,0.00006494259380719665
2026-09-21T18:52:02.000Z,1790016722,99995830,6170,-8,1790016678,0.00006170257299729398
2026-09-21T18:53:01.000Z,1790016781,99995443,4557,-8,1790016769,0.00004557207671953611
2026-09-21T18:54:01.000Z,1790016841,99995773,6551,-8,1790016839,0.00006551276922475513
2026-09-21T18:55:02.000Z,1790016902,99995773,6551,-8,1790016839,0.00006551276922475513
2026-09-21T18:56:01.000Z,1790016961,99995773,6551,-8,1790016839,0.00006551276922475513
2026-09-21T18:57:01.000Z,1790017021,99995500,5198,-8,1790016960,0.00005198233920526424
2026-09-21T18:58:01.000Z,1790017081,99995500,5198,-8,1790016960,0.00005198233920526424
2026-09-21T18:59:02.000Z,1790017142,99997500,2795,-8,1790017100,0.000027950698767469185
2026-09-21T19:00:01.000Z,1790017201,99997500,2795,-8,1790017100,0.000027950698767469185
2026-09-21T19:01:01.000Z,1790017261,99995506,9094,-8,1790017241,0.00009094408702727101
2026-09-21T19:02:02.000Z,1790017322,99995506,9094,-8,1790017241,0.00009094408702727101
2026-09-21T19:03:01.000Z,1790017381,99995305,4695,-8,1790017362,0.00004695220440599686
2026-09-21T19:04:01.000Z,1790017441,99995002,4884,-8,1790017412,0.000048842441145208434
2026-09-21T19:05:01.000Z,1790017501,99994596,5404,-8,1790017484,0.00005404292047942271
2026-09-21T19:06:02.000Z,1790017562,99992977,5163,-8,1790017544,0.000051633626229570104
2026-09-21T19:07:01.000Z,1790017621,99990721,4483,-8,1790017616,0.00004483416016172141
2026-09-21T19:08:01.000Z,1790017681,99990721,4483,-8,1790017616,0.00004483416016172141
2026-09-21T19:09:02.000Z,1790017742,99990721,4483,-8,1790017616,0.00004483416016172141
2026-09-21T19:10:01.000Z,1790017801,99990721,4483,-8,1790017616,0.00004483416016172141
2026-09-21T19:11:02.000Z,1790017862,99990721,4483,-8,1790017616,0.00004483416016172141
2026-09-21T19:12:01.000Z,1790017921,99990721,4483,-8,1790017616,0.00004483416016172141
2026-09-21T19:13:01.000Z,1790017981,99991505,3495,-8,1790017936,0.00003495296925473819
2026-09-21T19:14:02.000Z,1790018042,99992502,3132,-8,1790018019,0.00003132234854969426
2026-09-21T19:15:01.000Z,1790018101,99992502,3132,-8,1790018019,0.00003132234854969426
2026-09-21T19:16:02.000Z,1790018162,99992109,4754,-8,1790018140,0.000047543751677444865
2026-09-21T19:17:01.000Z,1790018221,99992109,4754,-8,1790018140,0.000047543751677444865
2026-09-21T19:18:01.000Z,1790018281,99990455,4901,-8,1790018221,0.00004901467845105815
2026-09-21T19:19:02.000Z,1790018342,99993000,2104,-8,1790018312,0.000021041472903103217
2026-09-21T19:20:01.000Z,1790018401,99994053,2554,-8,1790018393,0.0000255415189541322
2026-09-21T19:21:01.000Z,1790018461,99993367,3867,-8,1790018455,0.000038672565151246485
2026-09-21T19:22:02.000Z,1790018522,99993500,3607,-8,1790018516,0.00003607234470240565
2026-09-21T19:23:01.000Z,1790018581,99993004,7459,-8,1790018558,0.00007459521868149896
2026-09-21T19:24:01.000Z,1790018641,99991034,4096,-8,1790018630,0.000040963672802903505
2026-09-21T19:25:01.000Z,1790018701,99991034,4096,-8,1790018630,0.000040963672802903505
2026-09-21T19:26:01.000Z,1790018761,99992891,5109,-8,1790018710,0.00005109363224631639
2026-09-21T19:27:01.000Z,1790018821,99992065,4065,-8,1790018802,0.000040653225833469884
2026-09-21T19:28:01.000Z,1790018881,99991654,7419,-8,1790018862,0.0000741961924142189
2026-09-21T19:29:01.000Z,1790018941,99991654,7419,-8,1790018862,0.0000741961924142189
2026-09-21T19:30:02.000Z,1790019002,99993000,3500,-8,1790018973,0.00003500245017151201
2026-09-21T19:31:01.000Z,1790019061,99991480,3624,-8,1790019014,0.00003624308791109003
2026-09-21T19:32:01.000Z,1790019121,99992916,2456,-8,1790019114,0.000024561739953658318
2026-09-21T19:33:01.000Z,1790019181,99992500,3557,-8,1790019165,0.00003557266795009626
2026-09-21T19:34:02.000Z,1790019242,99993974,4026,-8,1790019237,0.000040262426213803646
2026-09-21T19:35:01.000Z,1790019301,99993284,8411,-8,1790019279,0.00008411564920700074
2026-09-21T19:36:02.000Z,1790019362,99991007,4058,-8,1790019330,0.00004058364968761641
2026-09-21T19:37:01.000Z,1790019421,99993945,2446,-8,1790019392,0.00002446148114268319
2026-09-21T19:38:01.000Z,1790019481,99995389,3611,-8,1790019452,0.00003611166510887817
2026-09-21T19:39:01.000Z,1790019541,99994622,3103,-8,1790019493,0.000031031668883152535
2026-09-21T19:40:01.000Z,1790019601,99995391,3609,-8,1790019595,0.00003609166346476909
2026-09-21T19:41:02.000Z,1790019662,99995729,4271,-8,1790019656,0.000042711824222012525
2026-09-21T19:42:01.000Z,1790019721,99995995,4495,-8,1790019718,0.0000449518003196028
2026-09-21T19:43:01.000Z,1790019781,99994722,3278,-8,1790019739,0.000032781730219721
2026-09-21T19:44:01.000Z,1790019841,99994181,3298,-8,1790019820,0.000032981919217879285
2026-09-21T19:45:01.000Z,1790019901,99995213,4787,-8,1790019871,0.00004787229164660112
2026-09-21T19:46:01.000Z,1790019961,99995213,4787,-8,1790019871,0.00004787229164660112
2026-09-21T19:47:02.000Z,1790020022,99995213,4787,-8,1790019871,0.00004787229164660112
2026-09-21T19:48:01.000Z,1790020081,99991500,3804,-8,1790020062,0.000038043233674862366
2026-09-21T19:49:01.000Z,1790020141,99992500,3925,-8,1790020103,0.00003925294397079781
2026-09-21T19:50:01.000Z,1790020201,99992028,2977,-8,1790020194,0.000029772373453611723
2026-09-21T19:51:01.000Z,1790020261,99992278,2826,-8,1790020245,0.00002826218240572537
2026-09-21T19:52:01.000Z,1790020321,99992619,2386,-8,1790020306,0.000023861761236596874
2026-09-21T19:53:02.000Z,1790020382,99992700,3509,-8,1790020327,0.00003509256175700826
2026-09-21T19:54:01.000Z,1790020441,99993272,2396,-8,1790020438,0.000023961612137264597
2026-09-21T19:55:02.000Z,1790020502,99993889,2990,-8,1790020490,0.000029901827300666345
2026-09-21T19:56:01.000Z,1790020561,99994836,3337,-8,1790020553,0.00003337172331579203
2026-09-21T19:57:01.000Z,1790020621,99995437,3938,-8,1790020584,0.000039381796991396715
2026-09-21T19:58:01.000Z,1790020681,99990817,5882,-8,1790020635,0.000058825401936659845
2026-09-21T19:59:01.000Z,1790020741,99989500,5804,-8,1790020716,0.00005804609483995819
2026-09-21T20:00:01.000Z,1790020801,99990747,4457,-8,1790020797,0.00004457412444373478
2026-09-21T20:01:01.000Z,1790020861,99990565,4140,-8,1790020808,0.00004140390645857437
2026-09-21T20:02:02.000Z,1790020922,99990579,4679,-8,1790020889,0.0000467944085012249
2026-09-21T20:03:01.000Z,1790020981,99992088,4912,-8,1790020940,0.00004912388668191427
2026-09-21T20:04:01.000Z,1790021041,99992088,4912,-8,1790020940,0.00004912388668191427
2026-09-21T20:05:01.000Z,1790021101,99989500,5505,-8,1790021071,0.00005505578085698998
2026-09-21T20:06:02.000Z,1790021162,99991202,5096,-8,1790021122,0.00005096448385528959
2026-09-21T20:07:01.000Z,1790021221,99991963,3463,-8,1790021183,0.00003463278343680481
2026-09-21T20:08:01.000Z,1790021281,99991568,4432,-8,1790021253,0.000044323737377535675
2026-09-21T20:09:02.000Z,1790021342,99991568,4432,-8,1790021253,0.000044323737377535675
2026-09-21T20:10:01.000Z,1790021401,99991568,4432,-8,1790021253,0.000044323737377535675
2026-09-21T20:11:01.000Z,1790021461,99991568,4432,-8,1790021253,0.000044323737377535675
2026-09-21T20:12:01.000Z,1790021521,99992591,6825,-8,1790021494,0.0000682550570171744
2026-09-21T20:13:02.000Z,1790021582,99992591,6825,-8,1790021494,0.0000682550570171744
2026-09-21T20:14:01.000Z,1790021641,99992231,7574,-8,1790021605,0.00007574588469778217
2026-09-21T20:15:02.000Z,1790021702,99991795,6083,-8,1790021667,0.000060834991511053485
2026-09-21T20:16:01.000Z,1790021761,99992518,4518,-8,1790021738,0.00004518338062053803
2026-09-21T20:17:01.000Z,1790021821,99992529,5779,-8,1790021788,0.000057794317813483846
2026-09-21T20:18:01.000Z,1790021881,99992334,4334,-8,1790021859,0.000043343322699118114
2026-09-21T20:19:01.000Z,1790021941,99990342,6126,-8,1790021931,0.00006126591706226988
2026-09-21T20:20:02.000Z,1790022002,99989500,5804,-8,1790021982,0.00005804609483995819
2026-09-21T20:21:01.000Z,1790022061,99990699,4957,-8,1790022034,0.00004957461093456303
2026-09-21T20:22:01.000Z,1790022121,99994511,7936,-8,1790022105,0.00007936435630951783
2026-09-21T20:23:01.000Z,1790022181,99993573,8956,-8,1790022167,0.00008956575639116326
2026-09-21T20:24:01.000Z,1790022241,99991210,4225,-8,1790022219,0.00004225371410146952
2026-09-21T20:25:01.000Z,1790022301,99990253,5538,-8,1790022269,0.00005538539841478349
2026-09-21T20:26:01.000Z,1790022361,99989903,4702,-8,1790022340,0.00004702474808881453
2026-09-21T20:27:01.000Z,1790022421,99988500,8000,-8,1790022412,0.00008000920105812169
2026-09-21T20:28:01.000Z,1790022481,99986866,8139,-8,1790022454,0.00008140069116677785
2026-09-21T20:29:01.000Z,1790022541,99994323,7823,-8,1790022537,0.00007823444136923653
2026-09-21T20:30:01.000Z,1790022601,99993867,7366,-8,1790022557,0.00007366451784487942
2026-09-21T20:31:02.000Z,1790022662,99992335,5835,-8,1790022618,0.00005835447287034551
2026-09-21T20:32:01.000Z,1790022721,99992661,4713,-8,1790022669,0.00004713345912456515
2026-09-21T20:33:01.000Z,1790022781,99993047,5310,-8,1790022751,0.0000531036922997256
2026-09-21T20:34:01.000Z,1790022841,99989496,5509,-8,1790022832,0.000055095787261493944
2026-09-21T20:35:01.000Z,1790022901,99988381,6124,-8,1790022883,0.00006124711630244319
2026-09-21T20:36:01.000Z,1790022961,99988381,6124,-8,1790022883,0.00006124711630244319
2026-09-21T20:37:01.000Z,1790023021,99991517,5017,-8,1790023014,0.000050174256282160415
2026-09-21T20:38:01.000Z,1790023081,99991517,5017,-8,1790023014,0.000050174256282160415
2026-09-21T20:39:00.000Z,1790023140,99992851,7402,-8,1790023095,0.00007402529206812995
2026-09-21T20:40:01.000Z,1790023201,99992178,6085,-8,1790023155,0.00006085476005933184
2026-09-21T20:41:02.000Z,1790023262,99992258,4339,-8,1790023256,0.000043393359513893566
2026-09-21T20:42:01.000Z,1790023321,99991682,5794,-8,1790023307,0.00005794481985011513
2026-09-21T20:43:01.000Z,1790023381,99992952,8016,-8,1790023368,0.00008016565007501728
2026-09-21T20:44:01.000Z,1790023441,99992952,8016,-8,1790023368,0.00008016565007501728
2026-09-21T20:45:01.000Z,1790023501,99992004,3855,-8,1790023469,0.00003855308270449305
2026-09-21T20:46:03.000Z,1790023563,99992004,3855,-8,1790023469,0.00003855308270449305
2026-09-21T20:47:01.000Z,1790023621,99991335,5665,-8,1790023570,0.000056654909147877665
2026-09-21T20:48:02.000Z,1790023682,99991335,5665,-8,1790023570,0.000056654909147877665
2026-09-21T20:49:01.000Z,1790023741,99992490,5209,-8,1790023731,0.00005209391225281019
2026-09-21T20:50:02.000Z,1790023802,99990747,4754,-8,1790023752,0.00004754439928326568
2026-09-21T20:51:01.000Z,1790023861,99993823,4323,-8,1790023843,0.000043232670482055674
2026-09-21T20:52:01.000Z,1790023921,99992159,4324,-8,1790023873,0.000043243390714265906
2026-09-21T20:53:02.000Z,1790023982,99990681,4694,-8,1790023935,0.000046944374746282606
2026-09-21T20:54:02.000Z,1790024042,99991750,4250,-8,1790023985,0.00004250350653928949
2026-09-21T20:55:01.000Z,1790024101,99991508,4008,-8,1790024066,0.000040083403882657714
2026-09-21T20:56:02.000Z,1790024162,99991766,5159,-8,1790024107,0.00005159424827040258
2026-09-21T20:57:01.000Z,1790024221,99991766,5159,-8,1790024107,0.00005159424827040258
2026-09-21T20:58:01.000Z,1790024281,99990054,4423,-8,1790024277,0.00004423439955337958
2026-09-21T20:59:02.000Z,1790024342,99990504,4401,-8,1790024328,0.00004401417958649353
2026-09-21T21:00:01.000Z,1790024401,99990504,4401,-8,1790024328,0.00004401417958649353
2026-09-21T21:01:01.000Z,1790024461,99988058,3692,-8,1790024448,0.000036924409512984044
2026-09-21T21:02:02.000Z,1790024522,99988049,3451,-8,1790024489,0.00003451412478305282
2026-09-21T21:03:01.000Z,1790024581,99988049,3451,-8,1790024489,0.00003451412478305282
2026-09-21T21:04:02.000Z,1790024642,99988253,3469,-8,1790024630,0.00003469407551305052
2026-09-21T21:05:01.000Z,1790024701,99989010,5995,-8,1790024661,0.000059956589229156285
2026-09-21T21:06:01.000Z,1790024761,99989500,3698,-8,1790024701,0.000036983883307747314
2026-09-21T21:07:02.000Z,1790024822,99991289,3789,-8,1790024812,0.00003789330088544013
2026-09-21T21:08:01.000Z,1790024881,99991289,3789,-8,1790024812,0.00003789330088544013
2026-09-21T21:09:01.000Z,1790024941,99992858,4604,-8,1790024923,0.00004604328841165836
2026-09-21T21:10:01.000Z,1790025001,99992858,4604,-8,1790024923,0.00004604328841165836
2026-09-21T21:11:01.000Z,1790025061,99993090,3590,-8,1790025054,0.00003590248086142752
2026-09-21T21:12:01.000Z,1790025121,99992946,3446,-8,1790025075,0.00003446243097988132
2026-09-21T21:13:02.000Z,1790025182,99992447,3787,-8,1790025176,0.00003787286053715637
2026-09-21T21:14:01.000Z,1790025241,99991965,3539,-8,1790025217,0.000035392843815000535
2026-09-21T21:15:02.000Z,1790025302,99991965,3539,-8,1790025217,0.000035392843815000535
2026-09-21T21:16:01.000Z,1790025361,99988378,6733,-8,1790025349,0.00006733782600213797
2026-09-21T21:17:02.000Z,1790025422,99989500,6691,-8,1790025400,0.00006691702628776021
2026-09-21T21:18:01.000Z,1790025481,99989500,6691,-8,1790025400,0.00006691702628776021
2026-09-21T21:19:01.000Z,1790025541,99993514,5853,-8,1790025511,0.000058533796502041125
2026-09-21T21:20:02.000Z,1790025602,99993514,5853,-8,1790025511,0.000058533796502041125
2026-09-21T21:21:01.000Z,1790025661,99988252,4343,-8,1790025611,0.00004343510275587176
2026-09-21T21:22:01.000Z,1790025721,99989740,1460,-8,1790025712,0.000014601498113706467
2026-09-21T21:23:01.000Z,1790025781,99989740,1460,-8,1790025712,0.000014601498113706467
2026-09-21T21:24:02.000Z,1790025842,99989844,3344,-8,1790025793,0.00003344339651134969
2026-09-21T21:25:01.000Z,1790025901,99988307,1671,-8,1790025864,0.00001671195412879628
2026-09-21T21:26:02.000Z,1790025962,99988307,1671,-8,1790025864,0.00001671195412879628
2026-09-21T21:27:01.000Z,1790026021,99988307,1671,-8,1790025864,0.00001671195412879628
2026-09-21T21:28:01.000Z,1790026081,99988500,4000,-8,1790026074,0.000040004600529060844
2026-09-21T21:29:02.000Z,1790026142,99988500,4000,-8,1790026074,0.000040004600529060844
2026-09-21T21:30:01.000Z,1790026201,99988038,3808,-8,1790026195,0.000038084555674549787
2026-09-21T21:31:01.000Z,1790026261,99988038,3808,-8,1790026195,0.000038084555674549787
2026-09-21T21:32:01.000Z,1790026321,99988038,3808,-8,1790026195,0.000038084555674549787
2026-09-21T21:33:02.000Z,1790026382,99989301,3778,-8,1790026326,0.00003778404251470865
2026-09-21T21:34:02.000Z,1790026442,99989053,2447,-8,1790026397,0.000024472679024172775
2026-09-21T21:35:01.000Z,1790026501,99989053,2447,-8,1790026397,0.000024472679024172775
2026-09-21T21:36:01.000Z,1790026561,99992944,4444,-8,1790026508,0.00004444313590766965
2026-09-21T21:37:02.000Z,1790026622,99992944,4444,-8,1790026508,0.00004444313590766965
2026-09-21T21:38:01.000Z,1790026681,99992944,4444,-8,1790026508,0.00004444313590766965
2026-09-21T21:39:01.000Z,1790026741,99992944,4444,-8,1790026508,0.00004444313590766965
2026-09-21T21:40:01.000Z,1790026801,99992944,4444,-8,1790026508,0.00004444313590766965
2026-09-21T21:41:01.000Z,1790026861,99992944,4444,-8,1790026508,0.00004444313590766965
2026-09-21T21:42:01.000Z,1790026921,99992944,4444,-8,1790026508,0.00004444313590766965
2026-09-21T21:43:01.000Z,1790026981,99992944,4444,-8,1790026508,0.00004444313590766965
2026-09-21T21:44:02.000Z,1790027042,99992944,4444,-8,1790026508,0.00004444313590766965
2026-09-21T21:45:01.000Z,1790027101,99992944,4444,-8,1790026508,0.00004444313590766965
2026-09-21T21:46:02.000Z,1790027162,99992944,4444,-8,1790026508,0.00004444313590766965
2026-09-21T21:47:01.000Z,1790027221,99992500,3000,-8,1790027209,0.000030002250168762657
2026-09-21T21:48:01.000Z,1790027281,99992500,3000,-8,1790027209,0.000030002250168762657
2026-09-21T21:49:02.000Z,1790027342,99988090,7414,-8,1790027320,0.00007414883112578708
2026-09-21T21:50:01.000Z,1790027401,99988090,7414,-8,1790027320,0.00007414883112578708
2026-09-21T21:51:01.000Z,1790027461,99988090,7414,-8,1790027320,0.00007414883112578708
2026-09-21T21:52:01.000Z,1790027521,99988090,7414,-8,1790027320,0.00007414883112578708
2026-09-21T21:53:02.000Z,1790027582,99987287,3253,-8,1790027531,0.00003253413606471791
2026-09-21T21:54:01.000Z,1790027641,99987287,3253,-8,1790027531,0.00003253413606471791
2026-09-21T21:55:01.000Z,1790027701,99988500,2030,-8,1790027682,0.000020302334768498377
2026-09-21T21:56:01.000Z,1790027761,99988500,2030,-8,1790027682,0.000020302334768498377
2026-09-21T21:57:01.000Z,1790027821,99987500,1819,-8,1790027793,0.00001819227403425428
2026-09-21T21:58:01.000Z,1790027881,99987500,1819,-8,1790027793,0.00001819227403425428
2026-09-21T21:59:02.000Z,1790027942,99987500,1819,-8,1790027793,0.00001819227403425428
2026-09-21T22:00:01.000Z,1790028001,99987501,1499,-8,1790027994,0.00001499187383431055
2026-09-21T22:01:01.000Z,1790028061,99987189,4097,-8,1790028034,0.00004097524933919285
2026-09-21T22:02:01.000Z,1790028121,99987189,4097,-8,1790028034,0.00004097524933919285
2026-09-21T22:03:01.000Z,1790028181,99984880,2540,-8,1790028175,0.000025403841060768388
2026-09-21T22:04:01.000Z,1790028241,99984880,2540,-8,1790028175,0.000025403841060768388
2026-09-21T22:05:02.000Z,1790028302,99984500,3359,-8,1790028267,0.00003359520725712485
2026-09-21T22:06:01.000Z,1790028361,99984250,2767,-8,1790028337,0.00002767435871149706
2026-09-21T22:07:01.000Z,1790028421,99984500,1959,-8,1790028398,0.000019593036920722712
2026-09-21T22:08:01.000Z,1790028481,99984221,3706,-8,1790028438,0.00003706584862025379
2026-09-21T22:09:01.000Z,1790028541,99984221,3706,-8,1790028438,0.00003706584862025379
2026-09-21T22:10:01.000Z,1790028601,99984956,3044,-8,1790028599,0.000030444580082627632
2026-09-21T22:11:02.000Z,1790028662,99984956,3044,-8,1790028599,0.000030444580082627632
2026-09-21T22:12:01.000Z,1790028721,99984956,3044,-8,1790028599,0.000030444580082627632
2026-09-21T22:13:01.000Z,1790028781,99984956,3044,-8,1790028599,0.000030444580082627632
2026-09-21T22:14:01.000Z,1790028841,99984956,3044,-8,1790028599,0.000030444580082627632
2026-09-21T22:15:02.000Z,1790028902,99983313,4590,-8,1790028850,0.000045907660611326214
2026-09-21T22:16:01.000Z,1790028961,99983313,4590,-8,1790028850,0.000045907660611326214
2026-09-21T22:17:02.000Z,1790029022,99983313,4590,-8,1790028850,0.000045907660611326214
2026-09-21T22:18:01.000Z,1790029081,99982500,2500,-8,1790029051,0.000025004375765759007
2026-09-21T22:19:01.000Z,1790029141,99982500,2500,-8,1790029051,0.000025004375765759007
2026-09-21T22:20:01.000Z,1790029201,99982500,2500,-8,1790029051,0.000025004375765759007
2026-09-21T22:21:02.000Z,1790029262,99982698,3513,-8,1790029212,0.00003513607924443087
2026-09-21T22:22:01.000Z,1790029321,99982698,3513,-8,1790029212,0.00003513607924443087
2026-09-21T22:23:02.000Z,1790029382,99983186,3098,-8,1790029342,0.00003098520985318472
2026-09-21T22:24:01.000Z,1790029441,99983187,8380,-8,1790029393,0.00008381409166323133
2026-09-21T22:25:02.000Z,1790029502,99983500,3000,-8,1790029483,0.000030004950816884786
2026-09-21T22:26:01.000Z,1790029561,99982995,5554,-8,1790029555,0.000055549446183323476
2026-09-21T22:27:02.000Z,1790029622,99983013,3249,-8,1790029616,0.000032495520013984774
2026-09-21T22:28:01.000Z,1790029681,99981585,4165,-8,1790029658,0.00004165767126016256
2026-09-21T22:29:02.000Z,1790029742,99982299,3064,-8,1790029739,0.000030645424546598996
2026-09-21T22:30:01.000Z,1790029801,99980758,4083,-8,1790029789,0.00004083785802064033
2026-09-21T22:31:01.000Z,1790029861,99980758,4083,-8,1790029789,0.00004083785802064033
2026-09-21T22:32:02.000Z,1790029922,99981883,3525,-8,1790029890,0.000035256387399705206
2026-09-21T22:33:01.000Z,1790029981,99982119,2881,-8,1790029942,0.000028815152437407333
2026-09-21T22:34:02.000Z,1790030042,99982500,2944,-8,1790029982,0.000029445152901757807
2026-09-21T22:35:01.000Z,1790030101,99982032,3423,-8,1790030083,0.00003423615155171081
2026-09-21T22:36:02.000Z,1790030162,99981500,5093,-8,1790030124,0.00005093942379340178
2026-09-21T22:37:01.000Z,1790030221,99981767,3233,-8,1790030195,0.00003233589580388192
2026-09-21T22:38:01.000Z,1790030281,99980504,3496,-8,1790030276,0.000034966817130667794
2026-09-21T22:39:02.000Z,1790030342,99980504,3496,-8,1790030276,0.000034966817130667794
2026-09-21T22:40:01.000Z,1790030401,99980427,2349,-8,1790030366,0.000023494598597783543
2026-09-21T22:41:01.000Z,1790030461,99980427,2349,-8,1790030366,0.000023494598597783543
2026-09-21T22:42:01.000Z,1790030521,99980427,2349,-8,1790030366,0.000023494598597783543
2026-09-21T22:43:01.000Z,1790030581,99980427,2349,-8,1790030366,0.000023494598597783543
2026-09-21T22:44:02.000Z,1790030642,99980427,2349,-8,1790030366,0.000023494598597783543
2026-09-21T22:45:01.000Z,1790030701,99980058,4228,-8,1790030657,0.000042288433159340636
2026-09-21T22:46:02.000Z,1790030762,99980058,4228,-8,1790030657,0.000042288433159340636
2026-09-21T22:47:01.000Z,1790030821,99979707,3043,-8,1790030777,0.000030436176413279548
2026-09-21T22:48:01.000Z,1790030881,99979707,3043,-8,1790030777,0.000030436176413279548
2026-09-21T22:49:01.000Z,1790030941,99979711,4289,-8,1790030888,0.00004289870371799734
2026-09-21T22:50:02.000Z,1790031002,99979711,4289,-8,1790030888,0.00004289870371799734
2026-09-21T22:51:01.000Z,1790031061,99979711,4289,-8,1790030888,0.00004289870371799734
2026-09-21T22:52:01.000Z,1790031121,99979711,4289,-8,1790030888,0.00004289870371799734
2026-09-21T22:53:01.000Z,1790031181,99979796,3926,-8,1790031148,0.0000392679336933234
2026-09-21T22:54:01.000Z,1790031241,99979796,3926,-8,1790031148,0.0000392679336933234
2026-09-21T22:55:02.000Z,1790031302,99981152,3451,-8,1790031259,0.000034516505670988866
2026-09-21T22:56:02.000Z,1790031362,99981500,8083,-8,1790031360,0.00008084495631691863
2026-09-21T22:57:01.000Z,1790031421,99981500,8083,-8,1790031360,0.00008084495631691863
2026-09-21T22:58:01.000Z,1790031481,99981500,8083,-8,1790031360,0.00008084495631691863
2026-09-21T22:59:02.000Z,1790031542,99980500,10126,-8,1790031520,0.00010127974955116247
2026-09-21T23:00:01.000Z,1790031601,99979867,3133,-8,1790031581,0.000031336308939078705
2026-09-21T23:01:01.000Z,1790031661,99979867,3133,-8,1790031581,0.000031336308939078705
2026-09-21T23:02:01.000Z,1790031721,99979889,3111,-8,1790031671,0.00003111625779060427
2026-09-21T23:03:01.000Z,1790031781,99980500,6316,-8,1790031732,0.00006317231860212741
2026-09-21T23:04:02.000Z,1790031842,99980500,3751,-8,1790031803,0.00003751731587659594
2026-09-21T23:05:01.000Z,1790031901,99980503,2627,-8,1790031873,0.000026275122860704153
2026-09-21T23:06:02.000Z,1790031962,99981199,2199,-8,1790031955,0.00002199413511734341
2026-09-21T23:07:01.000Z,1790032021,99981199,2199,-8,1790031955,0.00002199413511734341
2026-09-21T23:08:02.000Z,1790032082,99980607,2893,-8,1790032026,0.000028935611483134923
2026-09-21T23:09:01.000Z,1790032141,99980750,2791,-8,1790032087,0.00002791537370943907
2026-09-21T23:10:01.000Z,1790032201,99980750,10587,-8,1790032147,0.00010589038389890053
2026-09-21T23:11:02.000Z,1790032262,99981505,4295,-8,1790032258,0.00004295794507194106
2026-09-21T23:12:01.000Z,1790032321,99981505,4295,-8,1790032258,0.00004295794507194106
2026-09-21T23:13:01.000Z,1790032381,99981197,4484,-8,1790032349,0.00004484843285082894
2026-09-21T23:14:02.000Z,1790032442,99981500,3500,-8,1790032389,0.00003500647619809665
2026-09-21T23:15:01.000Z,1790032501,99981503,3963,-8,1790032450,0.00003963733171724774
2026-09-21T23:16:02.000Z,1790032562,99981503,3963,-8,1790032450,0.00003963733171724774
2026-09-21T23:17:01.000Z,1790032621,99981740,2837,-8,1790032591,0.00002837518130810686
2026-09-21T23:18:01.000Z,1790032681,99982500,2000,-8,1790032641,0.000020003500612607207
2026-09-21T23:19:02.000Z,1790032742,99982500,2000,-8,1790032641,0.000020003500612607207
2026-09-21T23:20:01.000Z,1790032801,99982010,6092,-8,1790032762,0.00006093096147997025
2026-09-21T23:21:01.000Z,1790032861,99982500,2500,-8,1790032822,0.000025004375765759007
2026-09-21T23:22:01.000Z,1790032921,99982500,2500,-8,1790032822,0.000025004375765759007
2026-09-21T23:23:02.000Z,1790032982,99982505,6290,-8,1790032923,0.00006291100628054879
2026-09-21T23:24:01.000Z,1790033041,99982505,6290,-8,1790032923,0.00006291100628054879
2026-09-21T23:25:02.000Z,1790033102,99983355,3126,-8,1790033064,0.00003126520409322132
2026-09-21T23:26:01.000Z,1790033161,99982544,2544,-8,1790033144,0.000025444441581722505
2026-09-21T23:27:02.000Z,1790033222,99982544,2544,-8,1790033144,0.000025444441581722505
2026-09-21T23:28:01.000Z,1790033281,99982263,2940,-8,1790033255,0.00002940521560309152
2026-09-21T23:29:01.000Z,1790033341,99982263,2940,-8,1790033255,0.00002940521560309152
2026-09-21T23:30:02.000Z,1790033402,99982263,2940,-8,1790033255,0.00002940521560309152
2026-09-21T23:31:01.000Z,1790033461,99982263,2940,-8,1790033255,0.00002940521560309152
2026-09-21T23:32:02.000Z,1790033522,99982263,2940,-8,1790033255,0.00002940521560309152
2026-09-21T23:33:01.000Z,1790033581,99981492,7053,-8,1790033525,0.00007054305610882462
2026-09-21T23:34:01.000Z,1790033641,99981504,5163,-8,1790033616,0.00005163955125139946
2026-09-21T23:35:02.000Z,1790033702,99981504,5163,-8,1790033616,0.00005163955125139946
2026-09-21T23:36:01.000Z,1790033761,99980550,4550,-8,1790033748,0.00004550885147161123
2026-09-21T23:37:01.000Z,1790033821,99979533,3467,-8,1790033768,0.00003467709736151698
2026-09-21T23:38:02.000Z,1790033882,99983500,7708,-8,1790033829,0.0000770927202988493
2026-09-21T23:39:01.000Z,1790033941,99983500,7708,-8,1790033829,0.0000770927202988493
2026-09-21T23:40:01.000Z,1790034001,99983500,7708,-8,1790033829,0.0000770927202988493
2026-09-21T23:41:02.000Z,1790034062,99983500,7708,-8,1790033829,0.0000770927202988493
2026-09-21T23:42:01.000Z,1790034121,99983500,7708,-8,1790033829,0.0000770927202988493
2026-09-21T23:43:01.000Z,1790034181,99980821,3893,-8,1790034160,0.00003893746781695261
2026-09-21T23:44:02.000Z,1790034242,99980821,3893,-8,1790034160,0.00003893746781695261
2026-09-21T23:45:02.000Z,1790034302,99981238,3762,-8,1790034261,0.00003762705958892007
2026-09-21T23:46:01.000Z,1790034361,99981238,3762,-8,1790034261,0.00003762705958892007
2026-09-21T23:47:02.000Z,1790034422,99981238,3762,-8,1790034261,0.00003762705958892007
2026-09-21T23:48:01.000Z,1790034481,99981238,3762,-8,1790034261,0.00003762705958892007
2026-09-21T23:49:01.000Z,1790034541,99981428,2428,-8,1790034491,0.00002428451011921934
2026-09-21T23:50:02.000Z,1790034602,99981048,3048,-8,1790034552,0.00003048577766458299
2026-09-21T23:51:01.000Z,1790034661,99980695,3236,-8,1790034653,0.00003236624830423513
2026-09-21T23:52:01.000Z,1790034721,99980695,3236,-8,1790034653,0.00003236624830423513
2026-09-21T23:53:02.000Z,1790034782,99980695,3236,-8,1790034653,0.00003236624830423513
2026-09-21T23:54:01.000Z,1790034841,99981647,10375,-8,1790034783,0.0001037690447327798
2026-09-21T23:55:02.000Z,1790034902,99981220,10462,-8,1790034894,0.00010463965132651913
2026-09-21T23:56:02.000Z,1790034962,99981114,6299,-8,1790034955,0.00006300189853855799
2026-09-21T23:57:01.000Z,1790035021,99981114,6299,-8,1790034955,0.00006300189853855799
2026-09-21T23:58:01.000Z,1790035081,99981707,6282,-8,1790035065,0.00006283149376515446
2026-09-21T23:59:02.000Z,1790035142,99980830,6704,-8,1790035117,0.00006705285403211796
2026-09-22T00:00:01.000Z,1790035201,99981091,3091,-8,1790035168,0.000030915845877296936
2026-09-22T00:01:02.000Z,1790035262,99981302,3698,-8,1790035229,0.00003698691581351881
2026-09-22T00:02:01.000Z,1790035321,99981052,2428,-8,1790035280,0.00002428460144628204
2026-09-22T00:03:02.000Z,1790035382,99980954,5060,-8,1790035331,0.00005060963911186525
2026-09-22T00:04:01.000Z,1790035441,99980441,4226,-8,1790035432,0.000042268267250391504
2026-09-22T00:05:02.000Z,1790035502,99980618,3382,-8,1790035494,0.000033826556263134924
2026-09-22T00:06:01.000Z,1790035561,99981375,5375,-8,1790035536,0.000053760012802384444
2026-09-22T00:07:02.000Z,1790035622,99980500,6303,-8,1790035608,0.0000630422932471832
2026-09-22T00:08:01.000Z,1790035681,99980680,5680,-8,1790035670,0.00005681097588054012
2026-09-22T00:09:02.000Z,1790035742,99979829,5171,-8,1790035711,0.00005172043252844531
2026-09-22T00:10:01.000Z,1790035801,99979846,3846,-8,1790035794,0.00003846775279089748
2026-09-22T00:11:01.000Z,1790035861,99979776,3776,-8,1790035855,0.00003776763812713483
2026-09-22T00:12:01.000Z,1790035921,99979952,6343,-8,1790035916,0.00006344271899630438
2026-09-22T00:13:02.000Z,1790035982,99979819,3681,-8,1790035968,0.000036817430125573644
2026-09-22T00:14:01.000Z,1790036041,99978852,3648,-8,1790035989,0.00003648771642226898
2026-09-22T00:15:02.000Z,1790036102,99979903,4430,-8,1790036060,0.000044308904760589735
2026-09-22T00:16:01.000Z,1790036161,99979115,3742,-8,1790036130,0.00003742781679953858
2026-09-22T00:17:01.000Z,1790036221,99978580,11425,-8,1790036171,0.00011427447759310044
2026-09-22T00:18:01.000Z,1790036281,99979696,3696,-8,1790036252,0.00003696750588239436
2026-09-22T00:19:01.000Z,1790036341,99979696,3696,-8,1790036252,0.00003696750588239436
2026-09-22T00:20:01.000Z,1790036401,99979650,3650,-8,1790036343,0.00003650742926185479
2026-09-22T00:21:01.000Z,1790036461,99979650,3650,-8,1790036343,0.00003650742926185479
2026-09-22T00:22:02.000Z,1790036522,99978643,5964,-8,1790036514,0.00005965274003568942
2026-09-22T00:23:01.000Z,1790036581,99979042,10360,-8,1790036565,0.00010362171703945712
2026-09-22T00:24:02.000Z,1790036642,99979349,10925,-8,1790036605,0.00010927256587757938
2026-09-22T00:25:01.000Z,1790036701,99979963,8922,-8,1790036697,0.00008923788059413465
2026-09-22T00:26:01.000Z,1790036761,99979836,9664,-8,1790036749,0.00009665949041964822
2026-09-22T00:27:02.000Z,1790036822,99980000,3674,-8,1790036780,0.00003674734946989398
2026-09-22T00:28:01.000Z,1790036881,99979810,6525,-8,1790036841,0.00006526317663536268
2026-09-22T00:29:01.000Z,1790036941,99979008,7914,-8,1790036933,0.00007915661655694764
2026-09-22T00:30:02.000Z,1790037002,99978556,7096,-8,1790036974,0.00007097521992616097
2026-09-22T00:31:01.000Z,1790037061,99978556,7096,-8,1790036974,0.00007097521992616097
2026-09-22T00:32:02.000Z,1790037122,99978325,5943,-8,1790037095,0.00005944288424516014
2026-09-22T00:33:01.000Z,1790037181,99978325,5943,-8,1790037095,0.00005944288424516014
2026-09-22T00:34:01.000Z,1790037241,99978325,5943,-8,1790037095,0.00005944288424516014
2026-09-22T00:35:02.000Z,1790037302,99976676,4490,-8,1790037286,0.00004491047491917015
2026-09-22T00:36:01.000Z,1790037361,99976676,4490,-8,1790037286,0.00004491047491917015
2026-09-22T00:37:02.000Z,1790037422,99977604,4106,-8,1790037396,0.000041069197857552176
2026-09-22T00:38:01.000Z,1790037481,99977185,5020,-8,1790037478,0.000050211455743627906
2026-09-22T00:39:01.000Z,1790037541,99977492,5133,-8,1790037529,0.00005134155595741489
2026-09-22T00:40:01.000Z,1790037601,99978372,3839,-8,1790037540,0.00003839830478535898
2026-09-22T00:41:01.000Z,1790037661,99978372,4459,-8,1790037641,0.000044599646011439354
2026-09-22T00:42:01.000Z,1790037721,99980361,4088,-8,1790037693,0.00004088803000021174
2026-09-22T00:43:02.000Z,1790037782,99978319,3320,-8,1790037763,0.00003320719965295676
2026-09-22T00:44:01.000Z,1790037841,99978717,6334,-8,1790037835,0.00006335348352189796
2026-09-22T00:45:02.000Z,1790037902,99978717,6334,-8,1790037835,0.00006335348352189796
2026-09-22T00:46:01.000Z,1790037961,99977511,10535,-8,1790037935,0.00010537369749082871
2026-09-22T00:47:01.000Z,1790038021,99978000,8905,-8,1790037976,0.00008906959531096842
2026-09-22T00:48:01.000Z,1790038081,99977430,4355,-8,1790038077,0.00004355983145395916
2026-09-22T00:49:01.000Z,1790038141,99977430,4355,-8,1790038077,0.00004355983145395916
2026-09-22T00:50:01.000Z,1790038201,99976976,5024,-8,1790038148,0.00005025156992145872
2026-09-22T00:51:01.000Z,1790038261,99977212,11798,-8,1790038239,0.00011800689141041461
2026-09-22T00:52:01.000Z,1790038321,99977648,11361,-8,1790038300,0.00011363539978455985
2026-09-22T00:53:01.000Z,1790038381,99976304,4196,-8,1790038372,0.00004196994519821417
2026-09-22T00:54:01.000Z,1790038441,99977084,6659,-8,1790038393,0.00006660526326212915
2026-09-22T00:55:01.000Z,1790038501,99976329,5671,-8,1790038454,0.000056723427002405736
2026-09-22T00:56:02.000Z,1790038562,99978137,2758,-8,1790038555,0.000027586031133986824
2026-09-22T00:57:01.000Z,1790038621,99977500,5054,-8,1790038616,0.000050551374059163314
2026-09-22T00:58:02.000Z,1790038682,99977192,3807,-8,1790038657,0.000038078684986471716
2026-09-22T00:59:01.000Z,1790038741,99975405,5035,-8,1790038708,0.0000503623866289914
2026-09-22T01:00:01.000Z,1790038801,99975000,5243,-8,1790038789,0.000052443110777694424
2026-09-22T01:01:02.000Z,1790038862,99975500,4603,-8,1790038850,0.00004604128011362784
2026-09-22T01:02:01.000Z,1790038921,99975009,5913,-8,1790038881,0.00005914478087218777
2026-09-22T01:03:02.000Z,1790038982,99976000,6403,-8,1790038962,0.00006404537088901336
2026-09-22T01:04:01.000Z,1790039041,99977049,4430,-8,1790039034,0.0000443101696270311
2026-09-22T01:05:02.000Z,1790039102,99977339,4150,-8,1790039095,0.000041509406446594865
2026-09-22T01:06:01.000Z,1790039161,99977000,4000,-8,1790039147,0.00004000920211648679
2026-09-22T01:07:01.000Z,1790039221,99976506,4994,-8,1790039188,0.00004995173566077614
2026-09-22T01:08:02.000Z,1790039282,99976000,5500,-8,1790039238,0.000055013203168760505
2026-09-22T01:09:01.000Z,1790039341,99979016,5234,-8,1790039339,0.000052350985330761805
2026-09-22T01:10:02.000Z,1790039402,99977250,6039,-8,1790039399,0.000060403741851271166
2026-09-22T01:11:01.000Z,1790039461,99977250,6039,-8,1790039399,0.000060403741851271166
2026-09-22T01:12:01.000Z,1790039521,99974500,6500,-8,1790039500,0.00006501657922770306
2026-09-22T01:13:02.000Z,1790039582,99974500,6500,-8,1790039500,0.00006501657922770306
2026-09-22T01:14:01.000Z,1790039641,99974252,7319,-8,1790039621,0.00007320884981465027
2026-09-22T01:15:02.000Z,1790039702,99974252,7319,-8,1790039621,0.00007320884981465027
2026-09-22T01:16:01.000Z,1790039761,99975500,6000,-8,1790039753,0.000060014703602382586
2026-09-22T01:17:01.000Z,1790039821,99975286,6214,-8,1790039814,0.00006215536107593631
2026-09-22T01:18:01.000Z,1790039881,99975286,6214,-8,1790039814,0.00006215536107593631
2026-09-22T01:19:01.000Z,1790039941,99976500,5500,-8,1790039924,0.00005501292803808895
2026-09-22T01:20:01.000Z,1790040001,99977165,5692,-8,1790039945,0.00005693300065069859
2026-09-22T01:21:02.000Z,1790040062,99975875,5225,-8,1790040046,0.000052262608354265464
2026-09-22T01:22:01.000Z,1790040121,99977005,5432,-8,1790040076,0.00005433249375693941
2026-09-22T01:23:02.000Z,1790040182,99975502,5634,-8,1790040168,0.00005635380555528493
2026-09-22T01:24:01.000Z,1790040241,99975500,6402,-8,1790040199,0.00006403568874374222
2026-09-22T01:25:02.000Z,1790040302,99975500,5014,-8,1790040269,0.000050152287310391045
2026-09-22T01:26:01.000Z,1790040361,99974500,4138,-8,1790040340,0.00004139055459142081
2026-09-22T01:27:02.000Z,1790040422,99974503,6638,-8,1790040411,0.0000663969292250445
2026-09-22T01:28:01.000Z,1790040481,99974500,5848,-8,1790040432,0.00005849491620363192
2026-09-22T01:29:02.000Z,1790040542,99974500,5848,-8,1790040432,0.00005849491620363192
2026-09-22T01:30:01.000Z,1790040601,99974505,10452,-8,1790040572,0.0001045466541694805
2026-09-22T01:31:01.000Z,1790040661,99974500,6719,-8,1790040623,0.00006720713782014414
2026-09-22T01:32:01.000Z,1790040721,99974500,6719,-8,1790040623,0.00006720713782014414
2026-09-22T01:33:02.000Z,1790040782,99974625,4904,-8,1790040753,0.00004905244705844108
2026-09-22T01:34:01.000Z,1790040841,99972503,8750,-8,1790040834,0.00008752406649256346
2026-09-22T01:35:02.000Z,1790040902,99974500,3711,-8,1790040875,0.00003711946546369324
2026-09-22T01:36:01.000Z,1790040961,99974500,3711,-8,1790040875,0.00003711946546369324
2026-09-22T01:37:01.000Z,1790041021,99974500,5917,-8,1790040996,0.00005918509219851062
2026-09-22T01:38:02.000Z,1790041082,99974500,5917,-8,1790040996,0.00005918509219851062
2026-09-22T01:39:01.000Z,1790041141,99973500,5166,-8,1790041127,0.000051673693528785126
2026-09-22T01:40:02.000Z,1790041202,99973504,7829,-8,1790041188,0.0000783107492161123
2026-09-22T01:41:01.000Z,1790041261,99973504,7829,-8,1790041188,0.0000783107492161123
2026-09-22T01:42:02.000Z,1790041322,99973505,6995,-8,1790041279,0.0000699685381641866
2026-09-22T01:43:01.000Z,1790041381,99974500,4248,-8,1790041370,0.000042490835162966556
2026-09-22T01:44:02.000Z,1790041442,99974500,4248,-8,1790041370,0.000042490835162966556
2026-09-22T01:45:01.000Z,1790041501,99975310,7547,-8,1790041490,0.00007548863814475794
2026-09-22T01:46:02.000Z,1790041562,99974862,7138,-8,1790041501,0.0000713979480161723
2026-09-22T01:47:01.000Z,1790041621,99974862,7138,-8,1790041501,0.0000713979480161723
2026-09-22T01:48:01.000Z,1790041681,99975500,6000,-8,1790041652,0.000060014703602382586
2026-09-22T01:49:02.000Z,1790041742,99975500,6000,-8,1790041652,0.000060014703602382586
2026-09-22T01:50:01.000Z,1790041801,99975506,6494,-8,1790041773,0.00006495591030066905
2026-09-22T01:51:01.000Z,1790041861,99975503,9537,-8,1790041814,0.00009539336851348474
2026-09-22T01:52:02.000Z,1790041922,99976902,6746,-8,1790041895,0.00006747558551074128
2026-09-22T01:53:02.000Z,1790041982,99976753,5538,-8,1790041956,0.000055392877182158535
2026-09-22T01:54:01.000Z,1790042041,99976753,5538,-8,1790041956,0.000055392877182158535
2026-09-22T01:55:02.000Z,1790042102,99976636,5364,-8,1790042097,0.0000536525353783658
2026-09-22T01:56:01.000Z,1790042161,99977303,9506,-8,1790042107,0.00009508158066636385
2026-09-22T01:57:01.000Z,1790042221,99977303,9506,-8,1790042107,0.00009508158066636385
2026-09-22T01:58:01.000Z,1790042281,99976068,5432,-8,1790042278,0.000054333002974271806
2026-09-22T01:59:01.000Z,1790042341,99976450,12533,-8,1790042329,0.00012535952216747044
2026-09-22T02:00:02.000Z,1790042402,99976450,12533,-8,1790042329,0.00012535952216747044
2026-09-22T02:01:01.000Z,1790042461,99976450,12533,-8,1790042329,0.00012535952216747044
2026-09-22T02:02:01.000Z,1790042521,99976500,5500,-8,1790042500,0.00005501292803808895
2026-09-22T02:03:01.000Z,1790042581,99976500,5500,-8,1790042500,0.00005501292803808895
2026-09-22T02:04:01.000Z,1790042641,99976067,6433,-8,1790042590,0.00006434539978453043
2026-09-22T02:05:01.000Z,1790042701,99976067,8151,-8,1790042641,0.00008152951245821662
2026-09-22T02:06:02.000Z,1790042762,99975865,7435,-8,1790042701,0.00007436794870441981
2026-09-22T02:07:01.000Z,1790042821,99975500,6500,-8,1790042812,0.00006501592890258113
2026-09-22T02:08:01.000Z,1790042881,99975500,6500,-8,1790042812,0.00006501592890258113
2026-09-22T02:09:01.000Z,1790042941,99974460,5052,-8,1790042924,0.00005053290610421902
2026-09-22T02:10:01.000Z,1790043001,99974496,5016,-8,1790042954,0.00005017279606990967
2026-09-22T02:11:02.000Z,1790043062,99973355,10744,-8,1790043015,0.00010746863501780049
2026-09-22T02:12:01.000Z,1790043121,99973355,10744,-8,1790043015,0.00010746863501780049
2026-09-22T02:13:02.000Z,1790043182,99974498,3002,-8,1790043136,0.000030027657653254733
2026-09-22T02:14:01.000Z,1790043241,99977249,8836,-8,1790043196,0.00008838010735822507
2026-09-22T02:15:02.000Z,1790043302,99974001,6655,-8,1790043298,0.0000665673068341038
2026-09-22T02:16:01.000Z,1790043361,99974378,9970,-8,1790043339,0.00009972555168085166
2026-09-22T02:17:02.000Z,1790043422,99974538,6458,-8,1790043379,0.00006459644754747453
2026-09-22T02:18:01.000Z,1790043481,99974503,6497,-8,1790043470,0.00006498656962565745
2026-09-22T02:19:01.000Z,1790043541,99974119,6629,-8,1790043501,0.00006630716095632711
2026-09-22T02:20:01.000Z,1790043601,99974119,6629,-8,1790043501,0.00006630716095632711
2026-09-22T02:21:01.000Z,1790043661,99973493,12490,-8,1790043601,0.0001249331160210637
2026-09-22T02:22:01.000Z,1790043721,99973493,12490,-8,1790043601,0.0001249331160210637
2026-09-22T02:23:02.000Z,1790043782,99973506,6994,-8,1790043742,0.00006995853481421368
2026-09-22T02:24:02.000Z,1790043842,99973504,9569,-8,1790043803,0.0000957153607419822
2026-09-22T02:25:01.000Z,1790043901,99972909,9466,-8,1790043894,0.00009468565128979092
2026-09-22T02:26:01.000Z,1790043961,99973197,6581,-8,1790043914,0.00006582764378336325
2026-09-22T02:27:01.000Z,1790044021,99972379,7701,-8,1790043975,0.0000770312768089674
2026-09-22T02:28:02.000Z,1790044082,99972379,7701,-8,1790043975,0.0000770312768089674
2026-09-22T02:29:01.000Z,1790044141,99971500,6000,-8,1790044106,0.00006001710487488934
2026-09-22T02:30:02.000Z,1790044202,99971500,6000,-8,1790044106,0.00006001710487488934
2026-09-22T02:31:01.000Z,1790044261,99972325,7175,-8,1790044227,0.00007176986230939412
2026-09-22T02:32:01.000Z,1790044321,99972325,7175,-8,1790044227,0.00007176986230939412
2026-09-22T02:33:01.000Z,1790044381,99973262,7881,-8,1790044348,0.0000788310778535965
2026-09-22T02:34:01.000Z,1790044441,99972756,8387,-8,1790044388,0.00008389285576962587
2026-09-22T02:35:01.000Z,1790044501,99975328,5658,-8,1790044499,0.00005659396286251744
2026-09-22T02:36:01.000Z,1790044561,99974391,6371,-8,1790044519,0.00006372631967320511
2026-09-22T02:37:02.000Z,1790044622,99975026,7401,-8,1790044620,0.0000740284878745618
2026-09-22T02:38:01.000Z,1790044681,99975026,7401,-8,1790044620,0.0000740284878745618
2026-09-22T02:39:02.000Z,1790044742,99974548,5452,-8,1790044691,0.00005453387996312822
2026-09-22T02:40:01.000Z,1790044801,99974548,5452,-8,1790044691,0.00005453387996312822
2026-09-22T02:41:01.000Z,1790044861,99974501,5999,-8,1790044851,0.00006000530075163866
2026-09-22T02:42:02.000Z,1790044922,99974349,5596,-8,1790044882,0.000055974357982566106
2026-09-22T02:43:01.000Z,1790044981,99974437,4020,-8,1790044972,0.00004021027895360891
2026-09-22T02:44:02.000Z,1790045042,99974457,4341,-8,1790045013,0.00004342109104928672
2026-09-22T02:45:01.000Z,1790045101,99974457,4341,-8,1790045013,0.00004342109104928672
2026-09-22T02:46:01.000Z,1790045161,99974457,4341,-8,1790045013,0.00004342109104928672
2026-09-22T02:47:01.000Z,1790045221,99974500,8186,-8,1790045215,0.0000818808796243042
2026-09-22T02:48:02.000Z,1790045282,99974878,5927,-8,1790045276,0.00005928489355095787
2026-09-22T02:49:01.000Z,1790045341,99975214,5029,-8,1790045336,0.00005030246796971097
2026-09-22T02:50:02.000Z,1790045402,99974579,3594,-8,1790045387,0.00003594913863053127
2026-09-22T02:51:01.000Z,1790045461,99974500,5599,-8,1790045448,0.00005600428109167838
2026-09-22T02:52:02.000Z,1790045522,99974500,5599,-8,1790045448,0.00005600428109167838
2026-09-22T02:53:01.000Z,1790045581,99973784,6302,-8,1790045569,0.00006303652565556587
2026-09-22T02:54:02.000Z,1790045642,99974475,7372,-8,1790045609,0.00007373882183427319
2026-09-22T02:55:01.000Z,1790045701,99975774,5226,-8,1790045680,0.00005227266357547779
2026-09-22T02:56:02.000Z,1790045762,99975153,7847,-8,1790045741,0.00007848950228663316
2026-09-22T02:57:01.000Z,1790045821,99975261,9739,-8,1790045762,0.0000974140992740194
2026-09-22T02:58:02.000Z,1790045882,99975472,10061,-8,1790045862,0.00010063468367521186
2026-09-22T02:59:01.000Z,1790045941,99974326,4326,-8,1790045913,0.00004327110942463368
2026-09-22T03:00:02.000Z,1790046002,99971482,10561,-8,1790045943,0.00010564012645126137
2026-09-22T03:01:02.000Z,1790046062,99977500,5992,-8,1790046055,0.00005993348503413268
2026-09-22T03:02:01.000Z,1790046121,99977250,4312,-8,1790046096,0.000043129812032237337
2026-09-22T03:03:02.000Z,1790046182,99978669,9193,-8,1790046157,0.00009194961377211372
2026-09-22T03:04:02.000Z,1790046242,99977924,8774,-8,1790046239,0.00008775937375935112
2026-09-22T03:05:01.000Z,1790046301,99977924,8774,-8,1790046239,0.00008775937375935112
2026-09-22T03:06:02.000Z,1790046362,99975500,8628,-8,1790046330,0.00008630114378022615
2026-09-22T03:07:01.000Z,1790046421,99975500,8628,-8,1790046330,0.00008630114378022615
2026-09-22T03:08:02.000Z,1790046482,99974324,5179,-8,1790046431,0.00005180330101556876
2026-09-22T03:09:01.000Z,1790046541,99974263,3912,-8,1790046522,0.000039130070906349165
2026-09-22T03:10:01.000Z,1790046601,99974618,3618,-8,1790046543,0.00003618918553907353
2026-09-22T03:11:02.000Z,1790046662,99974226,8360,-8,1790046634,0.00008362155261897202
2026-09-22T03:12:01.000Z,1790046721,99974629,8188,-8,1790046665,0.00008190077904665192
2026-09-22T03:13:02.000Z,1790046782,99974443,5549,-8,1790046765,0.00005550418520461274
2026-09-22T03:14:02.000Z,1790046842,99974507,5501,-8,1790046837,0.00005502402727527329
2026-09-22T03:15:01.000Z,1790046901,99974507,5501,-8,1790046837,0.00005502402727527329
2026-09-22T03:16:01.000Z,1790046961,99974653,11091,-8,1790046908,0.0001109381194851459
2026-09-22T03:17:02.000Z,1790047022,99974509,5991,-8,1790046989,0.00005992527555199096
2026-09-22T03:18:01.000Z,1790047081,99974509,5991,-8,1790046989,0.00005992527555199096
2026-09-22T03:19:01.000Z,1790047141,99974533,12524,-8,1790047109,0.00012527190299553586
2026-09-22T03:20:01.000Z,1790047201,99974717,7735,-8,1790047171,0.00007736956134619516
2026-09-22T03:21:01.000Z,1790047261,99975488,3026,-8,1790047222,0.000030267419149781994
2026-09-22T03:22:02.000Z,1790047322,99975521,4320,-8,1790047313,0.00004321057751727045
2026-09-22T03:23:01.000Z,1790047381,99975477,6023,-8,1790047344,0.00006024477382588532
2026-09-22T03:24:01.000Z,1790047441,99975513,8154,-8,1790047395,0.0000815599715902433
2026-09-22T03:25:01.000Z,1790047501,99975928,6072,-8,1790047446,0.00006073462003773548
2026-09-22T03:26:01.000Z,1790047561,99976054,5692,-8,1790047547,0.000056933633327836686
2026-09-22T03:27:01.000Z,1790047621,99975506,5994,-8,1790047598,0.00005995468530061753
2026-09-22T03:28:01.000Z,1790047681,99975500,13418,-8,1790047668,0.00013421288215612824
2026-09-22T03:29:01.000Z,1790047741,99974505,13497,-8,1790047699,0.0001350044193767201
2026-09-22T03:30:01.000Z,1790047801,99974063,6439,-8,1790047779,0.0000644067051671192
2026-09-22T03:31:02.000Z,1790047862,99975076,6111,-8,1790047840,0.00006112523485353489
2026-09-22T03:32:01.000Z,1790047921,99975375,7302,-8,1790047890,0.00007303798560395498
2026-09-22T03:33:01.000Z,1790047981,99975375,5625,-8,1790047951,0.00005626385497428742
2026-09-22T03:34:02.000Z,1790048042,99974533,5467,-8,1790047992,0.00005468392635552496
2026-09-22T03:35:01.000Z,1790048101,99974533,5467,-8,1790047992,0.00005468392635552496
2026-09-22T03:36:01.000Z,1790048161,99974533,5467,-8,1790047992,0.00005468392635552496
2026-09-22T03:37:02.000Z,1790048222,99974533,5467,-8,1790047992,0.00005468392635552496
2026-09-22T03:38:01.000Z,1790048281,99974455,6545,-8,1790048263,0.00006546672347451157
2026-09-22T03:39:01.000Z,1790048341,99974500,6500,-8,1790048333,0.00006501657922770306
2026-09-22T03:40:02.000Z,1790048402,99974295,6638,-8,1790048374,0.00006639706736616647
2026-09-22T03:41:01.000Z,1790048461,99974295,3205,-8,1790048444,0.00003205824057073871
2026-09-22T03:42:01.000Z,1790048521,99974500,7708,-8,1790048475,0.00007709966041340541
2026-09-22T03:43:01.000Z,1790048581,99974500,6500,-8,1790048577,0.00006501657922770306
2026-09-22T03:44:01.000Z,1790048641,99974255,7745,-8,1790048628,0.00007746994463724686
2026-09-22T03:45:02.000Z,1790048702,99974255,7745,-8,1790048628,0.00007746994463724686
2026-09-22T03:46:01.000Z,1790048761,99973548,14384,-8,1790048758,0.00014387805862406725
2026-09-22T03:47:01.000Z,1790048821,99973505,9495,-8,1790048800,0.00009497516366961427
2026-09-22T03:48:02.000Z,1790048882,99973505,9495,-8,1790048800,0.00009497516366961427
2026-09-22T03:49:01.000Z,1790048941,99973505,9495,-8,1790048800,0.00009497516366961427
2026-09-22T03:50:01.000Z,1790049001,99973505,9495,-8,1790048800,0.00009497516366961427
2026-09-22T03:51:02.000Z,1790049062,99973505,9495,-8,1790048800,0.00009497516366961427
2026-09-22T03:52:01.000Z,1790049121,99973517,7189,-8,1790049070,0.00007190904367203567
2026-09-22T03:53:02.000Z,1790049182,99973517,7189,-8,1790049070,0.00007190904367203567
2026-09-22T03:54:01.000Z,1790049241,99973517,7189,-8,1790049070,0.00007190904367203567
2026-09-22T03:55:01.000Z,1790049301,99973004,6880,-8,1790049280,0.00006881857826338798
2026-09-22T03:56:02.000Z,1790049362,99972505,11130,-8,1790049342,0.0001113306103513161
2026-09-22T03:57:01.000Z,1790049421,99972505,11130,-8,1790049342,0.0001113306103513161
2026-09-22T03:58:01.000Z,1790049481,99972505,11130,-8,1790049342,0.0001113306103513161
2026-09-22T03:59:02.000Z,1790049542,99972511,15361,-8,1790049512,0.00015365223746355636
2026-09-22T04:00:01.000Z,1790049601,99972511,15361,-8,1790049512,0.00015365223746355636
2026-09-22T04:01:01.000Z,1790049661,99974506,3506,-8,1790049623,0.00003506894047568487
2026-09-22T04:02:02.000Z,1790049722,99974500,9973,-8,1790049704,0.00009975543763659733
2026-09-22T04:03:01.000Z,1790049781,99973500,12257,-8,1790049765,0.00012260248965975984
2026-09-22T04:04:02.000Z,1790049842,99974500,10439,-8,1790049837,0.00010441662623969112
2026-09-22T04:05:01.000Z,1790049901,99973503,3997,-8,1790049888,0.00003998059365790153
2026-09-22T04:06:01.000Z,1790049961,99974000,3998,-8,1790049959,0.00003999039750335087
2026-09-22T04:07:02.000Z,1790050022,99973503,13662,-8,1790049980,0.00013665620979590962
2026-09-22T04:08:01.000Z,1790050081,99973503,13662,-8,1790049980,0.00013665620979590962
2026-09-22T04:09:01.000Z,1790050141,99973506,8753,-8,1790050081,0.00008755319634383933
2026-09-22T04:10:01.000Z,1790050201,99974130,6251,-8,1790050151,0.00006252617552160744
2026-09-22T04:11:01.000Z,1790050261,99974500,3790,-8,1790050253,0.0000379096669650761
2026-09-22T04:12:01.000Z,1790050321,99974505,13237,-8,1790050303,0.0001324037563376783
2026-09-22T04:13:02.000Z,1790050382,99974505,13237,-8,1790050303,0.0001324037563376783
2026-09-22T04:14:01.000Z,1790050441,99974505,13237,-8,1790050303,0.0001324037563376783
2026-09-22T04:15:01.000Z,1790050501,99973500,10033,-8,1790050454,0.00010035659449754185
2026-09-22T04:16:02.000Z,1790050562,99974375,10441,-8,1790050545,0.00010443676192024207
2026-09-22T04:17:01.000Z,1790050621,99974375,10441,-8,1790050545,0.00010443676192024207
2026-09-22T04:18:01.000Z,1790050681,99972552,8038,-8,1790050676,0.0000804020687598332
2026-09-22T04:19:02.000Z,1790050742,99972970,7972,-8,1790050707,0.0000797415541420846
2026-09-22T04:20:01.000Z,1790050801,99973009,4491,-8,1790050797,0.00004492212493074006
2026-09-22T04:21:01.000Z,1790050861,99973009,4491,-8,1790050797,0.00004492212493074006
2026-09-22T04:22:01.000Z,1790050921,99973009,4491,-8,1790050797,0.00004492212493074006
2026-09-22T04:23:01.000Z,1790050981,99973009,4491,-8,1790050797,0.00004492212493074006
2026-09-22T04:24:01.000Z,1790051041,99972556,11659,-8,1790051028,0.00011662200574325618
2026-09-22T04:25:02.000Z,1790051102,99972196,15721,-8,1790051079,0.0001572537228250943
2026-09-22T04:26:01.000Z,1790051161,99972196,15721,-8,1790051079,0.0001572537228250943
2026-09-22T04:27:01.000Z,1790051221,99972557,15992,-8,1790051200,0.00015996389889277315
2026-09-22T04:28:02.000Z,1790051282,99971673,16287,-8,1790051271,0.0001629161492576002
2026-09-22T04:29:01.000Z,1790051341,99972195,11568,-8,1790051332,0.00011571217376991673
2026-09-22T04:30:01.000Z,1790051401,99971956,6044,-8,1790051373,0.000060456954548333536
2026-09-22T04:31:01.000Z,1790051461,99972601,5310,-8,1790051414,0.000053114552856337106
2026-09-22T04:32:00.000Z,1790051520,99972601,5310,-8,1790051414,0.000053114552856337106
2026-09-22T04:33:02.000Z,1790051582,99972040,5460,-8,1790051564,0.00005461527042961212
2026-09-22T04:34:01.000Z,1790051641,99971669,5831,-8,1790051595,0.0000583265244876526
2026-09-22T04:35:01.000Z,1790051701,99972506,4994,-8,1790051695,0.000049953734279702865
2026-09-22T04:36:01.000Z,1790051761,99974375,6324,-8,1790051746,0.00006325620940365969
2026-09-22T04:37:02.000Z,1790051822,99974400,4895,-8,1790051786,0.00004896253440880865
2026-09-22T04:38:01.000Z,1790051881,99974400,4895,-8,1790051786,0.00004896253440880865
2026-09-22T04:39:01.000Z,1790051941,99974500,8322,-8,1790051887,0.00008324122651276075
2026-09-22T04:40:01.000Z,1790052001,99975498,4498,-8,1790051948,0.00004499102370062713
2026-09-22T04:41:01.000Z,1790052061,99975040,6377,-8,1790052018,0.00006378592096587308
2026-09-22T04:42:02.000Z,1790052122,99974502,14137,-8,1790052119,0.00014140605571608648
2026-09-22T04:43:01.000Z,1790052181,99974502,14137,-8,1790052119,0.00014140605571608648
2026-09-22T04:44:01.000Z,1790052241,99974502,14137,-8,1790052119,0.00014140605571608648
2026-09-22T04:45:01.000Z,1790052301,99974019,8208,-8,1790052270,0.00008210133074674131
2026-09-22T04:46:02.000Z,1790052362,99974019,8208,-8,1790052270,0.00008210133074674131
2026-09-22T04:47:01.000Z,1790052421,99974019,8208,-8,1790052270,0.00008210133074674131
2026-09-22T04:48:01.000Z,1790052481,99974019,8208,-8,1790052270,0.00008210133074674131
2026-09-22T04:49:01.000Z,1790052541,99974019,8208,-8,1790052270,0.00008210133074674131
2026-09-22T04:50:01.000Z,1790052601,99974495,10762,-8,1790052560,0.00010764745548352107
2026-09-22T04:51:01.000Z,1790052661,99976500,10744,-8,1790052621,0.00010746525433476867
2026-09-22T04:52:01.000Z,1790052721,99976500,10758,-8,1790052712,0.00010760528724250198
2026-09-22T04:53:01.000Z,1790052781,99976500,10758,-8,1790052712,0.00010760528724250198
2026-09-22T04:54:01.000Z,1790052841,99976500,10758,-8,1790052712,0.00010760528724250198
2026-09-22T04:55:01.000Z,1790052901,99977105,8510,-8,1790052883,0.00008511948810680206
2026-09-22T04:56:01.000Z,1790052961,99977105,8510,-8,1790052883,0.00008511948810680206
2026-09-22T04:57:01.000Z,1790053021,99976373,5641,-8,1790052963,0.000056423331140448556
2026-09-22T04:58:02.000Z,1790053082,99976373,5641,-8,1790052963,0.000056423331140448556
2026-09-22T04:59:01.000Z,1790053141,99976373,5641,-8,1790052963,0.000056423331140448556
2026-09-22T05:00:01.000Z,1790053201,99975000,6972,-8,1790053144,0.00006973743435858965
2026-09-22T05:01:02.000Z,1790053262,99975258,14089,-8,1790053224,0.0001409248676307492
2026-09-22T05:02:01.000Z,1790053321,99975260,8468,-8,1790053316,0.00008470095501627102
2026-09-22T05:03:01.000Z,1790053381,99975258,15727,-8,1790053377,0.00015730892137332618
2026-09-22T05:04:01.000Z,1790053441,99974500,10514,-8,1790053437,0.0001051668175384723
2026-09-22T05:05:02.000Z,1790053502,99974500,3800,-8,1790053469,0.000038009692471580255
2026-09-22T05:06:01.000Z,1790053561,99974500,3800,-8,1790053469,0.000038009692471580255
2026-09-22T05:07:02.000Z,1790053622,99974500,3800,-8,1790053469,0.000038009692471580255
2026-09-22T05:08:01.000Z,1790053681,99975250,7085,-8,1790053639,0.00007086753971607973
2026-09-22T05:09:01.000Z,1790053741,99974500,13517,-8,1790053710,0.00013520447714167113
2026-09-22T05:10:02.000Z,1790053802,99975250,10123,-8,1790053771,0.00010125506062750531
2026-09-22T05:11:01.000Z,1790053861,99975250,10123,-8,1790053771,0.00010125506062750531
2026-09-22T05:12:01.000Z,1790053921,99975250,10123,-8,1790053771,0.00010125506062750531
2026-09-22T05:13:01.000Z,1790053981,99975250,9412,-8,1790053941,0.00009414330046686555
2026-09-22T05:14:02.000Z,1790054042,99975343,14117,-8,1790053992,0.00014120481687169604
2026-09-22T05:15:01.000Z,1790054101,99976135,8176,-8,1790054052,0.00008177951668165608
2026-09-22T05:16:02.000Z,1790054162,99976135,8176,-8,1790054052,0.00008177951668165608
2026-09-22T05:17:01.000Z,1790054221,99977540,11327,-8,1790054183,0.00011329544615720691
2026-09-22T05:18:01.000Z,1790054281,99978527,8230,-8,1790054254,0.0000823176760745835
2026-09-22T05:19:01.000Z,1790054341,99973502,4211,-8,1790054315,0.000042121161265312084
2026-09-22T05:20:01.000Z,1790054401,99978116,7616,-8,1790054396,0.00007617667050257279
2026-09-22T05:21:02.000Z,1790054462,99978116,7616,-8,1790054396,0.00007617667050257279
2026-09-22T05:22:01.000Z,1790054521,99976389,14347,-8,1790054517,0.00014350388270174472
2026-09-22T05:23:01.000Z,1790054581,99977125,10449,-8,1790054558,0.00010451390755635352
2026-09-22T05:24:02.000Z,1790054642,99977127,12868,-8,1790054638,0.0001287094397101449
2026-09-22T05:25:01.000Z,1790054701,99976146,14007,-8,1790054679,0.0001401034202698712
2026-09-22T05:26:02.000Z,1790054762,99976146,14349,-8,1790054720,0.00014352423627132015
2026-09-22T05:27:01.000Z,1790054821,99975500,12524,-8,1790054780,0.00012527069131937325
2026-09-22T05:28:01.000Z,1790054881,99975159,6175,-8,1790054872,0.00006176534312888665
2026-09-22T05:29:02.000Z,1790054942,99976146,9887,-8,1790054933,0.00009889359007697696
2026-09-22T05:30:01.000Z,1790055001,99976146,9887,-8,1790054933,0.00009889359007697696
2026-09-22T05:31:01.000Z,1790055061,99975132,8080,-8,1790055035,0.0000808200983420557
2026-09-22T05:32:01.000Z,1790055121,99973504,7939,-8,1790055076,0.00007941104074935695
2026-09-22T05:33:01.000Z,1790055181,99973504,12868,-8,1790055137,0.00012871410408901943
2026-09-22T05:34:01.000Z,1790055241,99973505,8646,-8,1790055238,0.00008648291364797103
2026-09-22T05:35:01.000Z,1790055301,99974500,15211,-8,1790055280,0.0001521487979434756
2026-09-22T05:36:02.000Z,1790055362,99973504,14482,-8,1790055330,0.0001448583816768091
2026-09-22T05:37:01.000Z,1790055421,99974750,15232,-8,1790055402,0.00015235847051380474
2026-09-22T05:38:02.000Z,1790055482,99974750,13271,-8,1790055442,0.00013274351773822892
2026-09-22T05:39:01.000Z,1790055541,99973505,11720,-8,1790055524,0.00011723106036944488
2026-09-22T05:40:01.000Z,1790055601,99973755,16725,-8,1790055584,0.00016729390628570468
2026-09-22T05:41:01.000Z,1790055661,99973755,16725,-8,1790055584,0.00016729390628570468
2026-09-22T05:42:01.000Z,1790055721,99976517,13284,-8,1790055705,0.00013287120214439956
2026-09-22T05:43:01.000Z,1790055781,99976517,13284,-8,1790055705,0.00013287120214439956
2026-09-22T05:44:01.000Z,1790055841,99976517,13284,-8,1790055705,0.00013287120214439956
2026-09-22T05:45:01.000Z,1790055901,99976517,13284,-8,1790055705,0.00013287120214439956
2026-09-22T05:46:02.000Z,1790055962,99975717,13246,-8,1790055926,0.00013249217307438764
2026-09-22T05:47:01.000Z,1790056021,99975287,15019,-8,1790055966,0.00015022712562955684
2026-09-22T05:48:01.000Z,1790056081,99975287,15019,-8,1790055966,0.00015022712562955684
2026-09-22T05:49:01.000Z,1790056141,99975287,15019,-8,1790055966,0.00015022712562955684
2026-09-22T05:50:01.000Z,1790056201,99974500,10539,-8,1790056167,0.0001054168813047327
2026-09-22T05:51:01.000Z,1790056261,99973505,14475,-8,1790056228,0.00014478836167642616
2026-09-22T05:52:02.000Z,1790056322,99973257,10960,-8,1790056288,0.00010962931816855782
2026-09-22T05:53:01.000Z,1790056381,99973257,10960,-8,1790056288,0.00010962931816855782
2026-09-22T05:54:01.000Z,1790056441,99974634,8306,-8,1790056389,0.00008308107434531843
2026-09-22T05:55:02.000Z,1790056502,99973500,15145,-8,1790056470,0.00015149014488839542
2026-09-22T05:56:01.000Z,1790056561,99973500,15145,-8,1790056470,0.00015149014488839542
2026-09-22T05:57:01.000Z,1790056621,99973500,15145,-8,1790056470,0.00015149014488839542
2026-09-22T05:58:01.000Z,1790056681,99972504,16386,-8,1790056670,0.00016390506733731506
2026-09-22T05:59:02.000Z,1790056742,99972504,16386,-8,1790056670,0.00016390506733731506
2026-09-22T06:00:01.000Z,1790056801,99972500,7709,-8,1790056782,0.00007711120558153492
2026-09-22T06:01:01.000Z,1790056861,99972500,4209,-8,1790056842,0.00004210157793393183
2026-09-22T06:02:01.000Z,1790056921,99972500,7016,-8,1790056894,0.00007017929930730951
2026-09-22T06:03:01.000Z,1790056981,99974326,11153,-8,1790056974,0.00011155864156563556
2026-09-22T06:04:02.000Z,1790057042,99974326,11153,-8,1790056974,0.00011155864156563556
2026-09-22T06:05:01.000Z,1790057101,99974326,11153,-8,1790056974,0.00011155864156563556
2026-09-22T06:06:02.000Z,1790057162,99975500,11495,-8,1790057125,0.00011497816965156463
2026-09-22T06:07:01.000Z,1790057221,99975500,4500,-8,1790057215,0.000045011027701786936
2026-09-22T06:08:01.000Z,1790057281,99975500,4500,-8,1790057215,0.000045011027701786936
2026-09-22T06:09:01.000Z,1790057341,99975500,4500,-8,1790057215,0.000045011027701786936
2026-09-22T06:10:02.000Z,1790057402,99976000,11350,-8,1790057346,0.0001135272465391694
2026-09-22T06:11:01.000Z,1790057461,99975502,5862,-8,1790057417,0.00005863436424655312
2026-09-22T06:12:01.000Z,1790057521,99975502,5862,-8,1790057417,0.00005863436424655312
2026-09-22T06:13:01.000Z,1790057581,99975502,5862,-8,1790057417,0.00005863436424655312
2026-09-22T06:14:01.000Z,1790057641,99974505,9665,-8,1790057587,0.00009667464720130397
2026-09-22T06:15:01.000Z,1790057701,99976457,5617,-8,1790057688,0.00005618322721718374
2026-09-22T06:16:01.000Z,1790057761,99976457,5617,-8,1790057688,0.00005618322721718374
2026-09-22T06:17:01.000Z,1790057821,99977182,3319,-8,1790057819,0.000033197575022668676
2026-09-22T06:18:02.000Z,1790057882,99977335,8952,-8,1790057879,0.00008954029430770485
2026-09-22T06:19:01.000Z,1790057941,99977585,5299,-8,1790057920,0.00005300188037148527
2026-09-22T06:20:01.000Z,1790058001,99977585,5299,-8,1790057920,0.00005300188037148527
2026-09-22T06:21:01.000Z,1790058061,99975631,12877,-8,1790058031,0.00012880138761014673
2026-09-22T06:22:01.000Z,1790058121,99975523,9584,-8,1790058092,0.00009586346450020571
2026-09-22T06:23:02.000Z,1790058182,99975523,9584,-8,1790058092,0.00009586346450020571
2026-09-22T06:24:01.000Z,1790058241,99975505,12532,-8,1790058213,0.00012535070465510527
2026-09-22T06:25:02.000Z,1790058302,99975725,8792,-8,1790058253,0.00008794134776216927
2026-09-22T06:26:01.000Z,1790058361,99975725,8792,-8,1790058253,0.00008794134776216927
2026-09-22T06:27:01.000Z,1790058421,99975725,8792,-8,1790058253,0.00008794134776216927
2026-09-22T06:28:02.000Z,1790058482,99975725,8792,-8,1790058253,0.00008794134776216927
2026-09-22T06:29:01.000Z,1790058541,99975725,8792,-8,1790058253,0.00008794134776216927
2026-09-22T06:30:01.000Z,1790058601,99976500,11079,-8,1790058564,0.00011081604176981591
2026-09-22T06:31:01.000Z,1790058661,99976500,8035,-8,1790058615,0.00008036888668837176
2026-09-22T06:32:02.000Z,1790058722,99976500,9685,-8,1790058706,0.00009687276509979845
2026-09-22T06:33:01.000Z,1790058781,99976500,8169,-8,1790058726,0.00008170920166239066
2026-09-22T06:34:01.000Z,1790058841,99976431,2569,-8,1790058838,0.000025696056303510173
2026-09-22T06:35:01.000Z,1790058901,99976477,9722,-8,1790058849,0.00009724287444135484
2026-09-22T06:36:02.000Z,1790058962,99976477,9722,-8,1790058849,0.00009724287444135484
2026-09-22T06:37:01.000Z,1790059021,99976477,9722,-8,1790058849,0.00009724287444135484
2026-09-22T06:38:01.000Z,1790059081,99976477,9722,-8,1790058849,0.00009724287444135484
2026-09-22T06:39:01.000Z,1790059141,99976477,9722,-8,1790058849,0.00009724287444135484
2026-09-22T06:40:01.000Z,1790059201,99975763,12245,-8,1790059179,0.00012247968540135074
2026-09-22T06:41:01.000Z,1790059261,99975937,9331,-8,1790059230,0.0000933324585895104
2026-09-22T06:42:01.000Z,1790059321,99975937,9331,-8,1790059230,0.0000933324585895104
2026-09-22T06:43:01.000Z,1790059381,99975937,9331,-8,1790059230,0.0000933324585895104
2026-09-22T06:44:01.000Z,1790059441,99975937,9331,-8,1790059230,0.0000933324585895104
2026-09-22T06:45:02.000Z,1790059502,99975937,9331,-8,1790059230,0.0000933324585895104
2026-09-22T06:46:01.000Z,1790059561,99975937,9331,-8,1790059230,0.0000933324585895104
2026-09-22T06:47:01.000Z,1790059621,99975937,9331,-8,1790059230,0.0000933324585895104
2026-09-22T06:48:01.000Z,1790059681,99974500,5955,-8,1790059662,0.00005956518912322642
2026-09-22T06:49:01.000Z,1790059741,99974500,5955,-8,1790059662,0.00005956518912322642
2026-09-22T06:50:00.000Z,1790059800,99974500,5955,-8,1790059662,0.00005956518912322642
2026-09-22T06:51:01.000Z,1790059861,99973056,10208,-8,1790059853,0.00010210751184799233
2026-09-22T06:52:01.000Z,1790059921,99973500,8008,-8,1790059913,0.00008010122682510865
2026-09-22T06:53:02.000Z,1790059982,99973500,11645,-8,1790059974,0.00011648086742986891
2026-09-22T06:54:01.000Z,1790060041,99973500,11645,-8,1790059974,0.00011648086742986891
2026-09-22T06:55:01.000Z,1790060101,99972501,2749,-8,1790060085,0.00002749756155445186
2026-09-22T06:56:02.000Z,1790060162,99973440,3735,-8,1790060135,0.000037359922795494484
2026-09-22T06:57:01.000Z,1790060221,99973440,3735,-8,1790060135,0.000037359922795494484
2026-09-22T06:58:01.000Z,1790060281,99973440,3735,-8,1790060135,0.000037359922795494484
2026-09-22T06:59:02.000Z,1790060342,99973993,11127,-8,1790060316,0.00011129894551676054
2026-09-22T07:00:01.000Z,1790060401,99974250,9471,-8,1790060377,0.00009473439410648243
2026-09-22T07:01:01.000Z,1790060461,99974075,10815,-8,1790060437,0.00010817804515820726
2026-09-22T07:02:01.000Z,1790060521,99973517,12895,-8,1790060498,0.00012898415887479481
2026-09-22T07:03:02.000Z,1790060582,99972500,11100,-8,1790060578,0.0001110305333966841
2026-09-22T07:04:01.000Z,1790060641,99972500,10044,-8,1790060620,0.0001004676285978644
2026-09-22T07:05:01.000Z,1790060701,99972499,13222,-8,1790060691,0.00013225637182481554
2026-09-22T07:06:01.000Z,1790060761,99972499,13222,-8,1790060691,0.00013225637182481554
2026-09-22T07:07:02.000Z,1790060822,99973359,6955,-8,1790060772,0.00006956853375307716
2026-09-22T07:08:01.000Z,1790060881,99974210,11843,-8,1790060873,0.00011846055097609674
2026-09-22T07:09:02.000Z,1790060942,99974086,11960,-8,1790060935,0.00011963100117764517
2026-09-22T07:10:01.000Z,1790061001,99973500,12729,-8,1790060976,0.0001273237407913097
2026-09-22T07:11:02.000Z,1790061062,99973256,10951,-8,1790061056,0.00010953929518910537
2026-09-22T07:12:01.000Z,1790061121,99973256,10951,-8,1790061056,0.00010953929518910537
2026-09-22T07:13:01.000Z,1790061181,99973256,10951,-8,1790061056,0.00010953929518910537
2026-09-22T07:14:02.000Z,1790061242,99973256,10951,-8,1790061056,0.00010953929518910537
2026-09-22T07:15:01.000Z,1790061301,99973256,10951,-8,1790061056,0.00010953929518910537
2026-09-22T07:16:02.000Z,1790061362,99973256,10951,-8,1790061056,0.00010953929518910537
2026-09-22T07:17:01.000Z,1790061421,99974074,12083,-8,1790061407,0.00012086133450958496
2026-09-22T07:18:01.000Z,1790061481,99974500,2800,-8,1790061438,0.000028007141821164395
2026-09-22T07:19:01.000Z,1790061541,99974500,2800,-8,1790061438,0.000028007141821164395
2026-09-22T07:20:02.000Z,1790061602,99973040,12982,-8,1790061589,0.00012985500891040224
2026-09-22T07:21:01.000Z,1790061661,99973040,12982,-8,1790061589,0.00012985500891040224
2026-09-22T07:22:01.000Z,1790061721,99974378,12872,-8,1790061720,0.00012875298909086487
2026-09-22T07:23:01.000Z,1790061781,99974378,12872,-8,1790061720,0.00012875298909086487
2026-09-22T07:24:01.000Z,1790061841,99974378,12872,-8,1790061720,0.00012875298909086487
2026-09-22T07:25:01.000Z,1790061901,99973499,9371,-8,1790061840,0.000093734840670126
2026-09-22T07:26:01.000Z,1790061961,99972668,7630,-8,1790061911,0.00007632086001745997
2026-09-22T07:27:01.000Z,1790062021,99972668,7630,-8,1790061911,0.00007632086001745997
2026-09-22T07:28:02.000Z,1790062082,99974025,13365,-8,1790062062,0.00013368472460721672
2026-09-22T07:29:01.000Z,1790062141,99973576,7777,-8,1790062123,0.00007779055537635265
2026-09-22T07:30:02.000Z,1790062202,99973576,7777,-8,1790062123,0.00007779055537635265
2026-09-22T07:31:00.000Z,1790062260,99973576,7777,-8,1790062123,0.00007779055537635265
2026-09-22T07:32:01.000Z,1790062321,99974000,7831,-8,1790062304,0.00007833036589513273
2026-09-22T07:33:01.000Z,1790062381,99972590,9236,-8,1790062344,0.00009238532281698414
2026-09-22T07:34:02.000Z,1790062442,99973500,9722,-8,1790062395,0.00009724577012908421
2026-09-22T07:35:01.000Z,1790062501,99973500,9722,-8,1790062395,0.00009724577012908421
2026-09-22T07:36:01.000Z,1790062561,99973500,9722,-8,1790062395,0.00009724577012908421
2026-09-22T07:37:02.000Z,1790062622,99975134,10899,-8,1790062616,0.00010901710819412354
2026-09-22T07:38:01.000Z,1790062681,99974375,4495,-8,1790062637,0.000044961521389856154
2026-09-22T07:39:02.000Z,1790062742,99974071,14805,-8,1790062697,0.00014808839784067612
2026-09-22T07:40:01.000Z,1790062801,99974179,13034,-8,1790062798,0.00013037366378372558
2026-09-22T07:41:01.000Z,1790062861,99974179,13034,-8,1790062798,0.00013037366378372558
2026-09-22T07:42:01.000Z,1790062921,99976253,9902,-8,1790062879,0.00009904351986466226
2026-09-22T07:43:02.000Z,1790062982,99975972,5138,-8,1790062929,0.000051392348553510434
2026-09-22T07:44:00.000Z,1790063040,99975972,5138,-8,1790062929,0.000051392348553510434
2026-09-22T07:45:01.000Z,1790063101,99975972,5138,-8,1790062929,0.000051392348553510434
2026-09-22T07:46:01.000Z,1790063161,99979871,13177,-8,1790063100,0.0001317965293233875
2026-09-22T07:47:01.000Z,1790063221,99978891,13129,-8,1790063181,0.00013131771985748473
2026-09-22T07:48:01.000Z,1790063281,99978891,6391,-8,1790063271,0.00006392349361026619
2026-09-22T07:49:02.000Z,1790063342,99978891,6391,-8,1790063271,0.00006392349361026619
2026-09-22T07:50:01.000Z,1790063401,99978891,6450,-8,1790063342,0.00006451361817966155
2026-09-22T07:51:02.000Z,1790063462,99978891,6450,-8,1790063342,0.00006451361817966155
2026-09-22T07:52:01.000Z,1790063521,99980531,8031,-8,1790063502,0.00008032563859857876
2026-09-22T07:53:01.000Z,1790063581,99980531,8031,-8,1790063502,0.00008032563859857876
2026-09-22T07:54:01.000Z,1790063641,99978891,7627,-8,1790063603,0.00007628610323353157
2026-09-22T07:55:02.000Z,1790063702,99978891,12671,-8,1790063654,0.00012673675286116148
2026-09-22T07:56:01.000Z,1790063761,99977911,13531,-8,1790063735,0.00013533989522945724
2026-09-22T07:57:02.000Z,1790063822,99978401,15502,-8,1790063776,0.0001550534900033058
2026-09-22T07:58:01.000Z,1790063881,99978401,15502,-8,1790063776,0.0001550534900033058
2026-09-22T07:59:02.000Z,1790063942,99978401,15502,-8,1790063776,0.0001550534900033058
2026-09-22T08:00:01.000Z,1790064001,99978401,15502,-8,1790063776,0.0001550534900033058
2026-09-22T08:01:02.000Z,1790064062,99978090,12962,-8,1790064058,0.0001296484059657471
2026-09-22T08:02:01.000Z,1790064121,99976500,4000,-8,1790064098,0.00004000940220951924
2026-09-22T08:03:01.000Z,1790064181,99975891,14123,-8,1790064149,0.0001412640573515869
2026-09-22T08:04:01.000Z,1790064241,99973503,12317,-8,1790064231,0.00012320264500484694
2026-09-22T08:05:01.000Z,1790064301,99972418,5702,-8,1790064281,0.00005703573159548867
2026-09-22T08:06:01.000Z,1790064361,99972418,5702,-8,1790064281,0.00005703573159548867
2026-09-22T08:07:02.000Z,1790064422,99972418,5702,-8,1790064281,0.00005703573159548867
2026-09-22T08:08:01.000Z,1790064481,99972418,5702,-8,1790064281,0.00005703573159548867
2026-09-22T08:09:01.000Z,1790064541,99976201,6840,-8,1790064492,0.00006841628239104625
2026-09-22T08:10:01.000Z,1790064601,99976350,3350,-8,1790064553,0.000033507924624173616
2026-09-22T08:11:01.000Z,1790064661,99976487,10530,-8,1790064624,0.00010532476501199727
2026-09-22T08:12:01.000Z,1790064721,99976487,10530,-8,1790064624,0.00010532476501199727
2026-09-22T08:13:02.000Z,1790064782,99975125,7915,-8,1790064755,0.00007916969346124848
2026-09-22T08:14:01.000Z,1790064841,99975125,7915,-8,1790064755,0.00007916969346124848
2026-09-22T08:15:01.000Z,1790064901,99974500,5750,-8,1790064885,0.00005751466623989117
2026-09-22T08:16:01.000Z,1790064961,99974818,2784,-8,1790064926,0.0000278470124346713
2026-09-22T08:17:02.000Z,1790065022,99975672,7477,-8,1790064967,0.00007478819447195113
2026-09-22T08:18:01.000Z,1790065081,99975672,7477,-8,1790064967,0.00007478819447195113
2026-09-22T08:19:01.000Z,1790065141,99976039,6298,-8,1790065128,0.00006299509425453433
2026-09-22T08:20:01.000Z,1790065201,99974625,2794,-8,1790065159,0.000027947091574487026
2026-09-22T08:21:01.000Z,1790065261,99974625,2794,-8,1790065159,0.000027947091574487026
2026-09-22T08:22:01.000Z,1790065321,99975018,4994,-8,1790065319,0.00004995247912833584
2026-09-22T08:23:02.000Z,1790065382,99973411,13144,-8,1790065360,0.0001314749578765498
2026-09-22T08:24:01.000Z,1790065441,99973411,13144,-8,1790065360,0.0001314749578765498
2026-09-22T08:25:01.000Z,1790065501,99973411,13144,-8,1790065360,0.0001314749578765498
2026-09-22T08:26:02.000Z,1790065562,99974498,1997,-8,1790065551,0.000019975094048484245
2026-09-22T08:27:01.000Z,1790065621,99974498,1997,-8,1790065551,0.000019975094048484245
2026-09-22T08:28:01.000Z,1790065681,99974498,1997,-8,1790065551,0.000019975094048484245
2026-09-22T08:29:02.000Z,1790065742,99973815,7340,-8,1790065701,0.00007341922482402017
2026-09-22T08:30:01.000Z,1790065801,99973815,7340,-8,1790065701,0.00007341922482402017
2026-09-22T08:31:01.000Z,1790065861,99973815,7340,-8,1790065701,0.00007341922482402017
2026-09-22T08:32:01.000Z,1790065921,99973501,8587,-8,1790065893,0.0000858927607226639
2026-09-22T08:33:02.000Z,1790065982,99971939,7812,-8,1790065974,0.00007814192740624946
2026-09-22T08:34:01.000Z,1790066041,99973445,6323,-8,1790066036,0.00006324679518646176
2026-09-22T08:35:01.000Z,1790066101,99973445,6323,-8,1790066036,0.00006324679518646176
2026-09-22T08:36:02.000Z,1790066162,99974310,6308,-8,1790066147,0.00006309620941619902
2026-09-22T08:37:01.000Z,1790066221,99975211,4745,-8,1790066218,0.000047461765296999476
2026-09-22T08:38:01.000Z,1790066281,99975211,4745,-8,1790066218,0.000047461765296999476
2026-09-22T08:39:01.000Z,1790066341,99978093,6417,-8,1790066299,0.00006418406080219994
2026-09-22T08:40:02.000Z,1790066402,99978093,6417,-8,1790066299,0.00006418406080219994
2026-09-22T08:41:01.000Z,1790066461,99978093,6417,-8,1790066299,0.00006418406080219994
2026-09-22T08:42:01.000Z,1790066521,99977658,11403,-8,1790066489,0.00011405548227585007
2026-09-22T08:43:01.000Z,1790066581,99976679,5983,-8,1790066540,0.00005984395620902751
2026-09-22T08:44:01.000Z,1790066641,99975420,6570,-8,1790066631,0.00006571615303041487
2026-09-22T08:45:02.000Z,1790066702,99974625,8659,-8,1790066693,0.00008661197778936404
2026-09-22T08:46:01.000Z,1790066761,99973500,6164,-8,1790066753,0.0000616563389298164
2026-09-22T08:47:01.000Z,1790066821,99973503,9642,-8,1790066784,0.00009644555517875571
2026-09-22T08:48:01.000Z,1790066881,99976497,13075,-8,1790066866,0.00013078073739671036
2026-09-22T08:49:01.000Z,1790066941,99976237,12769,-8,1790066926,0.00012772035018681488
2026-09-22T08:50:01.000Z,1790067001,99976237,12769,-8,1790066926,0.00012772035018681488
2026-09-22T08:51:01.000Z,1790067061,99975250,6763,-8,1790067027,0.00006764674256878578
2026-09-22T08:52:01.000Z,1790067121,99975467,4341,-8,1790067088,0.00004342065238865051
2026-09-22T08:53:01.000Z,1790067181,99975562,8905,-8,1790067138,0.00008907176735850707
2026-09-22T08:54:01.000Z,1790067241,99975122,9357,-8,1790067199,0.00009359328413722766
2026-09-22T08:55:02.000Z,1790067302,99975542,11712,-8,1790067250,0.00011714865221735933
2026-09-22T08:56:01.000Z,1790067361,99975250,7714,-8,1790067330,0.00007715909687647693
2026-09-22T08:57:01.000Z,1790067421,99975250,7714,-8,1790067330,0.00007715909687647693
2026-09-22T08:58:01.000Z,1790067481,99974000,7438,-8,1790067451,0.00007439934382939564
2026-09-22T08:59:01.000Z,1790067541,99972616,4527,-8,1790067522,0.00004528240013245227
2026-09-22T09:00:01.000Z,1790067601,99972616,4527,-8,1790067522,0.00004528240013245227
2026-09-22T09:01:01.000Z,1790067661,99973004,13760,-8,1790067644,0.00013763715652677597
2026-09-22T09:02:01.000Z,1790067721,99973500,13743,-8,1790067694,0.00013746642860357994
2026-09-22T09:03:01.000Z,1790067781,99973750,7671,-8,1790067746,0.00007673014166218633
2026-09-22T09:04:02.000Z,1790067842,99970821,7066,-8,1790067828,0.00007068062389924757
2026-09-22T09:05:01.000Z,1790067901,99971257,14540,-8,1790067879,0.00014544180433782083
2026-09-22T09:06:02.000Z,1790067962,99971500,3500,-8,1790067931,0.00003500997784368545
2026-09-22T09:07:00.000Z,1790068020,99973142,9851,-8,1790068013,0.00009853646492374922
2026-09-22T09:08:01.000Z,1790068081,99972007,12999,-8,1790068034,0.00013002639828967323
2026-09-22T09:09:01.000Z,1790068141,99971005,4618,-8,1790068084,0.000046193393774524926
2026-09-22T09:10:02.000Z,1790068202,99972190,12807,-8,1790068175,0.00012810562617463918
2026-09-22T09:11:01.000Z,1790068261,99973051,4010,-8,1790068206,0.000040110809462041924
2026-09-22T09:12:02.000Z,1790068322,99973360,4763,-8,1790068316,0.0000476426920131523
2026-09-22T09:13:01.000Z,1790068381,99972504,5509,-8,1790068357,0.000055105151712514874
2026-09-22T09:14:01.000Z,1790068441,99972496,13016,-8,1790068398,0.00013019580905532257
2026-09-22T09:15:01.000Z,1790068501,99972500,6551,-8,1790068448,0.00006552802020555653
2026-09-22T09:16:01.000Z,1790068561,99972169,2331,-8,1790068519,0.000023316489212112625
2026-09-22T09:17:01.000Z,1790068621,99972169,2331,-8,1790068519,0.000023316489212112625
2026-09-22T09:18:01.000Z,1790068681,99972500,6674,-8,1790068670,0.00006675835854860087
2026-09-22T09:19:01.000Z,1790068741,99972160,3507,-8,1790068691,0.000035079766206912005
2026-09-22T09:20:02.000Z,1790068802,99972160,3507,-8,1790068691,0.000035079766206912005
2026-09-22T09:21:01.000Z,1790068861,99972500,3529,-8,1790068853,0.000035299707419540375
2026-09-22T09:22:01.000Z,1790068921,99972500,3529,-8,1790068853,0.000035299707419540375
2026-09-22T09:23:02.000Z,1790068982,99972500,3529,-8,1790068853,0.000035299707419540375
2026-09-22T09:24:01.000Z,1790069041,99972500,3529,-8,1790068853,0.000035299707419540375
2026-09-22T09:25:01.000Z,1790069101,99972500,3529,-8,1790068853,0.000035299707419540375
2026-09-22T09:26:01.000Z,1790069161,99971500,3500,-8,1790069133,0.00003500997784368545
2026-09-22T09:27:01.000Z,1790069221,99972479,2827,-8,1790069185,0.00002827778232847462
2026-09-22T09:28:02.000Z,1790069282,99972500,9568,-8,1790069265,0.00009570631923779039
2026-09-22T09:29:01.000Z,1790069341,99972500,9568,-8,1790069265,0.00009570631923779039
2026-09-22T09:30:01.000Z,1790069401,99972500,12505,-8,1790069346,0.0001250843982095076
2026-09-22T09:31:02.000Z,1790069462,99972500,12505,-8,1790069346,0.0001250843982095076
2026-09-22T09:32:01.000Z,1790069521,99971504,12325,-8,1790069486,0.0001232851313310241
2026-09-22T09:33:02.000Z,1790069582,99971504,12325,-8,1790069486,0.0001232851313310241
2026-09-22T09:34:01.000Z,1790069641,99970507,7376,-8,1790069597,0.00007378176045461088
2026-09-22T09:35:01.000Z,1790069701,99971003,5144,-8,1790069658,0.00005145492038326353
2026-09-22T09:36:02.000Z,1790069762,99972007,3653,-8,1790069719,0.00003654022870622173
2026-09-22T09:37:01.000Z,1790069821,99972007,3653,-8,1790069719,0.00003654022870622173
2026-09-22T09:38:01.000Z,1790069881,99971500,6416,-8,1790069841,0.00006417829081288168
2026-09-22T09:39:02.000Z,1790069942,99971000,2500,-8,1790069932,0.000025007252103109902
2026-09-22T09:40:01.000Z,1790070001,99971000,2500,-8,1790069932,0.000025007252103109902
2026-09-22T09:41:02.000Z,1790070062,99971000,2500,-8,1790069932,0.000025007252103109902
2026-09-22T09:42:01.000Z,1790070121,99971000,2500,-8,1790069932,0.000025007252103109902
2026-09-22T09:43:01.000Z,1790070181,99969511,13900,-8,1790070172,0.0001390423926350905
2026-09-22T09:44:01.000Z,1790070241,99970227,12922,-8,1790070193,0.00012925848412847956
2026-09-22T09:45:01.000Z,1790070301,99970227,12922,-8,1790070193,0.00012925848412847956
2026-09-22T09:46:02.000Z,1790070362,99969475,13459,-8,1790070344,0.00013463109614209737
2026-09-22T09:47:01.000Z,1790070421,99971480,12478,-8,1790070394,0.00012481559740838087
2026-09-22T09:48:01.000Z,1790070481,99971480,12478,-8,1790070394,0.00012481559740838087
2026-09-22T09:49:01.000Z,1790070541,99971480,12478,-8,1790070394,0.00012481559740838087
2026-09-22T09:50:01.000Z,1790070601,99967982,17141,-8,1790070575,0.00017146489963156404
2026-09-22T09:51:02.000Z,1790070662,99967982,17141,-8,1790070575,0.00017146489963156404
2026-09-22T09:52:01.000Z,1790070721,99968500,16838,-8,1790070675,0.00016843305641277002
2026-09-22T09:53:01.000Z,1790070781,99968505,5717,-8,1790070756,0.00005718801136417915
2026-09-22T09:54:02.000Z,1790070842,99969004,5472,-8,1790070827,0.00005473696627006507
2026-09-22T09:55:01.000Z,1790070901,99969003,7657,-8,1790070868,0.000076593741762134
2026-09-22T09:56:01.000Z,1790070961,99969500,12273,-8,1790070929,0.0001227674440704415
2026-09-22T09:57:01.000Z,1790071021,99969500,2677,-8,1790070990,0.000026778167341039016
2026-09-22T09:58:01.000Z,1790071081,99968763,3237,-8,1790071021,0.00003238011457639023
2026-09-22T09:59:01.000Z,1790071141,99967538,10196,-8,1790071132,0.00010199310900304457
2026-09-22T10:00:02.000Z,1790071202,99967540,13911,-8,1790071153,0.00013915516976810674
2026-09-22T10:01:01.000Z,1790071261,99967503,14552,-8,1790071224,0.00014556730500710815
2026-09-22T10:02:02.000Z,1790071322,99967503,14552,-8,1790071224,0.00014556730500710815
2026-09-22T10:03:01.000Z,1790071381,99967544,14160,-8,1790071354,0.00014164597261687254
2026-09-22T10:04:02.000Z,1790071442,99967575,12608,-8,1790071406,0.0001261208947001065
2026-09-22T10:05:01.000Z,1790071501,99967500,12462,-8,1790071487,0.00012466051466726686
2026-09-22T10:06:02.000Z,1790071562,99967504,14957,-8,1790071527,0.0001496186200667769
2026-09-22T10:07:01.000Z,1790071621,99967504,14957,-8,1790071527,0.0001496186200667769
2026-09-22T10:08:02.000Z,1790071682,99967482,12961,-8,1790071668,0.00012965216028948292
2026-09-22T10:09:01.000Z,1790071741,99967480,11771,-8,1790071699,0.0001177482917444753
2026-09-22T10:10:02.000Z,1790071802,99967469,8140,-8,1790071800,0.00008142648885108815
2026-09-22T10:11:01.000Z,1790071861,99967468,4889,-8,1790071810,0.00004890591007066419
2026-09-22T10:12:02.000Z,1790071922,99967463,13134,-8,1790071891,0.0001313827480047183
2026-09-22T10:13:02.000Z,1790071982,99967000,11039,-8,1790071932,0.0001104264407254394
2026-09-22T10:14:01.000Z,1790072041,99967322,12796,-8,1790072032,0.0001280018284374968
2026-09-22T10:15:02.000Z,1790072102,99967322,12796,-8,1790072032,0.0001280018284374968
2026-09-22T10:16:01.000Z,1790072161,99967322,12796,-8,1790072032,0.0001280018284374968
