iso_timestamp,unix_timestamp,price,conf,expo,publish_time,ratio
2026-09-21T10:16:59.000Z,1789985819,34287099,5896,-8,1789985816,0.0001719597216434088
2026-09-21T10:18:54.000Z,1789985934,34184236,8038,-8,1789985896,0.0002351376230845118
2026-09-21T10:19:01.000Z,1789985941,34184236,8038,-8,1789985896,0.0002351376230845118
2026-09-21T10:20:01.000Z,1789986001,34194035,7853,-8,1789985967,0.00022965993922624225
2026-09-21T10:21:02.000Z,1789986062,34258323,5880,-8,1789986058,0.00017163712304306313
2026-09-21T10:22:01.000Z,1789986121,34334571,7607,-8,1789986099,0.00022155512005669155
2026-09-21T10:23:01.000Z,1789986181,34377609,6531,-8,1789986149,0.0001899783082645451
2026-09-21T10:24:02.000Z,1789986242,34417250,5631,-8,1789986220,0.00016360981775127297
2026-09-21T10:25:01.000Z,1789986301,34417250,5631,-8,1789986220,0.00016360981775127297
2026-09-21T10:26:02.000Z,1789986362,34467351,5968,-8,1789986341,0.00017314936677321097
2026-09-21T10:27:01.000Z,1789986421,34427598,7405,-8,1789986412,0.00021508906894985818
2026-09-21T10:28:02.000Z,1789986482,34469318,6902,-8,1789986452,0.00020023604760616384
2026-09-21T10:29:01.000Z,1789986541,34617452,12550,-8,1789986523,0.00036253390341958156
2026-09-21T10:30:01.000Z,1789986601,34641110,5118,-8,1789986554,0.00014774353362233486
2026-09-21T10:31:01.000Z,1789986661,34641110,5118,-8,1789986554,0.00014774353362233486
2026-09-21T10:32:01.000Z,1789986721,34641110,5118,-8,1789986554,0.00014774353362233486
2026-09-21T10:33:01.000Z,1789986781,34639977,11531,-8,1789986755,0.00033288128337960503
2026-09-21T10:34:01.000Z,1789986841,34546363,5073,-8,1789986837,0.00014684613833299904
2026-09-21T10:35:01.000Z,1789986901,34591200,9156,-8,1789986868,0.00026469159786304033
2026-09-21T10:36:02.000Z,1789986962,34641143,6008,-8,1789986918,0.00017343538577811938
2026-09-21T10:37:01.000Z,1789987021,34783034,9817,-8,1789987009,0.00028223529896788185
2026-09-21T10:38:01.000Z,1789987081,34826288,6664,-8,1789987030,0.00019134970686511294
2026-09-21T10:39:01.000Z,1789987141,34808828,7946,-8,1789987122,0.00022827542484337595
2026-09-21T10:40:01.000Z,1789987201,34732535,10002,-8,1789987162,0.000287972069991436
2026-09-21T10:41:01.000Z,1789987261,34732535,10002,-8,1789987162,0.000287972069991436
2026-09-21T10:42:01.000Z,1789987321,34961219,13926,-8,1789987304,0.00039832707206233285
2026-09-21T10:43:02.000Z,1789987382,35001092,5369,-8,1789987325,0.00015339521406932104
2026-09-21T10:44:01.000Z,1789987441,35096223,14603,-8,1789987385,0.0004160846595942817
2026-09-21T10:45:01.000Z,1789987501,35145068,10067,-8,1789987456,0.00028644132940644756
2026-09-21T10:46:01.000Z,1789987561,35090873,9998,-8,1789987517,0.0002849173914823949
2026-09-21T10:47:02.000Z,1789987622,35015486,16316,-8,1789987567,0.0004659652589142987
2026-09-21T10:48:01.000Z,1789987681,34827875,17590,-8,1789987648,0.0005050552179827222
2026-09-21T10:49:01.000Z,1789987741,34827875,17590,-8,1789987648,0.0005050552179827222
2026-09-21T10:50:01.000Z,1789987801,34891318,10389,-8,1789987798,0.00029775315452399933
2026-09-21T10:51:01.000Z,1789987861,34932603,11502,-8,1789987809,0.0003292626089158028
2026-09-21T10:52:01.000Z,1789987921,34981267,10712,-8,1789987870,0.00030622104110751623
2026-09-21T10:53:01.000Z,1789987981,34981267,10712,-8,1789987870,0.00030622104110751623
2026-09-21T10:54:01.000Z,1789988041,34981267,10712,-8,1789987870,0.00030622104110751623
2026-09-21T10:55:01.000Z,1789988101,34981267,10712,-8,1789987870,0.00030622104110751623
2026-09-21T10:56:02.000Z,1789988162,34978128,7234,-8,1789988110,0.00020681495590615942
2026-09-21T10:57:01.000Z,1789988221,35025434,8503,-8,1789988211,0.00024276644223737527
2026-09-21T10:58:01.000Z,1789988281,35119018,11670,-8,1789988252,0.0003322985853419933
2026-09-21T10:59:01.000Z,1789988341,35065302,13892,-8,1789988333,0.0003961751135067937
2026-09-21T11:00:02.000Z,1789988402,35065302,13892,-8,1789988333,0.0003961751135067937
2026-09-21T11:01:01.000Z,1789988461,35065302,13892,-8,1789988333,0.0003961751135067937
2026-09-21T11:02:01.000Z,1789988521,35113035,12100,-8,1789988494,0.00034460137097234685
2026-09-21T11:03:01.000Z,1789988581,35010755,18771,-8,1789988576,0.0005361495346215756
2026-09-21T11:04:01.000Z,1789988641,35016050,5331,-8,1789988607,0.00015224447074984186
2026-09-21T11:05:01.000Z,1789988701,35016050,5331,-8,1789988607,0.00015224447074984186
2026-09-21T11:06:02.000Z,1789988762,34980838,10360,-8,1789988727,0.00029616214454324964
2026-09-21T11:07:01.000Z,1789988821,35085000,11236,-8,1789988819,0.0003202508194385065
2026-09-21T11:08:01.000Z,1789988881,35033423,7288,-8,1789988870,0.00020802991474741135
2026-09-21T11:09:02.000Z,1789988942,34996176,6172,-8,1789988900,0.00017636212596484828
2026-09-21T11:10:01.000Z,1789989001,34958095,12183,-8,1789988991,0.00034850297191537467
2026-09-21T11:11:01.000Z,1789989061,34961737,10652,-8,1789989052,0.0003046759375828495
2026-09-21T11:12:01.000Z,1789989121,34823445,12326,-8,1789989112,0.0003539569390679182
2026-09-21T11:13:01.000Z,1789989181,34823445,12326,-8,1789989112,0.0003539569390679182
2026-09-21T11:14:01.000Z,1789989241,34885899,14444,-8,1789989183,0.0004140354817859216
2026-09-21T11:15:01.000Z,1789989301,34885899,14444,-8,1789989183,0.0004140354817859216
2026-09-21T11:16:01.000Z,1789989361,34885899,14444,-8,1789989183,0.0004140354817859216
2026-09-21T11:17:02.000Z,1789989422,34875983,14998,-8,1789989414,0.0004300380579953832
2026-09-21T11:18:01.000Z,1789989481,34875757,9533,-8,1789989464,0.00027334173706967854
2026-09-21T11:19:01.000Z,1789989541,34835773,14989,-8,1789989515,0.0004302760842998948
2026-09-21T11:20:01.000Z,1789989601,34867484,12398,-8,1789989596,0.00035557483872366587
2026-09-21T11:21:02.000Z,1789989662,34867484,12398,-8,1789989596,0.00035557483872366587
2026-09-21T11:22:01.000Z,1789989721,34858580,10256,-8,1789989667,0.0002942173777589334
2026-09-21T11:23:02.000Z,1789989782,34858580,10256,-8,1789989667,0.0002942173777589334
2026-09-21T11:24:01.000Z,1789989841,34858580,10256,-8,1789989667,0.0002942173777589334
2026-09-21T11:25:02.000Z,1789989902,34858580,10256,-8,1789989667,0.0002942173777589334
2026-09-21T11:26:01.000Z,1789989961,34795519,12816,-8,1789989937,0.00036832328898442357
2026-09-21T11:27:01.000Z,1789990021,34795519,12816,-8,1789989937,0.00036832328898442357
2026-09-21T11:28:01.000Z,1789990081,34795519,12816,-8,1789989937,0.00036832328898442357
2026-09-21T11:29:02.000Z,1789990142,34795519,12816,-8,1789989937,0.00036832328898442357
2026-09-21T11:30:01.000Z,1789990201,34793603,8997,-8,1789990169,0.00025858201578031454
2026-09-21T11:31:01.000Z,1789990261,34864541,10914,-8,1789990251,0.0003130401171780807
2026-09-21T11:32:01.000Z,1789990321,34784477,5178,-8,1789990262,0.00014885950419780638
2026-09-21T11:33:01.000Z,1789990381,34784477,5178,-8,1789990262,0.00014885950419780638
2026-09-21T11:34:02.000Z,1789990442,34739570,11290,-8,1789990392,0.0003249896299810274
2026-09-21T11:35:01.000Z,1789990501,34735969,6738,-8,1789990463,0.00019397760287038487
2026-09-21T11:36:01.000Z,1789990561,34735969,6738,-8,1789990463,0.00019397760287038487
2026-09-21T11:37:01.000Z,1789990621,34735969,6738,-8,1789990463,0.00019397760287038487
2026-09-21T11:38:01.000Z,1789990681,34711218,10764,-8,1789990654,0.00031010147785652466
2026-09-21T11:39:01.000Z,1789990741,34711218,10764,-8,1789990654,0.00031010147785652466
2026-09-21T11:40:01.000Z,1789990801,34740287,11056,-8,1789990785,0.00031824722691554047
2026-09-21T11:41:01.000Z,1789990861,34740287,11056,-8,1789990785,0.00031824722691554047
2026-09-21T11:42:02.000Z,1789990922,34769499,13278,-8,1789990865,0.0003818864344292105
2026-09-21T11:43:01.000Z,1789990981,34769499,13278,-8,1789990865,0.0003818864344292105
2026-09-21T11:44:02.000Z,1789991042,34854720,10286,-8,1789991026,0.00029511067654538613
2026-09-21T11:45:01.000Z,1789991101,34854720,10286,-8,1789991026,0.00029511067654538613
2026-09-21T11:46:01.000Z,1789991161,34825072,8849,-8,1789991127,0.0002540985414186653
2026-09-21T11:47:02.000Z,1789991222,34870347,10058,-8,1789991207,0.0002884399171594134
2026-09-21T11:48:01.000Z,1789991281,34825009,9998,-8,1789991278,0.000287092531691808
2026-09-21T11:49:01.000Z,1789991341,34825009,9998,-8,1789991278,0.000287092531691808
2026-09-21T11:50:02.000Z,1789991402,34848838,10429,-8,1789991379,0.00029926392380715824
2026-09-21T11:51:01.000Z,1789991461,34848838,10429,-8,1789991379,0.00029926392380715824
2026-09-21T11:52:01.000Z,1789991521,34813865,5163,-8,1789991489,0.00014830298215955052
2026-09-21T11:53:01.000Z,1789991581,34813865,5163,-8,1789991489,0.00014830298215955052
2026-09-21T11:54:01.000Z,1789991641,34813865,5163,-8,1789991489,0.00014830298215955052
2026-09-21T11:55:02.000Z,1789991702,34813865,5163,-8,1789991489,0.00014830298215955052
2026-09-21T11:56:01.000Z,1789991761,34813865,5163,-8,1789991489,0.00014830298215955052
2026-09-21T11:57:01.000Z,1789991821,34813856,7636,-8,1789991811,0.00021933795555424828
2026-09-21T11:58:02.000Z,1789991882,34813856,7636,-8,1789991811,0.00021933795555424828
2026-09-21T11:59:01.000Z,1789991941,34749699,9522,-8,1789991881,0.0002740167619869168
2026-09-21T12:00:01.000Z,1789992001,34744548,9545,-8,1789991982,0.00027471936028639657
2026-09-21T12:01:02.000Z,1789992062,34744548,9545,-8,1789991982,0.00027471936028639657
2026-09-21T12:02:01.000Z,1789992121,34862443,12727,-8,1789992093,0.00036506334338072636
2026-09-21T12:03:01.000Z,1789992181,34800714,7686,-8,1789992174,0.0002208575375781083
2026-09-21T12:04:02.000Z,1789992242,34782305,9320,-8,1789992216,0.00026795233955886476
2026-09-21T12:05:01.000Z,1789992301,34743611,7614,-8,1789992246,0.0002191482054067437
2026-09-21T12:06:02.000Z,1789992362,34763873,6285,-8,1789992348,0.00018079113336997866
2026-09-21T12:07:01.000Z,1789992421,34783518,11104,-8,1789992378,0.00031923165448647257
2026-09-21T12:08:02.000Z,1789992482,34778519,9997,-8,1789992450,0.0002874475477233519
2026-09-21T12:09:01.000Z,1789992541,34758392,9649,-8,1789992520,0.0002776020248577667
2026-09-21T12:10:01.000Z,1789992601,34782126,9257,-8,1789992593,0.0002661424433917582
2026-09-21T12:11:02.000Z,1789992662,34714324,5392,-8,1789992634,0.00015532493157579562
2026-09-21T12:12:01.000Z,1789992721,34702525,6017,-8,1789992685,0.00017338795952167747
2026-09-21T12:13:01.000Z,1789992781,34695005,12732,-8,1789992776,0.0003669692510492505
2026-09-21T12:14:01.000Z,1789992841,34752832,5096,-8,1789992827,0.00014663553174601714
2026-09-21T12:15:02.000Z,1789992902,34706352,8153,-8,1789992897,0.00023491377025162426
2026-09-21T12:16:01.000Z,1789992961,34663787,5526,-8,1789992928,0.00015941708850218818
2026-09-21T12:17:01.000Z,1789993021,34635126,6557,-8,1789993008,0.00018931647599607405
2026-09-21T12:18:02.000Z,1789993082,34748368,11634,-8,1789993050,0.0003348070907963217
2026-09-21T12:19:01.000Z,1789993141,34734550,5893,-8,1789993091,0.00016965816456525275
2026-09-21T12:20:02.000Z,1789993202,34769420,15585,-8,1789993192,0.0004482387109132105
2026-09-21T12:21:01.000Z,1789993261,34769420,15585,-8,1789993192,0.0004482387109132105
2026-09-21T12:22:02.000Z,1789993322,34694240,7262,-8,1789993304,0.0002093142838695991
2026-09-21T12:23:02.000Z,1789993382,34655797,9669,-8,1789993375,0.0002790009417472061
2026-09-21T12:24:01.000Z,1789993441,34655797,9669,-8,1789993375,0.0002790009417472061
2026-09-21T12:25:01.000Z,1789993501,34665232,8235,-8,1789993446,0.00023755790816573793
2026-09-21T12:26:01.000Z,1789993561,34646503,19940,-8,1789993517,0.0005755270596862257
2026-09-21T12:27:01.000Z,1789993621,34625846,10319,-8,1789993619,0.0002980143792010165
2026-09-21T12:28:02.000Z,1789993682,34653788,7032,-8,1789993649,0.0002029215391979659
2026-09-21T12:29:01.000Z,1789993741,34639263,15471,-8,1789993680,0.00044663190437972076
2026-09-21T12:30:02.000Z,1789993802,34639263,15471,-8,1789993680,0.00044663190437972076
2026-09-21T12:31:01.000Z,1789993861,34603750,9957,-8,1789993811,0.0002877433804139725
2026-09-21T12:32:01.000Z,1789993921,34613614,9303,-8,1789993911,0.00026876708106816005
2026-09-21T12:33:01.000Z,1789993981,34624482,5564,-8,1789993932,0.00016069554484598498
2026-09-21T12:34:01.000Z,1789994041,34624482,5564,-8,1789993932,0.00016069554484598498
2026-09-21T12:35:02.000Z,1789994102,34643085,5824,-8,1789994072,0.00016811435817566477
2026-09-21T12:36:01.000Z,1789994161,34643057,6371,-8,1789994153,0.00018390409368318738
2026-09-21T12:37:02.000Z,1789994222,34669927,16136,-8,1789994164,0.0004654177668156036
2026-09-21T12:38:01.000Z,1789994281,34669927,16136,-8,1789994164,0.0004654177668156036
2026-09-21T12:39:01.000Z,1789994341,34669927,16136,-8,1789994164,0.0004654177668156036
2026-09-21T12:40:01.000Z,1789994401,34590327,6909,-8,1789994395,0.00019973792095113758
2026-09-21T12:41:01.000Z,1789994461,34633172,9799,-8,1789994436,0.00028293683293000135
2026-09-21T12:42:02.000Z,1789994522,34645469,7386,-8,1789994486,0.00021318805065101008
2026-09-21T12:43:01.000Z,1789994581,34645469,7386,-8,1789994486,0.00021318805065101008
2026-09-21T12:44:02.000Z,1789994642,34685458,7504,-8,1789994607,0.00021634426738721454
2026-09-21T12:45:01.000Z,1789994701,34715738,6078,-8,1789994697,0.00017507909525069003
2026-09-21T12:46:02.000Z,1789994762,34755786,10575,-8,1789994739,0.0003042658853981895
2026-09-21T12:47:01.000Z,1789994821,34755786,10575,-8,1789994739,0.0003042658853981895
2026-09-21T12:48:02.000Z,1789994882,34755855,6325,-8,1789994850,0.0001819837261951979
2026-09-21T12:49:01.000Z,1789994941,34915860,6212,-8,1789994912,0.0001779134181429299
2026-09-21T12:50:02.000Z,1789995002,34955449,10838,-8,1789994963,0.00031005180336833897
2026-09-21T12:51:01.000Z,1789995061,34855751,19933,-8,1789995023,0.0005718711956600791
2026-09-21T12:52:01.000Z,1789995121,34855751,19933,-8,1789995023,0.0005718711956600791
2026-09-21T12:53:02.000Z,1789995182,34845386,12427,-8,1789995175,0.0003566325825749211
2026-09-21T12:54:01.000Z,1789995241,34921651,17129,-8,1789995196,0.000490498000796125
2026-09-21T12:55:02.000Z,1789995302,34974797,16147,-8,1789995277,0.0004616753029331378
2026-09-21T12:56:01.000Z,1789995361,35028962,17189,-8,1789995358,0.0004907082316627024
2026-09-21T12:57:02.000Z,1789995422,34983017,12968,-8,1789995399,0.0003706941571105774
2026-09-21T12:58:01.000Z,1789995481,34968808,11912,-8,1789995459,0.0003406464412513003
2026-09-21T12:59:01.000Z,1789995541,35030338,12696,-8,1789995530,0.00036242870394228
2026-09-21T13:00:02.000Z,1789995602,34984253,6150,-8,1789995581,0.00017579337766623172
2026-09-21T13:01:01.000Z,1789995661,34984253,6150,-8,1789995581,0.00017579337766623172
2026-09-21T13:02:01.000Z,1789995721,35098677,10777,-8,1789995713,0.00030704861040773703
2026-09-21T13:03:02.000Z,1789995782,35108234,10895,-8,1789995776,0.0003103260619716731
2026-09-21T13:04:01.000Z,1789995841,35108234,10895,-8,1789995776,0.0003103260619716731
2026-09-21T13:05:01.000Z,1789995901,35055276,8766,-8,1789995857,0.00025006221602705394
2026-09-21T13:06:01.000Z,1789995961,35109376,14371,-8,1789995938,0.00040932086061569423
2026-09-21T13:07:01.000Z,1789996021,35094796,12141,-8,1789995998,0.0003459487269850493
2026-09-21T13:08:01.000Z,1789996081,35078771,11231,-8,1789996029,0.0003201651505977789
2026-09-21T13:09:01.000Z,1789996141,35089977,14817,-8,1789996089,0.00042225733006322577
2026-09-21T13:10:01.000Z,1789996201,35051455,12322,-8,1789996180,0.00035154032835441496
2026-09-21T13:11:01.000Z,1789996261,35034469,7276,-8,1789996251,0.00020768118392203974
2026-09-21T13:12:01.000Z,1789996321,35034469,7276,-8,1789996251,0.00020768118392203974
2026-09-21T13:13:02.000Z,1789996382,34962771,8614,-8,1789996373,0.00024637635272101285
2026-09-21T13:14:01.000Z,1789996441,34857901,9062,-8,1789996425,0.0002599697554938836
2026-09-21T13:15:01.000Z,1789996501,34863322,5527,-8,1789996486,0.00015853337212099294
2026-09-21T13:16:01.000Z,1789996561,34911948,6175,-8,1789996527,0.00017687354483914792
2026-09-21T13:17:01.000Z,1789996621,34859861,8105,-8,1789996578,0.00023250236138348343
2026-09-21T13:18:02.000Z,1789996682,34824522,10200,-8,1789996649,0.0002928970568497681
2026-09-21T13:19:01.000Z,1789996741,34824522,10200,-8,1789996649,0.0002928970568497681
2026-09-21T13:20:01.000Z,1789996801,34823407,9988,-8,1789996769,0.0002868185757930004
2026-09-21T13:21:01.000Z,1789996861,34886665,10168,-8,1789996851,0.00029145806857720563
2026-09-21T13:22:01.000Z,1789996921,34974657,6837,-8,1789996872,0.00019548440460759916
2026-09-21T13:23:02.000Z,1789996982,34966583,9475,-8,1789996942,0.00027097300299546
2026-09-21T13:24:01.000Z,1789997041,34929343,9995,-8,1789996993,0.00028614909819517646
2026-09-21T13:25:01.000Z,1789997101,34894266,6450,-8,1789997063,0.00018484412310033974
2026-09-21T13:26:02.000Z,1789997162,34834285,14147,-8,1789997114,0.0004061228757817191
2026-09-21T13:27:01.000Z,1789997221,34895752,9518,-8,1789997215,0.0002727552625889822
2026-09-21T13:28:01.000Z,1789997281,34905747,5000,-8,1789997236,0.0001432428877685958
2026-09-21T13:29:02.000Z,1789997342,34864996,6213,-8,1789997307,0.00017820165532214603
2026-09-21T13:30:01.000Z,1789997401,34833820,5802,-8,1789997388,0.0001665622662114003
2026-09-21T13:31:01.000Z,1789997461,34885657,15366,-8,1789997438,0.0004404675537571214
2026-09-21T13:32:01.000Z,1789997521,34894093,9996,-8,1789997502,0.00028646682405529213
2026-09-21T13:33:01.000Z,1789997581,34851442,5830,-8,1789997565,0.00016728145710584946
2026-09-21T13:34:02.000Z,1789997642,34837553,10255,-8,1789997586,0.0002943662547136993
2026-09-21T13:35:01.000Z,1789997701,34844590,10417,-8,1789997698,0.00029895602158039455
2026-09-21T13:36:01.000Z,1789997761,34887075,8938,-8,1789997729,0.00025619803322577203
2026-09-21T13:37:00.000Z,1789997820,34813740,6268,-8,1789997803,0.000180043856247562
2026-09-21T13:38:00.000Z,1789997880,34863143,8008,-8,1789997855,0.00022969816576778518
2026-09-21T13:39:01.000Z,1789997941,34683117,8114,-8,1789997938,0.0002339466778605856
2026-09-21T13:40:01.000Z,1789998001,34688462,19112,-8,1789997959,0.0005509612965832847
2026-09-21T13:41:01.000Z,1789998061,34733894,6110,-8,1789998051,0.00017590886872632247
2026-09-21T13:42:01.000Z,1789998121,34776348,11472,-8,1789998104,0.00032987937663839803
2026-09-21T13:43:01.000Z,1789998181,34795713,13024,-8,1789998146,0.0003742989833259057
2026-09-21T13:44:02.000Z,1789998242,34843301,14624,-8,1789998227,0.00041970765054665746
2026-09-21T13:45:01.000Z,1789998301,34832983,5270,-8,1789998268,0.0001512933876492863
2026-09-21T13:46:02.000Z,1789998362,34951688,8613,-8,1789998349,0.00024642586647031183
2026-09-21T13:47:01.000Z,1789998421,34907536,9889,-8,1789998391,0.00028329126409838836
2026-09-21T13:48:02.000Z,1789998482,34952950,9822,-8,1789998472,0.00028100632421583873
2026-09-21T13:49:01.000Z,1789998541,34952795,14011,-8,1789998533,0.00040085492447742736
2026-09-21T13:50:01.000Z,1789998601,34918528,10053,-8,1789998596,0.00028789873387560896
2026-09-21T13:51:01.000Z,1789998661,34942946,10831,-8,1789998659,0.0003099624170211636
2026-09-21T13:52:02.000Z,1789998722,34952942,9400,-8,1789998699,0.0002689330128491044
2026-09-21T13:53:01.000Z,1789998781,34979586,10605,-8,1789998730,0.0003031768300516764
2026-09-21T13:54:01.000Z,1789998841,34984151,10854,-8,1789998812,0.00031025477794216017
2026-09-21T13:55:02.000Z,1789998902,34962643,14879,-8,1789998893,0.0004255685132271036
2026-09-21T13:56:01.000Z,1789998961,34962643,14879,-8,1789998893,0.0004255685132271036
2026-09-21T13:57:02.000Z,1789999022,34972230,6906,-8,1789999010,0.0001974709648198013
2026-09-21T13:58:01.000Z,1789999081,34920030,18498,-8,1789999051,0.0005297246308207639
2026-09-21T13:59:01.000Z,1789999141,34898316,9653,-8,1789999133,0.00027660360459799834
2026-09-21T14:00:01.000Z,1789999201,34851070,13573,-8,1789999193,0.00038945719600574674
2026-09-21T14:01:02.000Z,1789999262,34799345,6901,-8,1789999244,0.0001983083302286293
2026-09-21T14:02:01.000Z,1789999321,34706290,9991,-8,1789999307,0.0002878728898997847
2026-09-21T14:03:02.000Z,1789999382,34706290,9991,-8,1789999307,0.0002878728898997847
2026-09-21T14:04:01.000Z,1789999441,34581349,12444,-8,1789999419,0.00035984715344679005
2026-09-21T14:05:02.000Z,1789999502,34552529,10136,-8,1789999490,0.0002933504520030936
2026-09-21T14:06:01.000Z,1789999561,34502814,10216,-8,1789999551,0.0002960917912376654
2026-09-21T14:07:02.000Z,1789999622,34383910,14576,-8,1789999605,0.00042391921104958686
2026-09-21T14:08:01.000Z,1789999681,34529130,10329,-8,1789999677,0.0002991387272138047
2026-09-21T14:09:02.000Z,1789999742,34507917,9993,-8,1789999737,0.0002895857202855797
2026-09-21T14:10:01.000Z,1789999801,34616405,9203,-8,1789999799,0.00026585660758244537
2026-09-21T14:11:01.000Z,1789999861,34681991,6796,-8,1789999829,0.00019595184140379945
2026-09-21T14:12:02.000Z,1789999922,34727163,10201,-8,1789999881,0.0002937470014466773
2026-09-21T14:13:01.000Z,1789999981,34629966,7719,-8,1789999963,0.00022289943917357585
2026-09-21T14:14:01.000Z,1790000041,34573070,5016,-8,1790000025,0.00014508402059753444
2026-09-21T14:15:01.000Z,1790000101,34622366,8221,-8,1790000056,0.00023744766605494262
2026-09-21T14:16:01.000Z,1790000161,34599347,15553,-8,1790000137,0.0004495171541821295
2026-09-21T14:17:02.000Z,1790000222,34592369,13461,-8,1790000219,0.0003891320655142179
2026-09-21T14:18:02.000Z,1790000282,34606498,10688,-8,1790000260,0.0003088437321800085
2026-09-21T14:19:01.000Z,1790000341,34597367,8785,-8,1790000311,0.0002539210570561627
2026-09-21T14:20:01.000Z,1790000401,34560627,6834,-8,1790000381,0.00019773946809471945
2026-09-21T14:21:01.000Z,1790000461,34580701,6670,-8,1790000432,0.0001928821512322726
2026-09-21T14:22:02.000Z,1790000522,34471016,13479,-8,1790000503,0.00039102415780260146
2026-09-21T14:23:01.000Z,1790000581,34498794,7875,-8,1790000555,0.00022826884905020157
2026-09-21T14:24:01.000Z,1790000641,34540391,8201,-8,1790000636,0.000237432170353833
2026-09-21T14:25:02.000Z,1790000702,34540391,8201,-8,1790000636,0.000237432170353833
2026-09-21T14:26:01.000Z,1790000761,34562371,11333,-8,1790000727,0.00032789995802081983
2026-09-21T14:27:01.000Z,1790000821,34641115,15417,-8,1790000809,0.0004450491850507699
2026-09-21T14:28:01.000Z,1790000881,34645813,11012,-8,1790000830,0.0003178450452295635
2026-09-21T14:29:01.000Z,1790000941,34642356,13563,-8,1790000910,0.00039151494199759395
2026-09-21T14:30:01.000Z,1790001001,34622014,7061,-8,1790000981,0.00020394538573059325
2026-09-21T14:31:02.000Z,1790001062,34602021,11170,-8,1790001054,0.0003228135142742096
2026-09-21T14:32:01.000Z,1790001121,34626875,9958,-8,1790001105,0.00028758009494070716
2026-09-21T14:33:01.000Z,1790001181,34627502,10435,-8,1790001176,0.000301350065621251
2026-09-21T14:34:01.000Z,1790001241,34608546,10171,-8,1790001237,0.0002938869491945718
2026-09-21T14:35:02.000Z,1790001302,34608546,10171,-8,1790001237,0.0002938869491945718
2026-09-21T14:36:01.000Z,1790001361,34631835,6975,-8,1790001359,0.00020140428596983093
2026-09-21T14:37:02.000Z,1790001422,34617187,10856,-8,1790001410,0.0003136014488987797
2026-09-21T14:38:01.000Z,1790001481,34630988,8268,-8,1790001473,0.00023874571525363353
2026-09-21T14:39:01.000Z,1790001541,34621649,12857,-8,1790001524,0.0003713572395121908
2026-09-21T14:40:01.000Z,1790001601,34622185,8394,-8,1790001555,0.00024244570352795468
2026-09-21T14:41:01.000Z,1790001661,34508795,11564,-8,1790001647,0.0003351029788203268
2026-09-21T14:42:01.000Z,1790001721,34513326,12375,-8,1790001698,0.00035855715557521175
2026-09-21T14:43:01.000Z,1790001781,34589312,10258,-8,1790001760,0.0002965655980668248
2026-09-21T14:44:02.000Z,1790001842,34589312,10258,-8,1790001760,0.0002965655980668248
2026-09-21T14:45:01.000Z,1790001901,34589312,10258,-8,1790001760,0.0002965655980668248
2026-09-21T14:46:02.000Z,1790001962,34603489,5950,-8,1790001931,0.00017194797900292656
2026-09-21T14:47:01.000Z,1790002021,34608412,10381,-8,1790001993,0.00029995597602108993
2026-09-21T14:48:01.000Z,1790002081,34673730,6062,-8,1790002044,0.00017482976305116293
2026-09-21T14:49:01.000Z,1790002141,34703589,11318,-8,1790002104,0.00032613341519230186
2026-09-21T14:50:01.000Z,1790002201,34703589,11318,-8,1790002104,0.00032613341519230186
2026-09-21T14:51:01.000Z,1790002261,34719030,14023,-8,1790002236,0.00040389953290745736
2026-09-21T14:52:02.000Z,1790002322,34724318,5137,-8,1790002317,0.00014793667077925044
2026-09-21T14:53:01.000Z,1790002381,34704238,5172,-8,1790002358,0.0001490307898418631
2026-09-21T14:54:01.000Z,1790002441,34689901,13437,-8,1790002420,0.0003873461616393774
2026-09-21T14:55:02.000Z,1790002502,34687929,11658,-8,1790002491,0.0003360823299655624
2026-09-21T14:56:01.000Z,1790002561,34699621,10925,-8,1790002543,0.00031484493735536764
2026-09-21T14:57:01.000Z,1790002621,34690652,13222,-8,1790002616,0.00038114014115387627
2026-09-21T14:58:01.000Z,1790002681,34629292,14165,-8,1790002678,0.00040904676884528853
2026-09-21T14:59:02.000Z,1790002742,34560568,10456,-8,1790002729,0.0003025413239736106
2026-09-21T15:00:01.000Z,1790002801,34541902,5819,-8,1790002790,0.00016846206094846774
2026-09-21T15:01:02.000Z,1790002862,34546535,6900,-8,1790002842,0.00019973059526809273
2026-09-21T15:02:01.000Z,1790002921,34572059,9838,-8,1790002904,0.0002845650587371727
2026-09-21T15:03:01.000Z,1790002981,34535819,5715,-8,1790002966,0.0001654803669199216
2026-09-21T15:04:02.000Z,1790003042,34582900,8623,-8,1790002996,0.00024934288333251407
2026-09-21T15:05:01.000Z,1790003101,34586180,11173,-8,1790003087,0.0003230481076545603
2026-09-21T15:06:02.000Z,1790003162,34576821,5397,-8,1790003129,0.00015608722386595343
2026-09-21T15:07:01.000Z,1790003221,34567969,14767,-8,1790003179,0.00042718737684588874
2026-09-21T15:08:02.000Z,1790003282,34582995,9987,-8,1790003270,0.00028878354809928983
2026-09-21T15:09:01.000Z,1790003341,34724164,12944,-8,1790003323,0.00037276635371264805
2026-09-21T15:10:02.000Z,1790003402,34633281,9832,-8,1790003396,0.0002838887831620689
2026-09-21T15:11:01.000Z,1790003461,34569078,15283,-8,1790003457,0.0004421003071010456
2026-09-21T15:12:02.000Z,1790003522,34558463,6207,-8,1790003499,0.0001796086822495549
2026-09-21T15:13:02.000Z,1790003582,34557600,10227,-8,1790003539,0.00029594069032571707
2026-09-21T15:14:01.000Z,1790003641,34553318,10977,-8,1790003621,0.0003176829501583611
2026-09-21T15:15:02.000Z,1790003702,34504285,14279,-8,1790003682,0.00041383265875528214
2026-09-21T15:16:01.000Z,1790003761,34420272,14562,-8,1790003743,0.0004230646405118472
2026-09-21T15:17:01.000Z,1790003821,34406988,8709,-8,1790003794,0.0002531171865436172
2026-09-21T15:18:02.000Z,1790003882,34400337,6024,-8,1790003874,0.00017511456355790933
2026-09-21T15:19:01.000Z,1790003941,34311152,17350,-8,1790003926,0.0005056664958378547
2026-09-21T15:20:02.000Z,1790004002,34283379,10249,-8,1790003999,0.00029894952886645157
2026-09-21T15:21:01.000Z,1790004061,34188229,8180,-8,1790004030,0.00023926363661598264
2026-09-21T15:22:01.000Z,1790004121,34199050,8627,-8,1790004113,0.0002522584691680032
2026-09-21T15:23:02.000Z,1790004182,34135325,14496,-8,1790004165,0.0004246627210961079
2026-09-21T15:24:01.000Z,1790004241,34218578,16893,-8,1790004236,0.0004936791937993449
2026-09-21T15:25:02.000Z,1790004302,34137497,13687,-8,1790004298,0.0004009374208073896
2026-09-21T15:26:01.000Z,1790004361,34161287,16284,-8,1790004329,0.0004766799330481899
2026-09-21T15:27:01.000Z,1790004421,34161287,16284,-8,1790004329,0.0004766799330481899
2026-09-21T15:28:02.000Z,1790004482,34161287,16284,-8,1790004329,0.0004766799330481899
2026-09-21T15:29:01.000Z,1790004541,34110003,10003,-8,1790004499,0.0002932570835599164
2026-09-21T15:30:02.000Z,1790004602,34159669,11503,-8,1790004550,0.00033674213880702415
2026-09-21T15:31:01.000Z,1790004661,34260666,11963,-8,1790004653,0.0003491759325402489
2026-09-21T15:32:02.000Z,1790004722,34174403,10810,-8,1790004694,0.00031631862010874046
2026-09-21T15:33:01.000Z,1790004781,34211798,11527,-8,1790004765,0.0003369305524369108
2026-09-21T15:34:02.000Z,1790004842,34287041,11784,-8,1790004815,0.00034368670075670863
2026-09-21T15:35:01.000Z,1790004901,34227908,5630,-8,1790004898,0.00016448565889565906
2026-09-21T15:36:01.000Z,1790004961,34248095,6037,-8,1790004908,0.00017627257808062026
2026-09-21T15:37:02.000Z,1790005022,34319725,9700,-8,1790005000,0.00028263629734795367
2026-09-21T15:38:01.000Z,1790005081,34278662,5004,-8,1790005071,0.00014598002687502798
2026-09-21T15:39:02.000Z,1790005142,34338786,8173,-8,1790005123,0.00023801074388593704
2026-09-21T15:40:01.000Z,1790005201,34427593,8151,-8,1790005194,0.0002367577657839745
2026-09-21T15:41:02.000Z,1790005262,34380863,6020,-8,1790005256,0.0001750974081133449
2026-09-21T15:42:01.000Z,1790005321,34380863,6020,-8,1790005256,0.0001750974081133449
2026-09-21T15:43:02.000Z,1790005382,34378540,10258,-8,1790005356,0.00029838381734651907
2026-09-21T15:44:02.000Z,1790005442,34380319,5027,-8,1790005417,0.00014621737512092312
2026-09-21T15:45:01.000Z,1790005501,34414331,9988,-8,1790005457,0.0002902279285917254
2026-09-21T15:46:02.000Z,1790005562,34402075,9172,-8,1790005559,0.0002666118250134621
2026-09-21T15:47:02.000Z,1790005622,34402075,9172,-8,1790005559,0.0002666118250134621
2026-09-21T15:48:01.000Z,1790005681,34405592,10204,-8,1790005660,0.00029657969553321446
2026-09-21T15:49:01.000Z,1790005741,34421867,9705,-8,1790005701,0.00028194287079198814
2026-09-21T15:50:02.000Z,1790005802,34376319,13681,-8,1790005761,0.0003979774565159231
2026-09-21T15:51:01.000Z,1790005861,34376319,13681,-8,1790005761,0.0003979774565159231
2026-09-21T15:52:02.000Z,1790005922,34368781,8781,-8,1790005903,0.00025549349568144416
2026-09-21T15:53:01.000Z,1790005981,34460843,9846,-8,1790005974,0.000285715587398718
2026-09-21T15:54:01.000Z,1790006041,34449661,6081,-8,1790006015,0.00017651842785913047
2026-09-21T15:55:02.000Z,1790006102,34383931,12247,-8,1790006056,0.00035618382319345626
2026-09-21T15:56:01.000Z,1790006161,34373702,13699,-8,1790006147,0.00039853141218248767
2026-09-21T15:57:02.000Z,1790006222,34373702,13699,-8,1790006147,0.00039853141218248767
2026-09-21T15:58:01.000Z,1790006281,34328284,11806,-8,1790006248,0.0003439146564972487
2026-09-21T15:59:02.000Z,1790006342,34328284,11806,-8,1790006248,0.0003439146564972487
2026-09-21T16:00:01.000Z,1790006401,34407028,8660,-8,1790006399,0.0002516927646293658
2026-09-21T16:01:02.000Z,1790006462,34339954,11764,-8,1790006449,0.00034257471632023734
2026-09-21T16:02:02.000Z,1790006522,34422206,7802,-8,1790006510,0.0002266560138533829
2026-09-21T16:03:01.000Z,1790006581,34397051,17954,-8,1790006531,0.0005219633508698173
2026-09-21T16:04:02.000Z,1790006642,34446048,8531,-8,1790006632,0.0002476626636530263
2026-09-21T16:05:01.000Z,1790006701,34487803,10800,-8,1790006694,0.0003131541896130641
2026-09-21T16:06:02.000Z,1790006762,34468923,7801,-8,1790006715,0.00022631980697511206
2026-09-21T16:07:02.000Z,1790006822,34365000,18804,-8,1790006817,0.0005471846355303361
2026-09-21T16:08:01.000Z,1790006881,34370174,9067,-8,1790006858,0.00026380430893367023
2026-09-21T16:09:02.000Z,1790006942,34324660,8999,-8,1790006920,0.000262173026622842
2026-09-21T16:10:01.000Z,1790007001,34374141,5084,-8,1790006991,0.00014790187775165058
2026-09-21T16:11:02.000Z,1790007062,34404311,5696,-8,1790007002,0.00016556064732701668
2026-09-21T16:12:01.000Z,1790007121,34442156,11810,-8,1790007103,0.00034289374916018613
2026-09-21T16:13:02.000Z,1790007182,34442156,11810,-8,1790007103,0.00034289374916018613
2026-09-21T16:14:02.000Z,1790007242,34382856,18381,-8,1790007224,0.0005345978239853025
2026-09-21T16:15:01.000Z,1790007301,34382856,18381,-8,1790007224,0.0005345978239853025
2026-09-21T16:16:01.000Z,1790007361,34547485,11478,-8,1790007357,0.0003322383669896665
2026-09-21T16:17:01.000Z,1790007421,34547485,11478,-8,1790007357,0.0003322383669896665
2026-09-21T16:18:02.000Z,1790007482,34506154,9842,-8,1790007479,0.00028522448488463824
2026-09-21T16:19:01.000Z,1790007541,34506154,9842,-8,1790007479,0.00028522448488463824
2026-09-21T16:20:02.000Z,1790007602,34506154,9842,-8,1790007479,0.00028522448488463824
2026-09-21T16:21:01.000Z,1790007661,34506154,9842,-8,1790007479,0.00028522448488463824
2026-09-21T16:22:02.000Z,1790007722,34549819,5670,-8,1790007690,0.00016411084526955118
2026-09-21T16:23:01.000Z,1790007781,34498733,8123,-8,1790007731,0.00023545792246921067
2026-09-21T16:24:02.000Z,1790007842,34495408,10623,-8,1790007822,0.000307954032606311
2026-09-21T16:25:01.000Z,1790007901,34473509,12704,-8,1790007873,0.00036851485005486386
2026-09-21T16:26:02.000Z,1790007962,34473509,12704,-8,1790007873,0.00036851485005486386
2026-09-21T16:27:01.000Z,1790008021,34459286,9837,-8,1790007974,0.00028546731931706305
2026-09-21T16:28:02.000Z,1790008082,34470861,12938,-8,1790008065,0.00037533150100312263
2026-09-21T16:29:02.000Z,1790008142,34514142,14994,-8,1790008086,0.00043443061687583023
2026-09-21T16:30:01.000Z,1790008201,34508101,9752,-8,1790008147,0.00028260030883762625
2026-09-21T16:31:02.000Z,1790008262,34508101,9752,-8,1790008147,0.00028260030883762625
2026-09-21T16:32:01.000Z,1790008321,34453751,9954,-8,1790008288,0.0002889090363484661
2026-09-21T16:33:02.000Z,1790008382,34463020,17805,-8,1790008369,0.0005166407354898091
2026-09-21T16:34:01.000Z,1790008441,34512587,15865,-8,1790008439,0.00045968735986091105
2026-09-21T16:35:02.000Z,1790008502,34507225,8194,-8,1790008460,0.00023745751795457327
2026-09-21T16:36:02.000Z,1790008562,34507225,8194,-8,1790008460,0.00023745751795457327
2026-09-21T16:37:01.000Z,1790008621,34552177,14037,-8,1790008570,0.00040625515434237325
2026-09-21T16:38:02.000Z,1790008682,34504235,10772,-8,1790008632,0.0003121935611672016
2026-09-21T16:39:01.000Z,1790008741,34462075,10273,-8,1790008703,0.0002980958053164239
2026-09-21T16:40:02.000Z,1790008802,34437945,10856,-8,1790008774,0.00031523367610930325
2026-09-21T16:41:02.000Z,1790008862,34437945,10856,-8,1790008774,0.00031523367610930325
2026-09-21T16:42:01.000Z,1790008921,34491342,19008,-8,1790008864,0.0005510948225789533
2026-09-21T16:43:01.000Z,1790008981,34494916,18882,-8,1790008965,0.0005473850117507171
2026-09-21T16:44:02.000Z,1790009042,34494916,18882,-8,1790008965,0.0005473850117507171
2026-09-21T16:45:01.000Z,1790009101,34494916,18882,-8,1790008965,0.0005473850117507171
2026-09-21T16:46:02.000Z,1790009162,34497137,9315,-8,1790009126,0.00027002240794649134
2026-09-21T16:47:01.000Z,1790009221,34497137,9315,-8,1790009126,0.00027002240794649134
2026-09-21T16:48:02.000Z,1790009282,34504356,19353,-8,1790009277,0.0005608857038224391
2026-09-21T16:49:01.000Z,1790009341,34504356,19353,-8,1790009277,0.0005608857038224391
2026-09-21T16:50:02.000Z,1790009402,34504356,19353,-8,1790009277,0.0005608857038224391
2026-09-21T16:51:02.000Z,1790009462,34501247,9443,-8,1790009408,0.00027370025205175917
2026-09-21T16:52:01.000Z,1790009521,34508077,12440,-8,1790009509,0.0003604953124452574
2026-09-21T16:53:02.000Z,1790009582,34510697,11029,-8,1790009520,0.0003195820704519529
2026-09-21T16:54:02.000Z,1790009642,34510697,11029,-8,1790009520,0.0003195820704519529
2026-09-21T16:55:01.000Z,1790009701,34510697,11029,-8,1790009520,0.0003195820704519529
2026-09-21T16:56:02.000Z,1790009762,34537277,7296,-8,1790009752,0.00021125000676804948
2026-09-21T16:57:01.000Z,1790009821,34517554,14528,-8,1790009782,0.00042088729693882715
2026-09-21T16:58:01.000Z,1790009881,34498090,8540,-8,1790009864,0.0002475499368225893
2026-09-21T16:59:02.000Z,1790009942,34472392,11227,-8,1790009905,0.0003256809101033662
2026-09-21T17:00:01.000Z,1790010001,34472392,11227,-8,1790009905,0.0003256809101033662
2026-09-21T17:01:02.000Z,1790010062,34513516,9933,-8,1790010056,0.0002878002924999006
2026-09-21T17:02:02.000Z,1790010122,34513516,9933,-8,1790010056,0.0002878002924999006
2026-09-21T17:03:01.000Z,1790010181,34470003,10064,-8,1790010147,0.00029196400127960535
2026-09-21T17:04:01.000Z,1790010241,34434151,13287,-8,1790010198,0.00038586692612226737
2026-09-21T17:05:02.000Z,1790010302,34393418,9722,-8,1790010258,0.00028267036442844966
2026-09-21T17:06:01.000Z,1790010361,34434140,10865,-8,1790010339,0.00031552987819646433
2026-09-21T17:07:02.000Z,1790010422,34454925,11622,-8,1790010400,0.0003373102684159086
2026-09-21T17:08:01.000Z,1790010481,34454925,11622,-8,1790010400,0.0003373102684159086
2026-09-21T17:09:01.000Z,1790010541,34574827,10176,-8,1790010531,0.00029431817547489103
2026-09-21T17:10:02.000Z,1790010602,34562645,10184,-8,1790010592,0.00029465337505274843
2026-09-21T17:11:01.000Z,1790010661,34562645,10184,-8,1790010592,0.00029465337505274843
2026-09-21T17:12:02.000Z,1790010722,34523273,7956,-8,1790010683,0.00023045323657464343
2026-09-21T17:13:02.000Z,1790010782,34366577,11041,-8,1790010773,0.0003212714492921422
2026-09-21T17:14:01.000Z,1790010841,34234956,5593,-8,1790010814,0.00016337102930700422
2026-09-21T17:15:01.000Z,1790010901,34277157,11642,-8,1790010875,0.00033964310400655455
2026-09-21T17:16:01.000Z,1790010961,34283909,5109,-8,1790010936,0.00014902034654216354
2026-09-21T17:17:01.000Z,1790011021,34184405,4834,-8,1790011017,0.00014140951114989422
2026-09-21T17:18:02.000Z,1790011082,34155342,5000,-8,1790011068,0.00014638998491070591
2026-09-21T17:19:01.000Z,1790011141,34145556,8249,-8,1790011090,0.00024158341425162326
2026-09-21T17:20:02.000Z,1790011202,34190856,8460,-8,1790011181,0.0002474345772448634
2026-09-21T17:21:01.000Z,1790011261,34274739,6654,-8,1790011232,0.00019413714572706156
2026-09-21T17:22:01.000Z,1790011321,34234709,10903,-8,1790011314,0.0003184779517185322
2026-09-21T17:23:02.000Z,1790011382,34204862,15764,-8,1790011325,0.0004608701534887058
2026-09-21T17:24:01.000Z,1790011441,34204862,15764,-8,1790011325,0.0004608701534887058
2026-09-21T17:25:02.000Z,1790011502,34219668,10862,-8,1790011445,0.0003174197949553456
2026-09-21T17:26:01.000Z,1790011561,34219668,10862,-8,1790011445,0.0003174197949553456
2026-09-21T17:27:01.000Z,1790011621,34219668,10862,-8,1790011445,0.0003174197949553456
2026-09-21T17:28:02.000Z,1790011682,34174831,5339,-8,1790011636,0.00015622608345890575
2026-09-21T17:29:02.000Z,1790011742,34174831,5339,-8,1790011636,0.00015622608345890575
2026-09-21T17:30:01.000Z,1790011801,34219663,10005,-8,1790011747,0.0002923757606847268
2026-09-21T17:31:02.000Z,1790011862,34210171,10513,-8,1790011849,0.00030730626865326107
2026-09-21T17:32:01.000Z,1790011921,34210171,10513,-8,1790011849,0.00030730626865326107
2026-09-21T17:33:02.000Z,1790011982,34244997,11355,-8,1790011979,0.00033158128178548244
2026-09-21T17:34:02.000Z,1790012042,34244997,11355,-8,1790011979,0.00033158128178548244
2026-09-21T17:35:01.000Z,1790012101,34223186,17477,-8,1790012070,0.0005106771765784752
2026-09-21T17:36:02.000Z,1790012162,34194697,8671,-8,1790012141,0.0002535773310112969
2026-09-21T17:37:01.000Z,1790012221,34233631,7772,-8,1790012211,0.0002270282109426254
2026-09-21T17:38:02.000Z,1790012282,34255003,7891,-8,1790012252,0.00023036051113468008
2026-09-21T17:39:01.000Z,1790012341,34255430,8161,-8,1790012303,0.0002382396017215373
2026-09-21T17:40:02.000Z,1790012402,34255430,8161,-8,1790012303,0.0002382396017215373
2026-09-21T17:41:01.000Z,1790012461,34255430,8161,-8,1790012303,0.0002382396017215373
2026-09-21T17:42:02.000Z,1790012522,34255430,8161,-8,1790012303,0.0002382396017215373
2026-09-21T17:43:02.000Z,1790012582,34270513,15508,-8,1790012554,0.0004525172996389053
2026-09-21T17:44:01.000Z,1790012641,34202415,8269,-8,1790012584,0.00024176655361909385
2026-09-21T17:45:02.000Z,1790012702,34232945,12941,-8,1790012696,0.0003780276572757617
2026-09-21T17:46:01.000Z,1790012761,34232945,12941,-8,1790012696,0.0003780276572757617
2026-09-21T17:47:02.000Z,1790012822,34224313,8981,-8,1790012766,0.00026241578611088553
2026-09-21T17:48:01.000Z,1790012881,34224313,8981,-8,1790012766,0.00026241578611088553
2026-09-21T17:49:02.000Z,1790012942,34174658,5000,-8,1790012897,0.00014630724322098557
2026-09-21T17:50:01.000Z,1790013001,34204658,10851,-8,1790012978,0.00031723749437868957
2026-09-21T17:51:01.000Z,1790013061,34212332,7496,-8,1790013039,0.00021910228159834297
2026-09-21T17:52:02.000Z,1790013122,34161005,8312,-8,1790013101,0.0002433183684145124
2026-09-21T17:53:01.000Z,1790013181,34161005,8312,-8,1790013101,0.0002433183684145124
2026-09-21T17:54:01.000Z,1790013241,34123909,5827,-8,1790013211,0.0001707600380718399
2026-09-21T17:55:01.000Z,1790013301,34123909,5827,-8,1790013211,0.0001707600380718399
2026-09-21T17:56:01.000Z,1790013361,34235283,14375,-8,1790013353,0.00041988845250673113
2026-09-21T17:57:01.000Z,1790013421,34199113,23128,-8,1790013373,0.0006762748495845491
2026-09-21T17:58:02.000Z,1790013482,34273944,13185,-8,1790013475,0.0003846945656443857
2026-09-21T17:59:01.000Z,1790013541,34275770,8187,-8,1790013486,0.000238856778418107
2026-09-21T18:00:01.000Z,1790013601,34275770,8187,-8,1790013486,0.000238856778418107
2026-09-21T18:01:02.000Z,1790013662,34275770,8187,-8,1790013486,0.000238856778418107
2026-09-21T18:02:01.000Z,1790013721,34270232,9719,-8,1790013666,0.00028359889714198606
2026-09-21T18:03:02.000Z,1790013782,34304830,12628,-8,1790013727,0.0003681114292069076
2026-09-21T18:04:01.000Z,1790013841,34347300,14468,-8,1790013838,0.00042122670486472005
2026-09-21T18:05:01.000Z,1790013901,34445533,16976,-8,1790013859,0.000492836037694641
2026-09-21T18:06:01.000Z,1790013961,34535499,8969,-8,1790013940,0.0002597037905837121
2026-09-21T18:07:01.000Z,1790014021,34587650,10432,-8,1790014001,0.0003016105459607692
2026-09-21T18:08:01.000Z,1790014081,34482080,6712,-8,1790014052,0.00019465183074802913
2026-09-21T18:09:01.000Z,1790014141,34504129,7251,-8,1790014113,0.00021014876219596792
2026-09-21T18:10:01.000Z,1790014201,34576282,11466,-8,1790014154,0.0003316146021715117
2026-09-21T18:11:01.000Z,1790014261,34576282,11466,-8,1790014154,0.0003316146021715117
2026-09-21T18:12:02.000Z,1790014322,34563098,5000,-8,1790014314,0.00014466295816422474
2026-09-21T18:13:01.000Z,1790014381,34563098,5000,-8,1790014314,0.00014466295816422474
2026-09-21T18:14:01.000Z,1790014441,34563098,5000,-8,1790014314,0.00014466295816422474
2026-09-21T18:15:02.000Z,1790014502,34603448,10674,-8,1790014445,0.0003084663701721285
2026-09-21T18:16:01.000Z,1790014561,34605171,5171,-8,1790014526,0.00014942853482793078
2026-09-21T18:17:01.000Z,1790014621,34605171,5171,-8,1790014526,0.00014942853482793078
2026-09-21T18:18:01.000Z,1790014681,34605171,5171,-8,1790014526,0.00014942853482793078
2026-09-21T18:19:02.000Z,1790014742,34605171,5171,-8,1790014526,0.00014942853482793078
2026-09-21T18:20:01.000Z,1790014801,34605171,5171,-8,1790014526,0.00014942853482793078
2026-09-21T18:21:01.000Z,1790014861,34605171,5171,-8,1790014526,0.00014942853482793078
2026-09-21T18:22:01.000Z,1790014921,34634050,10953,-8,1790014907,0.00031624947125733204
2026-09-21T18:23:02.000Z,1790014982,34634050,10953,-8,1790014907,0.00031624947125733204
2026-09-21T18:24:01.000Z,1790015041,34634050,10953,-8,1790014907,0.00031624947125733204
2026-09-21T18:25:02.000Z,1790015102,34610811,14194,-8,1790015088,0.0004101030744411045
2026-09-21T18:26:01.000Z,1790015161,34610811,14194,-8,1790015088,0.0004101030744411045
2026-09-21T18:27:01.000Z,1790015221,34610811,14194,-8,1790015088,0.0004101030744411045
2026-09-21T18:28:02.000Z,1790015282,34691839,8290,-8,1790015279,0.00023896109975605502
2026-09-21T18:29:01.000Z,1790015341,34603538,14249,-8,1790015310,0.0004117787030909961
2026-09-21T18:30:02.000Z,1790015402,34603538,14249,-8,1790015310,0.0004117787030909961
2026-09-21T18:31:02.000Z,1790015462,34552328,7377,-8,1790015400,0.0002135022566352114
2026-09-21T18:32:01.000Z,1790015521,34612839,8378,-8,1790015492,0.0002420489113880546
2026-09-21T18:33:02.000Z,1790015582,34612839,8378,-8,1790015492,0.0002420489113880546
2026-09-21T18:34:01.000Z,1790015641,34562347,7662,-8,1790015593,0.00022168633397494678
2026-09-21T18:35:02.000Z,1790015702,34562101,7490,-8,1790015694,0.00021671136254129922
2026-09-21T18:36:01.000Z,1790015761,34612361,6257,-8,1790015755,0.000180773568148096
2026-09-21T18:37:01.000Z,1790015821,34612361,6257,-8,1790015755,0.000180773568148096
2026-09-21T18:38:02.000Z,1790015882,34580570,14433,-8,1790015845,0.0004173731086561037
2026-09-21T18:39:01.000Z,1790015941,34639089,14058,-8,1790015896,0.0004058420820478275
2026-09-21T18:40:02.000Z,1790016002,34702193,18101,-8,1790015946,0.0005216096861659434
2026-09-21T18:41:01.000Z,1790016061,34702193,18101,-8,1790015946,0.0005216096861659434
2026-09-21T18:42:02.000Z,1790016122,34702193,18101,-8,1790015946,0.0005216096861659434
2026-09-21T18:43:01.000Z,1790016181,34702193,18101,-8,1790015946,0.0005216096861659434
2026-09-21T18:44:01.000Z,1790016241,34746740,8274,-8,1790016187,0.00023812305845095108
2026-09-21T18:45:02.000Z,1790016302,34746740,8274,-8,1790016187,0.00023812305845095108
2026-09-21T18:46:01.000Z,1790016361,34746740,8274,-8,1790016187,0.00023812305845095108
2026-09-21T18:47:01.000Z,1790016421,34746740,8274,-8,1790016187,0.00023812305845095108
2026-09-21T18:48:01.000Z,1790016481,34746740,8274,-8,1790016187,0.00023812305845095108
2026-09-21T18:49:02.000Z,1790016542,34746740,8274,-8,1790016187,0.00023812305845095108
2026-09-21T18:50:01.000Z,1790016601,34746740,8274,-8,1790016187,0.00023812305845095108
2026-09-21T18:51:01.000Z,1790016661,34746740,8274,-8,1790016187,0.00023812305845095108
2026-09-21T18:52:01.000Z,1790016721,34703356,8497,-8,1790016678,0.0002448466367344991
2026-09-21T18:53:01.000Z,1790016781,34743089,9304,-8,1790016769,0.0002677942655012627
2026-09-21T18:54:01.000Z,1790016841,34752573,7866,-8,1790016839,0.0002263429530814884
2026-09-21T18:55:01.000Z,1790016901,34752573,7866,-8,1790016839,0.0002263429530814884
2026-09-21T18:56:01.000Z,1790016961,34752573,7866,-8,1790016839,0.0002263429530814884
2026-09-21T18:57:01.000Z,1790017021,34693615,13582,-8,1790016960,0.00039148413908438197
2026-09-21T18:58:01.000Z,1790017081,34693615,13582,-8,1790016960,0.00039148413908438197
2026-09-21T18:59:02.000Z,1790017142,34734049,9616,-8,1790017100,0.00027684650298040404
2026-09-21T19:00:01.000Z,1790017201,34734049,9616,-8,1790017100,0.00027684650298040404
2026-09-21T19:01:01.000Z,1790017261,34773087,6917,-8,1790017241,0.00019891820360959036
2026-09-21T19:02:02.000Z,1790017322,34773087,6917,-8,1790017241,0.00019891820360959036
2026-09-21T19:03:01.000Z,1790017381,34791700,6386,-8,1790017362,0.0001835495247429703
2026-09-21T19:04:01.000Z,1790017441,34842463,11927,-8,1790017412,0.0003423121953232755
2026-09-21T19:05:01.000Z,1790017501,34937773,19954,-8,1790017484,0.0005711297053764703
2026-09-21T19:06:02.000Z,1790017562,34901948,15599,-8,1790017544,0.0004469378041592406
2026-09-21T19:07:01.000Z,1790017621,34927613,12391,-8,1790017616,0.00035476229079840066
2026-09-21T19:08:01.000Z,1790017681,34927613,12391,-8,1790017616,0.00035476229079840066
2026-09-21T19:09:02.000Z,1790017742,34927613,12391,-8,1790017616,0.00035476229079840066
2026-09-21T19:10:01.000Z,1790017801,34927613,12391,-8,1790017616,0.00035476229079840066
2026-09-21T19:11:02.000Z,1790017862,34927613,12391,-8,1790017616,0.00035476229079840066
2026-09-21T19:12:01.000Z,1790017921,34927613,12391,-8,1790017616,0.00035476229079840066
2026-09-21T19:13:01.000Z,1790017981,34976630,10571,-8,1790017936,0.00030223037496751403
2026-09-21T19:14:02.000Z,1790018042,35056447,13557,-8,1790018019,0.00038671916751860223
2026-09-21T19:15:01.000Z,1790018101,35056447,13557,-8,1790018019,0.00038671916751860223
2026-09-21T19:16:01.000Z,1790018161,34962087,7085,-8,1790018140,0.00020264808562486558
2026-09-21T19:17:01.000Z,1790018221,34962087,7085,-8,1790018140,0.00020264808562486558
2026-09-21T19:18:01.000Z,1790018281,34970721,6830,-8,1790018221,0.00019530623918220046
2026-09-21T19:19:02.000Z,1790018342,35018880,11923,-8,1790018312,0.00034047348173328216
2026-09-21T19:20:01.000Z,1790018401,35023232,6772,-8,1790018393,0.0001933573691885432
2026-09-21T19:21:01.000Z,1790018461,35068561,8317,-8,1790018455,0.0002371639942682564
2026-09-21T19:22:02.000Z,1790018522,35113407,6597,-8,1790018516,0.0001878769553749085
2026-09-21T19:23:01.000Z,1790018581,35030569,6978,-8,1790018558,0.00019919744951901866
2026-09-21T19:24:01.000Z,1790018641,35003715,13220,-8,1790018630,0.00037767419829580945
2026-09-21T19:25:01.000Z,1790018701,35003715,13220,-8,1790018630,0.00037767419829580945
2026-09-21T19:26:01.000Z,1790018761,35045799,12798,-8,1790018710,0.0003651792901054988
2026-09-21T19:27:01.000Z,1790018821,35025971,9999,-8,1790018802,0.0002854738845070134
2026-09-21T19:28:01.000Z,1790018881,35032037,14983,-8,1790018862,0.0004276942274295954
2026-09-21T19:29:01.000Z,1790018941,35032037,14983,-8,1790018862,0.0004276942274295954
2026-09-21T19:30:02.000Z,1790019002,34972554,5277,-8,1790018973,0.0001508897520038142
2026-09-21T19:31:01.000Z,1790019061,34932289,18684,-8,1790019014,0.0005348633180035812
2026-09-21T19:32:01.000Z,1790019121,34972605,17399,-8,1790019114,0.0004975036889588294
2026-09-21T19:33:01.000Z,1790019181,34947289,13940,-8,1790019165,0.00039888644867417327
2026-09-21T19:34:02.000Z,1790019242,34950787,13252,-8,1790019237,0.00037916170528577795
2026-09-21T19:35:01.000Z,1790019301,35061098,16797,-8,1790019279,0.0004790779798168329
2026-09-21T19:36:01.000Z,1790019361,35045965,12807,-8,1790019330,0.00036543436598193257
2026-09-21T19:37:01.000Z,1790019421,35012426,10136,-8,1790019392,0.0002894972202154744
2026-09-21T19:38:01.000Z,1790019481,34992356,7693,-8,1790019452,0.00021984801480643372
2026-09-21T19:39:01.000Z,1790019541,35033709,9231,-8,1790019493,0.0002634890870390001
2026-09-21T19:40:01.000Z,1790019601,35003306,5014,-8,1790019595,0.00014324361247477596
2026-09-21T19:41:02.000Z,1790019662,35029929,15074,-8,1790019656,0.00043031774343590593
2026-09-21T19:42:01.000Z,1790019721,35046013,8227,-8,1790019718,0.0002347485290266827
2026-09-21T19:43:01.000Z,1790019781,35052719,10219,-8,1790019739,0.0002915323059532129
2026-09-21T19:44:01.000Z,1790019841,34989056,10969,-8,1790019820,0.00031349802635429776
2026-09-21T19:45:01.000Z,1790019901,35011198,20031,-8,1790019871,0.0005721312364118475
2026-09-21T19:46:01.000Z,1790019961,35011198,20031,-8,1790019871,0.0005721312364118475
2026-09-21T19:47:02.000Z,1790020022,35011198,20031,-8,1790019871,0.0005721312364118475
2026-09-21T19:48:01.000Z,1790020081,35046907,9710,-8,1790020062,0.0002770572592896714
2026-09-21T19:49:01.000Z,1790020141,35085919,9084,-8,1790020103,0.0002589072841443885
2026-09-21T19:50:01.000Z,1790020201,35230580,13213,-8,1790020194,0.00037504349914193864
2026-09-21T19:51:01.000Z,1790020261,35134794,15210,-8,1790020245,0.0004329042031668095
2026-09-21T19:52:01.000Z,1790020321,35177107,10078,-8,1790020306,0.0002864931445328918
2026-09-21T19:53:02.000Z,1790020382,35132504,14684,-8,1790020327,0.00041796053022579886
2026-09-21T19:54:01.000Z,1790020441,35226304,8751,-8,1790020438,0.0002484223153243667
2026-09-21T19:55:01.000Z,1790020501,35497222,11180,-8,1790020490,0.0003149542237417903
2026-09-21T19:56:01.000Z,1790020561,35606938,11026,-8,1790020553,0.00030965875245998406
2026-09-21T19:57:01.000Z,1790020621,35440862,10858,-8,1790020584,0.00030636952340493297
2026-09-21T19:58:01.000Z,1790020681,35520548,11378,-8,1790020635,0.000320321634677483
2026-09-21T19:59:01.000Z,1790020741,35342852,8435,-8,1790020716,0.00023866212041971034
2026-09-21T20:00:01.000Z,1790020801,35277092,8553,-8,1790020797,0.00024245195720781065
2026-09-21T20:01:01.000Z,1790020861,35331134,13871,-8,1790020808,0.00039259990919057394
2026-09-21T20:02:02.000Z,1790020922,35281859,13142,-8,1790020889,0.0003724860416226934
2026-09-21T20:03:01.000Z,1790020981,35207090,15110,-8,1790020940,0.00042917491902909327
2026-09-21T20:04:01.000Z,1790021041,35207090,15110,-8,1790020940,0.00042917491902909327
2026-09-21T20:05:01.000Z,1790021101,35196221,10092,-8,1790021071,0.00028673532877293844
2026-09-21T20:06:02.000Z,1790021162,35150781,7931,-8,1790021122,0.00022562798818040488
2026-09-21T20:07:01.000Z,1790021221,35091668,7894,-8,1790021183,0.00022495368416229175
2026-09-21T20:08:01.000Z,1790021281,35113074,6932,-8,1790021253,0.0001974193430059698
2026-09-21T20:09:02.000Z,1790021342,35113074,6932,-8,1790021253,0.0001974193430059698
2026-09-21T20:10:01.000Z,1790021401,35113074,6932,-8,1790021253,0.0001974193430059698
2026-09-21T20:11:01.000Z,1790021461,35113074,6932,-8,1790021253,0.0001974193430059698
2026-09-21T20:12:01.000Z,1790021521,35133073,7368,-8,1790021494,0.000209716923993526
2026-09-21T20:13:02.000Z,1790021582,35133073,7368,-8,1790021494,0.000209716923993526
2026-09-21T20:14:01.000Z,1790021641,35073133,10526,-8,1790021605,0.0003001157609729362
2026-09-21T20:15:01.000Z,1790021701,35054374,13143,-8,1790021667,0.0003749318130741687
2026-09-21T20:16:01.000Z,1790021761,35054740,7348,-8,1790021738,0.00020961501925274585
2026-09-21T20:17:01.000Z,1790021821,35002159,12876,-8,1790021788,0.0003678630223924187
2026-09-21T20:18:01.000Z,1790021881,34900811,24439,-8,1790021859,0.0007002416075660821
2026-09-21T20:19:01.000Z,1790021941,34980763,5858,-8,1790021931,0.0001674634712799146
2026-09-21T20:20:02.000Z,1790022002,34960895,9566,-8,1790021982,0.00027361999742855556
2026-09-21T20:21:01.000Z,1790022061,34883257,9474,-8,1790022034,0.00027159161198737837
2026-09-21T20:22:01.000Z,1790022121,34938778,7378,-8,1790022105,0.00021116937747507942
2026-09-21T20:23:01.000Z,1790022181,34916739,9419,-8,1790022167,0.00026975600441954216
2026-09-21T20:24:01.000Z,1790022241,34930320,6540,-8,1790022219,0.00018722989082264348
2026-09-21T20:25:01.000Z,1790022301,34891990,5047,-8,1790022269,0.00014464637872474456
2026-09-21T20:26:01.000Z,1790022361,34891859,9112,-8,1790022340,0.0002611497426949937
2026-09-21T20:27:00.000Z,1790022420,34986743,10513,-8,1790022412,0.000300485243796486
2026-09-21T20:28:01.000Z,1790022481,35053990,8873,-8,1790022454,0.0002531238241352839
2026-09-21T20:29:01.000Z,1790022541,35114293,10180,-8,1790022537,0.0002899104361861992
2026-09-21T20:30:01.000Z,1790022601,35149966,14961,-8,1790022557,0.0004256334131304707
2026-09-21T20:31:01.000Z,1790022661,35090974,5888,-8,1790022618,0.00016779243574145306
2026-09-21T20:32:01.000Z,1790022721,35032096,13369,-8,1790022669,0.00038162147077925343
2026-09-21T20:33:01.000Z,1790022781,34893230,11766,-8,1790022751,0.00033720008150578206
2026-09-21T20:34:01.000Z,1790022841,34872237,14079,-8,1790022832,0.00040373091063816756
2026-09-21T20:35:01.000Z,1790022901,34832340,12663,-8,1790022883,0.0003635414674983076
2026-09-21T20:36:01.000Z,1790022961,34832340,12663,-8,1790022883,0.0003635414674983076
2026-09-21T20:37:01.000Z,1790023021,34872047,10115,-8,1790023014,0.00029006040282063164
2026-09-21T20:38:01.000Z,1790023081,34872047,10115,-8,1790023014,0.00029006040282063164
2026-09-21T20:39:00.000Z,1790023140,34913053,8920,-8,1790023095,0.0002554918356753275
2026-09-21T20:40:01.000Z,1790023201,34861315,6327,-8,1790023155,0.00018149057199936375
2026-09-21T20:41:01.000Z,1790023261,34862109,7864,-8,1790023256,0.00022557441949366862
2026-09-21T20:42:01.000Z,1790023321,34956612,11289,-8,1790023307,0.000322943195982494
2026-09-21T20:43:01.000Z,1790023381,34945615,10190,-8,1790023368,0.00029159595560129646
2026-09-21T20:44:01.000Z,1790023441,34945615,10190,-8,1790023368,0.00029159595560129646
2026-09-21T20:45:01.000Z,1790023501,34932923,15657,-8,1790023469,0.00044820182954629934
2026-09-21T20:46:02.000Z,1790023562,34932923,15657,-8,1790023469,0.00044820182954629934
2026-09-21T20:47:01.000Z,1790023621,34816815,16125,-8,1790023570,0.00046313828533712804
2026-09-21T20:48:02.000Z,1790023682,34816815,16125,-8,1790023570,0.00046313828533712804
2026-09-21T20:49:01.000Z,1790023741,34785033,7645,-8,1790023731,0.0002197784317180323
2026-09-21T20:50:01.000Z,1790023801,34747106,12898,-8,1790023752,0.00037119638107415337
2026-09-21T20:51:01.000Z,1790023861,34763255,14819,-8,1790023843,0.000426283442099999
2026-09-21T20:52:01.000Z,1790023921,34763785,6535,-8,1790023873,0.00018798298286564597
2026-09-21T20:53:02.000Z,1790023982,34750488,14517,-8,1790023935,0.00041774952915769127
2026-09-21T20:54:01.000Z,1790024041,34702179,5130,-8,1790023985,0.00014782933371417398
2026-09-21T20:55:01.000Z,1790024101,34678064,7773,-8,1790024066,0.000224147461057803
2026-09-21T20:56:01.000Z,1790024161,34672663,5692,-8,1790024107,0.00016416391207101688
2026-09-21T20:57:01.000Z,1790024221,34672663,5692,-8,1790024107,0.00016416391207101688
2026-09-21T20:58:01.000Z,1790024281,34683285,10503,-8,1790024277,0.00030282598663880885
2026-09-21T20:59:02.000Z,1790024342,34680905,14026,-8,1790024328,0.0004044300458710636
2026-09-21T21:00:01.000Z,1790024401,34680905,14026,-8,1790024328,0.0004044300458710636
2026-09-21T21:01:01.000Z,1790024461,34661008,14647,-8,1790024448,0.0004225785932134461
2026-09-21T21:02:02.000Z,1790024522,34611150,4785,-8,1790024489,0.00013825024594675415
2026-09-21T21:03:01.000Z,1790024581,34611150,4785,-8,1790024489,0.00013825024594675415
2026-09-21T21:04:02.000Z,1790024642,34540896,7234,-8,1790024630,0.00020943289948239906
2026-09-21T21:05:01.000Z,1790024701,34585005,8807,-8,1790024661,0.000254647931957795
2026-09-21T21:06:01.000Z,1790024761,34531540,10526,-8,1790024701,0.00030482277940688425
2026-09-21T21:07:02.000Z,1790024822,34497009,7202,-8,1790024812,0.00020877172278906846
2026-09-21T21:08:01.000Z,1790024881,34497009,7202,-8,1790024812,0.00020877172278906846
2026-09-21T21:09:01.000Z,1790024941,34547466,8675,-8,1790024923,0.000251103800203465
2026-09-21T21:10:01.000Z,1790025001,34547466,8675,-8,1790024923,0.000251103800203465
2026-09-21T21:11:01.000Z,1790025061,34379145,7283,-8,1790025054,0.0002118435464290924
2026-09-21T21:12:01.000Z,1790025121,34397844,18367,-8,1790025075,0.0005339578841045968
2026-09-21T21:13:02.000Z,1790025182,34449743,11465,-8,1790025176,0.0003328036438472124
2026-09-21T21:14:01.000Z,1790025241,34433206,18003,-8,1790025217,0.0005228383322772791
2026-09-21T21:15:02.000Z,1790025302,34433206,18003,-8,1790025217,0.0005228383322772791
2026-09-21T21:16:01.000Z,1790025361,34515553,14699,-8,1790025349,0.0004258659856905668
2026-09-21T21:17:02.000Z,1790025422,34436567,10552,-8,1790025400,0.00030641846499971964
2026-09-21T21:18:01.000Z,1790025481,34436567,10552,-8,1790025400,0.00030641846499971964
2026-09-21T21:19:01.000Z,1790025541,34473958,15509,-8,1790025511,0.0004498758164061115
2026-09-21T21:20:01.000Z,1790025601,34473958,15509,-8,1790025511,0.0004498758164061115
2026-09-21T21:21:01.000Z,1790025661,34431624,15066,-8,1790025611,0.0004375628637208631
2026-09-21T21:22:01.000Z,1790025721,34516931,10382,-8,1790025712,0.0003007799273927337
2026-09-21T21:23:01.000Z,1790025781,34516931,10382,-8,1790025712,0.0003007799273927337
2026-09-21T21:24:02.000Z,1790025842,34491501,5102,-8,1790025793,0.00014792049786409702
2026-09-21T21:25:01.000Z,1790025901,34511203,15008,-8,1790025864,0.00043487327868576474
2026-09-21T21:26:01.000Z,1790025961,34511203,15008,-8,1790025864,0.00043487327868576474
2026-09-21T21:27:01.000Z,1790026021,34511203,15008,-8,1790025864,0.00043487327868576474
2026-09-21T21:28:01.000Z,1790026081,34476034,10179,-8,1790026074,0.0002952485776061133
2026-09-21T21:29:02.000Z,1790026142,34476034,10179,-8,1790026074,0.0002952485776061133
2026-09-21T21:30:01.000Z,1790026201,34479915,10091,-8,1790026195,0.0002926631344653837
2026-09-21T21:31:01.000Z,1790026261,34479915,10091,-8,1790026195,0.0002926631344653837
2026-09-21T21:32:01.000Z,1790026321,34479915,10091,-8,1790026195,0.0002926631344653837
2026-09-21T21:33:02.000Z,1790026382,34519132,6379,-8,1790026326,0.00018479607192903923
2026-09-21T21:34:01.000Z,1790026441,34571110,15103,-8,1790026397,0.000436867662044985
2026-09-21T21:35:01.000Z,1790026501,34571110,15103,-8,1790026397,0.000436867662044985
2026-09-21T21:36:01.000Z,1790026561,34551264,13164,-8,1790026508,0.0003809990858800419
2026-09-21T21:37:02.000Z,1790026622,34551264,13164,-8,1790026508,0.0003809990858800419
2026-09-21T21:38:01.000Z,1790026681,34551264,13164,-8,1790026508,0.0003809990858800419
2026-09-21T21:39:01.000Z,1790026741,34551264,13164,-8,1790026508,0.0003809990858800419
2026-09-21T21:40:01.000Z,1790026801,34551264,13164,-8,1790026508,0.0003809990858800419
2026-09-21T21:41:01.000Z,1790026861,34551264,13164,-8,1790026508,0.0003809990858800419
2026-09-21T21:42:01.000Z,1790026921,34551264,13164,-8,1790026508,0.0003809990858800419
2026-09-21T21:43:01.000Z,1790026981,34551264,13164,-8,1790026508,0.0003809990858800419
2026-09-21T21:44:02.000Z,1790027042,34551264,13164,-8,1790026508,0.0003809990858800419
2026-09-21T21:45:01.000Z,1790027101,34551264,13164,-8,1790026508,0.0003809990858800419
2026-09-21T21:46:02.000Z,1790027162,34551264,13164,-8,1790026508,0.0003809990858800419
2026-09-21T21:47:01.000Z,1790027221,34481859,17048,-8,1790027209,0.0004944048985293977
2026-09-21T21:48:01.000Z,1790027281,34481859,17048,-8,1790027209,0.0004944048985293977
2026-09-21T21:49:02.000Z,1790027342,34560841,7352,-8,1790027320,0.0002127263048951847
2026-09-21T21:50:01.000Z,1790027401,34560841,7352,-8,1790027320,0.0002127263048951847
2026-09-21T21:51:01.000Z,1790027461,34560841,7352,-8,1790027320,0.0002127263048951847
2026-09-21T21:52:01.000Z,1790027521,34560841,7352,-8,1790027320,0.0002127263048951847
2026-09-21T21:53:02.000Z,1790027582,34544990,9919,-8,1790027531,0.0002871328085490834
2026-09-21T21:54:01.000Z,1790027641,34544990,9919,-8,1790027531,0.0002871328085490834
2026-09-21T21:55:01.000Z,1790027701,34486033,9999,-8,1790027682,0.0002899434678381245
2026-09-21T21:56:01.000Z,1790027761,34486033,9999,-8,1790027682,0.0002899434678381245
2026-09-21T21:57:01.000Z,1790027821,34514652,11204,-8,1790027793,0.00032461576028638506
2026-09-21T21:58:01.000Z,1790027881,34514652,11204,-8,1790027793,0.00032461576028638506
2026-09-21T21:59:02.000Z,1790027942,34514652,11204,-8,1790027793,0.00032461576028638506
2026-09-21T22:00:01.000Z,1790028001,34405804,10104,-8,1790027994,0.000293671381723851
2026-09-21T22:01:01.000Z,1790028061,34445522,9999,-8,1790028034,0.000290284467165282
2026-09-21T22:02:01.000Z,1790028121,34445522,9999,-8,1790028034,0.000290284467165282
2026-09-21T22:03:01.000Z,1790028181,34489826,9144,-8,1790028175,0.00026512166225483425
2026-09-21T22:04:01.000Z,1790028241,34489826,9144,-8,1790028175,0.00026512166225483425
2026-09-21T22:05:01.000Z,1790028301,34513581,21129,-8,1790028267,0.0006121937911919369
2026-09-21T22:06:00.000Z,1790028360,34483916,19259,-8,1790028337,0.000558492254765961
2026-09-21T22:07:01.000Z,1790028421,34439494,15003,-8,1790028398,0.00043563357812399913
2026-09-21T22:08:01.000Z,1790028481,34474321,10295,-8,1790028438,0.00029862807160146825
2026-09-21T22:09:01.000Z,1790028541,34474321,10295,-8,1790028438,0.00029862807160146825
2026-09-21T22:10:01.000Z,1790028601,34394936,8870,-8,1790028599,0.0002578868005452896
2026-09-21T22:11:02.000Z,1790028662,34394936,8870,-8,1790028599,0.0002578868005452896
2026-09-21T22:12:01.000Z,1790028721,34394936,8870,-8,1790028599,0.0002578868005452896
2026-09-21T22:13:01.000Z,1790028781,34394936,8870,-8,1790028599,0.0002578868005452896
2026-09-21T22:14:01.000Z,1790028841,34394936,8870,-8,1790028599,0.0002578868005452896
2026-09-21T22:15:02.000Z,1790028902,34412827,11497,-8,1790028850,0.0003340905412972901
2026-09-21T22:16:01.000Z,1790028961,34412827,11497,-8,1790028850,0.0003340905412972901
2026-09-21T22:17:02.000Z,1790029022,34412827,11497,-8,1790028850,0.0003340905412972901
2026-09-21T22:18:01.000Z,1790029081,34448547,5250,-8,1790029051,0.00015240120287221404
2026-09-21T22:19:01.000Z,1790029141,34448547,5250,-8,1790029051,0.00015240120287221404
2026-09-21T22:20:01.000Z,1790029201,34448547,5250,-8,1790029051,0.00015240120287221404
2026-09-21T22:21:01.000Z,1790029261,34418995,9608,-8,1790029212,0.00027914818547142354
2026-09-21T22:22:01.000Z,1790029321,34418995,9608,-8,1790029212,0.00027914818547142354
2026-09-21T22:23:02.000Z,1790029382,34381886,11578,-8,1790029342,0.00033674708827782166
2026-09-21T22:24:01.000Z,1790029441,34311409,7364,-8,1790029393,0.00021462248898026893
2026-09-21T22:25:02.000Z,1790029502,34264249,14875,-8,1790029483,0.0004341259602683835
2026-09-21T22:26:01.000Z,1790029561,34302361,12642,-8,1790029555,0.00036854606013854267
2026-09-21T22:27:02.000Z,1790029622,34264910,16293,-8,1790029616,0.0004755010300625334
2026-09-21T22:28:01.000Z,1790029681,34220375,10828,-8,1790029658,0.0003164196768737923
2026-09-21T22:29:02.000Z,1790029742,34179068,14521,-8,1790029739,0.00042485067176202697
2026-09-21T22:30:01.000Z,1790029801,34239016,12186,-8,1790029789,0.0003559097609580836
2026-09-21T22:31:01.000Z,1790029861,34239016,12186,-8,1790029789,0.0003559097609580836
2026-09-21T22:32:02.000Z,1790029922,34218491,13124,-8,1790029890,0.00038353532305092006
2026-09-21T22:33:01.000Z,1790029981,34058209,5573,-8,1790029942,0.00016363162255537278
2026-09-21T22:34:02.000Z,1790030042,34009526,9519,-8,1790029982,0.00027989216903522853
2026-09-21T22:35:01.000Z,1790030101,34077046,16304,-8,1790030083,0.0004784452267370828
2026-09-21T22:36:02.000Z,1790030162,34171218,12114,-8,1790030124,0.00035450887352039953
2026-09-21T22:37:01.000Z,1790030221,34131201,11247,-8,1790030195,0.0003295225386296837
2026-09-21T22:38:01.000Z,1790030281,34178505,5512,-8,1790030276,0.0001612709508505419
2026-09-21T22:39:02.000Z,1790030342,34178505,5512,-8,1790030276,0.0001612709508505419
2026-09-21T22:40:01.000Z,1790030401,34159228,4749,-8,1790030366,0.00013902539015225987
2026-09-21T22:41:01.000Z,1790030461,34159228,4749,-8,1790030366,0.00013902539015225987
2026-09-21T22:42:01.000Z,1790030521,34159228,4749,-8,1790030366,0.00013902539015225987
2026-09-21T22:43:01.000Z,1790030581,34159228,4749,-8,1790030366,0.00013902539015225987
2026-09-21T22:44:02.000Z,1790030642,34159228,4749,-8,1790030366,0.00013902539015225987
2026-09-21T22:45:01.000Z,1790030701,34138732,5560,-8,1790030657,0.00016286486563121325
2026-09-21T22:46:02.000Z,1790030762,34138732,5560,-8,1790030657,0.00016286486563121325
2026-09-21T22:47:01.000Z,1790030821,34113097,9919,-8,1790030777,0.00029076808827999405
2026-09-21T22:48:01.000Z,1790030881,34113097,9919,-8,1790030777,0.00029076808827999405
2026-09-21T22:49:01.000Z,1790030941,34147833,10175,-8,1790030888,0.000297969127352825
2026-09-21T22:50:02.000Z,1790031002,34147833,10175,-8,1790030888,0.000297969127352825
2026-09-21T22:51:01.000Z,1790031061,34147833,10175,-8,1790030888,0.000297969127352825
2026-09-21T22:52:01.000Z,1790031121,34147833,10175,-8,1790030888,0.000297969127352825
2026-09-21T22:53:01.000Z,1790031181,34098501,8841,-8,1790031148,0.0002592782597686626
2026-09-21T22:54:01.000Z,1790031241,34098501,8841,-8,1790031148,0.0002592782597686626
2026-09-21T22:55:02.000Z,1790031302,34107244,13382,-8,1790031259,0.00039235066896639315
2026-09-21T22:56:02.000Z,1790031362,34142870,9015,-8,1790031360,0.00026403755747539674
2026-09-21T22:57:01.000Z,1790031421,34142870,9015,-8,1790031360,0.00026403755747539674
2026-09-21T22:58:01.000Z,1790031481,34142870,9015,-8,1790031360,0.00026403755747539674
2026-09-21T22:59:02.000Z,1790031542,34189656,6324,-8,1790031520,0.0001849682254773198
2026-09-21T23:00:01.000Z,1790031601,34231101,7434,-8,1790031581,0.0002171709288579412
2026-09-21T23:01:01.000Z,1790031661,34231101,7434,-8,1790031581,0.0002171709288579412
2026-09-21T23:02:01.000Z,1790031721,34268446,5355,-8,1790031671,0.00015626620477625393
2026-09-21T23:03:01.000Z,1790031781,34243138,7825,-8,1790031732,0.00022851293593478494
2026-09-21T23:04:01.000Z,1790031841,34284737,6423,-8,1790031803,0.00018734284005153664
2026-09-21T23:05:01.000Z,1790031901,34374343,10530,-8,1790031873,0.00030633312758879494
2026-09-21T23:06:01.000Z,1790031961,34453190,9320,-8,1790031955,0.0002705119613016966
2026-09-21T23:07:01.000Z,1790032021,34453190,9320,-8,1790031955,0.0002705119613016966
2026-09-21T23:08:02.000Z,1790032082,34410402,7057,-8,1790032026,0.0002050833349752787
2026-09-21T23:09:01.000Z,1790032141,34454069,7138,-8,1790032087,0.00020717436886772358
2026-09-21T23:10:01.000Z,1790032201,34413947,12262,-8,1790032147,0.00035630902784850575
2026-09-21T23:11:01.000Z,1790032261,34398630,9822,-8,1790032258,0.0002855346273964981
2026-09-21T23:12:01.000Z,1790032321,34398630,9822,-8,1790032258,0.0002855346273964981
2026-09-21T23:13:01.000Z,1790032381,34363807,12398,-8,1790032349,0.00036078656826352216
2026-09-21T23:14:02.000Z,1790032442,34408633,4999,-8,1790032389,0.00014528330724443485
2026-09-21T23:15:01.000Z,1790032501,34373750,9765,-8,1790032450,0.00028408305756572966
2026-09-21T23:16:02.000Z,1790032562,34373750,9765,-8,1790032450,0.00028408305756572966
2026-09-21T23:17:01.000Z,1790032621,34329077,10925,-8,1790032591,0.0003182433363996358
2026-09-21T23:18:01.000Z,1790032681,34293866,10129,-8,1790032641,0.000295358942616735
2026-09-21T23:19:02.000Z,1790032742,34293866,10129,-8,1790032641,0.000295358942616735
2026-09-21T23:20:01.000Z,1790032801,34263099,8102,-8,1790032762,0.0002364643081467908
2026-09-21T23:21:01.000Z,1790032861,34308585,9760,-8,1790032822,0.0002844769027926975
2026-09-21T23:22:01.000Z,1790032921,34308585,9760,-8,1790032822,0.0002844769027926975
2026-09-21T23:23:02.000Z,1790032982,34269088,5085,-8,1790032923,0.00014838445656913894
2026-09-21T23:24:01.000Z,1790033041,34269088,5085,-8,1790032923,0.00014838445656913894
2026-09-21T23:25:02.000Z,1790033102,34229636,11566,-8,1790033064,0.0003378943322680966
2026-09-21T23:26:01.000Z,1790033161,34284650,6165,-8,1790033144,0.0001798180818529575
2026-09-21T23:27:02.000Z,1790033222,34284650,6165,-8,1790033144,0.0001798180818529575
2026-09-21T23:28:01.000Z,1790033281,34244217,9312,-8,1790033255,0.00027192912601856247
2026-09-21T23:29:01.000Z,1790033341,34244217,9312,-8,1790033255,0.00027192912601856247
2026-09-21T23:30:02.000Z,1790033402,34244217,9312,-8,1790033255,0.00027192912601856247
2026-09-21T23:31:01.000Z,1790033461,34244217,9312,-8,1790033255,0.00027192912601856247
2026-09-21T23:32:02.000Z,1790033522,34244217,9312,-8,1790033255,0.00027192912601856247
2026-09-21T23:33:01.000Z,1790033581,34218756,5090,-8,1790033525,0.00014874883236550154
2026-09-21T23:34:01.000Z,1790033641,34124497,6630,-8,1790033616,0.00019428857808512166
2026-09-21T23:35:01.000Z,1790033701,34124497,6630,-8,1790033616,0.00019428857808512166
2026-09-21T23:36:01.000Z,1790033761,34133734,9624,-8,1790033748,0.00028194981539376854
2026-09-21T23:37:01.000Z,1790033821,34172090,4780,-8,1790033768,0.00013988023559577422
2026-09-21T23:38:02.000Z,1790033882,34185066,9291,-8,1790033829,0.0002717853462678703
2026-09-21T23:39:01.000Z,1790033941,34185066,9291,-8,1790033829,0.0002717853462678703
2026-09-21T23:40:01.000Z,1790034001,34185066,9291,-8,1790033829,0.0002717853462678703
2026-09-21T23:41:01.000Z,1790034061,34185066,9291,-8,1790033829,0.0002717853462678703
2026-09-21T23:42:01.000Z,1790034121,34185066,9291,-8,1790033829,0.0002717853462678703
2026-09-21T23:43:01.000Z,1790034181,34193823,9977,-8,1790034160,0.0002917778453728324
2026-09-21T23:44:02.000Z,1790034242,34193823,9977,-8,1790034160,0.0002917778453728324
2026-09-21T23:45:01.000Z,1790034301,34158850,5360,-8,1790034261,0.00015691394762996997
2026-09-21T23:46:01.000Z,1790034361,34158850,5360,-8,1790034261,0.00015691394762996997
2026-09-21T23:47:02.000Z,1790034422,34158850,5360,-8,1790034261,0.00015691394762996997
2026-09-21T23:48:01.000Z,1790034481,34158850,5360,-8,1790034261,0.00015691394762996997
2026-09-21T23:49:01.000Z,1790034541,34122484,8712,-8,1790034491,0.0002553155274393271
2026-09-21T23:50:02.000Z,1790034602,34168421,5397,-8,1790034552,0.00015795286530799886
2026-09-21T23:51:01.000Z,1790034661,34212827,9024,-8,1790034653,0.00026376072342691823
2026-09-21T23:52:01.000Z,1790034721,34212827,9024,-8,1790034653,0.00026376072342691823
2026-09-21T23:53:02.000Z,1790034782,34212827,9024,-8,1790034653,0.00026376072342691823
2026-09-21T23:54:01.000Z,1790034841,34272086,8376,-8,1790034783,0.0002443971458288241
2026-09-21T23:55:02.000Z,1790034902,34315000,11176,-8,1790034894,0.00032568847442809265
2026-09-21T23:56:01.000Z,1790034961,34251535,8883,-8,1790034955,0.0002593460409876521
2026-09-21T23:57:01.000Z,1790035021,34251535,8883,-8,1790034955,0.0002593460409876521
2026-09-21T23:58:01.000Z,1790035081,34215046,18656,-8,1790035065,0.00054525719474409
2026-09-21T23:59:02.000Z,1790035142,34118441,14218,-8,1790035117,0.0004167247852854707
2026-09-22T00:00:01.000Z,1790035201,33998628,7827,-8,1790035168,0.00023021517221224338
2026-09-22T00:01:02.000Z,1790035262,33895806,13007,-8,1790035229,0.00038373479007992905
2026-09-22T00:02:01.000Z,1790035321,33843793,10111,-8,1790035280,0.00029875492974442905
2026-09-22T00:03:02.000Z,1790035382,33859469,10641,-8,1790035331,0.0003142695474639605
2026-09-22T00:04:01.000Z,1790035441,33708424,7190,-8,1790035432,0.00021329979710709704
2026-09-22T00:05:02.000Z,1790035502,33473909,14446,-8,1790035494,0.00043155999497997084
2026-09-22T00:06:01.000Z,1790035561,33585471,15467,-8,1790035536,0.00046052651755278346
2026-09-22T00:07:02.000Z,1790035622,33525644,7875,-8,1790035608,0.0002348948166364828
2026-09-22T00:08:01.000Z,1790035681,33458131,13833,-8,1790035670,0.0004134421017121369
2026-09-22T00:09:02.000Z,1790035742,33476004,18555,-8,1790035711,0.0005542776252506124
2026-09-22T00:10:01.000Z,1790035801,33896710,15488,-8,1790035794,0.0004569175002529744
2026-09-22T00:11:01.000Z,1790035861,33876271,19335,-8,1790035855,0.0005707534929095354
2026-09-22T00:12:01.000Z,1790035921,33832084,17079,-8,1790035916,0.0005048166704717333
2026-09-22T00:13:02.000Z,1790035982,33952725,13245,-8,1790035968,0.0003901012363514269
2026-09-22T00:14:01.000Z,1790036041,33973359,13306,-8,1790035989,0.00039165982969184765
2026-09-22T00:15:02.000Z,1790036102,34048231,17064,-8,1790036060,0.0005011714118128487
2026-09-22T00:16:01.000Z,1790036161,33942653,17650,-8,1790036130,0.0005199947099008436
2026-09-22T00:17:01.000Z,1790036221,34022007,17002,-8,1790036171,0.0004997353624670056
2026-09-22T00:18:01.000Z,1790036281,33930738,7812,-8,1790036252,0.0002302337190543866
2026-09-22T00:19:01.000Z,1790036341,33930738,7812,-8,1790036252,0.0002302337190543866
2026-09-22T00:20:01.000Z,1790036401,33886385,6382,-8,1790036343,0.0001883352266699443
2026-09-22T00:21:01.000Z,1790036461,33886385,6382,-8,1790036343,0.0001883352266699443
2026-09-22T00:22:02.000Z,1790036522,33885414,22296,-8,1790036514,0.0006579822220852901
2026-09-22T00:23:01.000Z,1790036581,33811652,22830,-8,1790036565,0.00067521101897062
2026-09-22T00:24:02.000Z,1790036642,33861467,13555,-8,1790036605,0.00040030752359311545
2026-09-22T00:25:01.000Z,1790036701,33805158,11339,-8,1790036697,0.00033542218616460835
2026-09-22T00:26:01.000Z,1790036761,33777739,17367,-8,1790036749,0.0005141551955268527
2026-09-22T00:27:01.000Z,1790036821,33849632,24629,-8,1790036780,0.0007276002291546331
2026-09-22T00:28:01.000Z,1790036881,33837427,15416,-8,1790036841,0.0004555901960276117
2026-09-22T00:29:01.000Z,1790036941,33907371,19984,-8,1790036933,0.0005893703761344399
2026-09-22T00:30:02.000Z,1790037002,33785406,10403,-8,1790036974,0.00030791401470800733
2026-09-22T00:31:01.000Z,1790037061,33785406,10403,-8,1790036974,0.00030791401470800733
2026-09-22T00:32:02.000Z,1790037122,33827380,5243,-8,1790037095,0.00015499278986430518
2026-09-22T00:33:01.000Z,1790037181,33827380,5243,-8,1790037095,0.00015499278986430518
2026-09-22T00:34:01.000Z,1790037241,33827380,5243,-8,1790037095,0.00015499278986430518
2026-09-22T00:35:02.000Z,1790037302,33787131,5013,-8,1790037286,0.00014837009984659545
2026-09-22T00:36:01.000Z,1790037361,33787131,5013,-8,1790037286,0.00014837009984659545
2026-09-22T00:37:02.000Z,1790037422,33817714,4894,-8,1790037396,0.00014471705568271114
2026-09-22T00:38:01.000Z,1790037481,33806795,14927,-8,1790037478,0.00044153845402972983
2026-09-22T00:39:01.000Z,1790037541,33911694,9993,-8,1790037529,0.0002946771104976354
2026-09-22T00:40:01.000Z,1790037601,33866424,11421,-8,1790037540,0.00033723666838872624
2026-09-22T00:41:01.000Z,1790037661,33672882,16736,-8,1790037641,0.0004970171546349967
2026-09-22T00:42:01.000Z,1790037721,33832391,9992,-8,1790037693,0.00029533827508673564
2026-09-22T00:43:02.000Z,1790037782,33892251,13434,-8,1790037763,0.0003963737905753147
2026-09-22T00:44:01.000Z,1790037841,34000064,15061,-8,1790037835,0.00044296975440987407
2026-09-22T00:45:02.000Z,1790037902,34000064,15061,-8,1790037835,0.00044296975440987407
2026-09-22T00:46:01.000Z,1790037961,33996668,8363,-8,1790037935,0.00024599469571547425
2026-09-22T00:47:01.000Z,1790038021,34022513,9998,-8,1790037976,0.0002938642421857551
2026-09-22T00:48:00.000Z,1790038080,33976475,6047,-8,1790038077,0.00017797608492346541
2026-09-22T00:49:01.000Z,1790038141,33976475,6047,-8,1790038077,0.00017797608492346541
2026-09-22T00:50:01.000Z,1790038201,34017193,8382,-8,1790038148,0.00024640481064972056
2026-09-22T00:51:01.000Z,1790038261,34037004,7448,-8,1790038239,0.00021882066941026888
2026-09-22T00:52:01.000Z,1790038321,34017058,7479,-8,1790038300,0.00021986028303799818
2026-09-22T00:53:01.000Z,1790038381,33895706,6162,-8,1790038372,0.00018179293860998204
2026-09-22T00:54:01.000Z,1790038441,33841383,10658,-8,1790038393,0.0003149398474642718
2026-09-22T00:55:01.000Z,1790038501,33757066,6688,-8,1790038454,0.00019812148366211684
2026-09-22T00:56:02.000Z,1790038562,33654600,8344,-8,1790038555,0.0002479304463580016
2026-09-22T00:57:01.000Z,1790038621,33652426,11398,-8,1790038616,0.0003386977212281813
2026-09-22T00:58:01.000Z,1790038681,33614677,10250,-8,1790038657,0.00030492632727067406
2026-09-22T00:59:01.000Z,1790038741,33580746,8978,-8,1790038708,0.0002673555852511436
2026-09-22T01:00:01.000Z,1790038801,33630040,11211,-8,1790038789,0.0003333626721823703
2026-09-22T01:01:02.000Z,1790038862,33626664,5041,-8,1790038850,0.00014991079697944466
2026-09-22T01:02:01.000Z,1790038921,33624615,13020,-8,1790038881,0.00038721632946577976
2026-09-22T01:03:02.000Z,1790038982,33516597,5313,-8,1790038962,0.00015851847966546245
2026-09-22T01:04:01.000Z,1790039041,33607613,5887,-8,1790039034,0.00017516864408073253
2026-09-22T01:05:02.000Z,1790039102,33617407,5910,-8,1790039095,0.0001758017803098258
2026-09-22T01:06:01.000Z,1790039161,33732155,13332,-8,1790039147,0.0003952311970581186
2026-09-22T01:07:01.000Z,1790039221,33785185,6365,-8,1790039188,0.00018839618607978615
2026-09-22T01:08:02.000Z,1790039282,33831290,8713,-8,1790039238,0.00025754264764955755
2026-09-22T01:09:01.000Z,1790039341,33871789,8563,-8,1790039339,0.0002528062512434758
2026-09-22T01:10:02.000Z,1790039402,33910119,11399,-8,1790039399,0.0003361533470289503
2026-09-22T01:11:01.000Z,1790039461,33910119,11399,-8,1790039399,0.0003361533470289503
2026-09-22T01:12:01.000Z,1790039521,33896165,11953,-8,1790039500,0.00035263576277729355
2026-09-22T01:13:02.000Z,1790039582,33896165,11953,-8,1790039500,0.00035263576277729355
2026-09-22T01:14:01.000Z,1790039641,33764815,6788,-8,1790039621,0.00020103767783119796
2026-09-22T01:15:02.000Z,1790039702,33764815,6788,-8,1790039621,0.00020103767783119796
2026-09-22T01:16:01.000Z,1790039761,33836618,5416,-8,1790039753,0.0001600632781916916
2026-09-22T01:17:01.000Z,1790039821,33764761,14060,-8,1790039814,0.00041641047007559155
2026-09-22T01:18:01.000Z,1790039881,33764761,14060,-8,1790039814,0.00041641047007559155
2026-09-22T01:19:01.000Z,1790039941,33733302,18764,-8,1790039924,0.0005562455759593294
2026-09-22T01:20:01.000Z,1790040001,33690227,7976,-8,1790039945,0.00023674521397555438
2026-09-22T01:21:02.000Z,1790040062,33797857,13688,-8,1790040046,0.0004049960919119813
2026-09-22T01:22:01.000Z,1790040121,33747320,5084,-8,1790040076,0.00015064899968353043
2026-09-22T01:23:02.000Z,1790040182,33746687,5462,-8,1790040168,0.00016185292499971924
2026-09-22T01:24:01.000Z,1790040241,33801329,9610,-8,1790040199,0.00028430834775756893
2026-09-22T01:25:02.000Z,1790040302,33836098,5235,-8,1790040269,0.00015471642149753794
2026-09-22T01:26:01.000Z,1790040361,33818140,8046,-8,1790040340,0.00023791964904042623
2026-09-22T01:27:02.000Z,1790040422,33821373,9999,-8,1790040411,0.0002956414572524894
2026-09-22T01:28:01.000Z,1790040481,33852866,8497,-8,1790040432,0.0002509979509563533
2026-09-22T01:29:02.000Z,1790040542,33852866,8497,-8,1790040432,0.0002509979509563533
2026-09-22T01:30:01.000Z,1790040601,33886826,9184,-8,1790040572,0.0002710197762398874
2026-09-22T01:31:01.000Z,1790040661,33819431,5983,-8,1790040623,0.00017691013192977728
2026-09-22T01:32:01.000Z,1790040721,33819431,5983,-8,1790040623,0.00017691013192977728
2026-09-22T01:33:02.000Z,1790040782,33774309,13089,-8,1790040753,0.0003875430878541438
2026-09-22T01:34:01.000Z,1790040841,33675737,6243,-8,1790040834,0.00018538569772058738
2026-09-22T01:35:01.000Z,1790040901,33709832,18426,-8,1790040875,0.000546606105898125
2026-09-22T01:36:01.000Z,1790040961,33709832,18426,-8,1790040875,0.000546606105898125
2026-09-22T01:37:01.000Z,1790041021,33766620,5400,-8,1790040996,0.00015992124767003627
2026-09-22T01:38:02.000Z,1790041082,33766620,5400,-8,1790040996,0.00015992124767003627
2026-09-22T01:39:01.000Z,1790041141,33716547,11324,-8,1790041127,0.0003358588291974264
2026-09-22T01:40:02.000Z,1790041202,33826563,5526,-8,1790041188,0.00016336273951332272
2026-09-22T01:41:01.000Z,1790041261,33826563,5526,-8,1790041188,0.00016336273951332272
2026-09-22T01:42:02.000Z,1790041322,33791321,10265,-8,1790041279,0.0003037762270377059
2026-09-22T01:43:01.000Z,1790041381,33796466,9719,-8,1790041370,0.00028757444639330044
2026-09-22T01:44:02.000Z,1790041442,33796466,9719,-8,1790041370,0.00028757444639330044
2026-09-22T01:45:01.000Z,1790041501,33834064,12015,-8,1790041490,0.00035511548361438343
2026-09-22T01:46:02.000Z,1790041562,33877437,10976,-8,1790041501,0.00032399145189171186
2026-09-22T01:47:01.000Z,1790041621,33877437,10976,-8,1790041501,0.00032399145189171186
2026-09-22T01:48:01.000Z,1790041681,33922900,11211,-8,1790041652,0.00033048471681371584
2026-09-22T01:49:02.000Z,1790041742,33922900,11211,-8,1790041652,0.00033048471681371584
2026-09-22T01:50:01.000Z,1790041801,33794299,10796,-8,1790041773,0.0003194621672726515
2026-09-22T01:51:01.000Z,1790041861,33803252,6703,-8,1790041814,0.0001982945309522291
2026-09-22T01:52:02.000Z,1790041922,33897189,6003,-8,1790041895,0.00017709433074229253
2026-09-22T01:53:01.000Z,1790041981,33896782,7280,-8,1790041956,0.00021476964981513585
2026-09-22T01:54:01.000Z,1790042041,33896782,7280,-8,1790041956,0.00021476964981513585
2026-09-22T01:55:02.000Z,1790042102,33948166,6079,-8,1790042097,0.00017906711072403735
2026-09-22T01:56:01.000Z,1790042161,33994918,7118,-8,1790042107,0.00020938423796168593
2026-09-22T01:57:01.000Z,1790042221,33994918,7118,-8,1790042107,0.00020938423796168593
2026-09-22T01:58:01.000Z,1790042281,33970658,4125,-8,1790042278,0.00012142832205369704
2026-09-22T01:59:01.000Z,1790042341,33976038,9040,-8,1790042329,0.0002660698695945654
2026-09-22T02:00:02.000Z,1790042402,33976038,9040,-8,1790042329,0.0002660698695945654
2026-09-22T02:01:01.000Z,1790042461,33976038,9040,-8,1790042329,0.0002660698695945654
2026-09-22T02:02:01.000Z,1790042521,33911897,11868,-8,1790042500,0.0003499656772371065
2026-09-22T02:03:01.000Z,1790042581,33911897,11868,-8,1790042500,0.0003499656772371065
2026-09-22T02:04:01.000Z,1790042641,33941446,9083,-8,1790042590,0.00026760792689857704
2026-09-22T02:05:01.000Z,1790042701,33892077,10042,-8,1790042641,0.0002962934375488407
2026-09-22T02:06:02.000Z,1790042762,33847670,5840,-8,1790042701,0.00017253772563960827
2026-09-22T02:07:01.000Z,1790042821,33924907,6438,-8,1790042812,0.00018977207513052284
2026-09-22T02:08:01.000Z,1790042881,33924907,6438,-8,1790042812,0.00018977207513052284
2026-09-22T02:09:01.000Z,1790042941,33996821,19372,-8,1790042924,0.0005698179838638443
2026-09-22T02:10:01.000Z,1790043001,33901866,10361,-8,1790042954,0.0003056173958094224
2026-09-22T02:11:02.000Z,1790043062,33953627,14773,-8,1790043015,0.00043509342904662294
2026-09-22T02:12:01.000Z,1790043121,33953627,14773,-8,1790043015,0.00043509342904662294
2026-09-22T02:13:02.000Z,1790043182,33920823,9479,-8,1790043136,0.0002794448707804053
2026-09-22T02:14:01.000Z,1790043241,33966736,5568,-8,1790043196,0.000163925082468919
2026-09-22T02:15:02.000Z,1790043302,34012025,10868,-8,1790043298,0.0003195340471495008
2026-09-22T02:16:01.000Z,1790043361,34055493,5700,-8,1790043339,0.00016737388003750233
2026-09-22T02:17:02.000Z,1790043422,34100875,9571,-8,1790043379,0.000280667284930372
2026-09-22T02:18:01.000Z,1790043481,34078036,12670,-8,1790043470,0.00037179372661030115
2026-09-22T02:19:01.000Z,1790043541,34047714,6397,-8,1790043501,0.00018788339211260998
2026-09-22T02:20:01.000Z,1790043601,34047714,6397,-8,1790043501,0.00018788339211260998
2026-09-22T02:21:01.000Z,1790043661,33995907,11970,-8,1790043601,0.0003521012103015813
2026-09-22T02:22:01.000Z,1790043721,33995907,11970,-8,1790043601,0.0003521012103015813
2026-09-22T02:23:02.000Z,1790043782,34040976,9998,-8,1790043742,0.00029370485734604083
2026-09-22T02:24:02.000Z,1790043842,34105627,5331,-8,1790043803,0.00015630851765311338
2026-09-22T02:25:01.000Z,1790043901,34104366,11536,-8,1790043894,0.0003382558115872906
2026-09-22T02:26:01.000Z,1790043961,34150354,9946,-8,1790043914,0.00029124149049816587
2026-09-22T02:27:01.000Z,1790044021,34196305,8799,-8,1790043975,0.0002573085016056559
2026-09-22T02:28:02.000Z,1790044082,34196305,8799,-8,1790043975,0.0002573085016056559
2026-09-22T02:29:01.000Z,1790044141,34288268,8041,-8,1790044106,0.0002345116994535857
2026-09-22T02:30:01.000Z,1790044201,34288268,8041,-8,1790044106,0.0002345116994535857
2026-09-22T02:31:01.000Z,1790044261,34251559,10986,-8,1790044227,0.0003207445243587307
2026-09-22T02:32:01.000Z,1790044321,34251559,10986,-8,1790044227,0.0003207445243587307
2026-09-22T02:33:01.000Z,1790044381,34190205,10052,-8,1790044348,0.0002940023319544296
2026-09-22T02:34:01.000Z,1790044441,34235628,11417,-8,1790044388,0.0003334830019767711
2026-09-22T02:35:01.000Z,1790044501,34235628,11417,-8,1790044388,0.0003334830019767711
2026-09-22T02:36:01.000Z,1790044561,34310368,10362,-8,1790044519,0.00030200783623189354
2026-09-22T02:37:02.000Z,1790044622,34310368,10362,-8,1790044519,0.00030200783623189354
2026-09-22T02:38:01.000Z,1790044681,34395143,8963,-8,1790044620,0.0002605891186438736
2026-09-22T02:39:02.000Z,1790044742,34433784,7577,-8,1790044691,0.0002200455227343007
2026-09-22T02:40:01.000Z,1790044801,34433784,7577,-8,1790044691,0.0002200455227343007
2026-09-22T02:41:01.000Z,1790044861,34499719,8430,-8,1790044851,0.00024434981629850377
2026-09-22T02:42:02.000Z,1790044922,34435877,8834,-8,1790044882,0.0002565347762160958
2026-09-22T02:43:01.000Z,1790044981,34501140,9885,-8,1790044972,0.00028651227176841116
2026-09-22T02:44:02.000Z,1790045042,34486222,10706,-8,1790045013,0.00031044281974407055
2026-09-22T02:45:01.000Z,1790045101,34486222,10706,-8,1790045013,0.00031044281974407055
2026-09-22T02:46:01.000Z,1790045161,34486222,10706,-8,1790045013,0.00031044281974407055
2026-09-22T02:47:01.000Z,1790045221,34416282,5060,-8,1790045215,0.00014702343501253273
2026-09-22T02:48:02.000Z,1790045282,34468284,12576,-8,1790045276,0.000364857153898349
2026-09-22T02:49:01.000Z,1790045341,34486209,6189,-8,1790045336,0.00017946304274847955
2026-09-22T02:50:02.000Z,1790045402,34434938,10279,-8,1790045387,0.0002985049660899636
2026-09-22T02:51:01.000Z,1790045461,34321925,10659,-8,1790045448,0.0003105595038739814
2026-09-22T02:52:02.000Z,1790045522,34321925,10659,-8,1790045448,0.0003105595038739814
2026-09-22T02:53:01.000Z,1790045581,34226344,7788,-8,1790045569,0.0002275440228147067
2026-09-22T02:54:02.000Z,1790045642,34180272,10998,-8,1790045609,0.00032176455471155993
2026-09-22T02:55:01.000Z,1790045701,34221540,9960,-8,1790045680,0.00029104476303521115
2026-09-22T02:56:02.000Z,1790045762,34081312,10163,-8,1790045741,0.0002981986139500733
2026-09-22T02:57:01.000Z,1790045821,34015738,10095,-8,1790045762,0.0002967743930765224
2026-09-22T02:58:02.000Z,1790045882,33950017,12227,-8,1790045862,0.00036014709506625576
2026-09-22T02:59:01.000Z,1790045941,33992741,11409,-8,1790045913,0.00033563048063702775
2026-09-22T03:00:02.000Z,1790046002,34028520,13913,-8,1790045943,0.0004088629185165855
2026-09-22T03:01:02.000Z,1790046062,34083016,10003,-8,1790046055,0.0002934892851031728
2026-09-22T03:02:01.000Z,1790046121,34012097,10940,-8,1790046096,0.000321650264610265
2026-09-22T03:03:02.000Z,1790046182,34083022,10009,-8,1790046157,0.00029366527416494934
2026-09-22T03:04:01.000Z,1790046241,34087563,9997,-8,1790046239,0.0002932741187746393
2026-09-22T03:05:01.000Z,1790046301,34087563,9997,-8,1790046239,0.0002932741187746393
2026-09-22T03:06:02.000Z,1790046362,34143076,10412,-8,1790046330,0.0003049520201401889
2026-09-22T03:07:01.000Z,1790046421,34143076,10412,-8,1790046330,0.0003049520201401889
2026-09-22T03:08:02.000Z,1790046482,34061226,9978,-8,1790046431,0.0002929430666999479
2026-09-22T03:09:01.000Z,1790046541,34108553,8665,-8,1790046522,0.00025404185278689485
2026-09-22T03:10:01.000Z,1790046601,34070442,9300,-8,1790046543,0.0002729638787779742
2026-09-22T03:11:02.000Z,1790046662,34059150,7831,-8,1790046634,0.00022992353009396887
2026-09-22T03:12:01.000Z,1790046721,34095168,7831,-8,1790046665,0.0002296806397903656
2026-09-22T03:13:02.000Z,1790046782,34096449,7358,-8,1790046765,0.00021579959836873336
2026-09-22T03:14:02.000Z,1790046842,34094699,6604,-8,1790046837,0.00019369580004211212
2026-09-22T03:15:01.000Z,1790046901,34094699,6604,-8,1790046837,0.00019369580004211212
2026-09-22T03:16:01.000Z,1790046961,34145503,6697,-8,1790046908,0.0001961312445741391
2026-09-22T03:17:02.000Z,1790047022,34048498,17176,-8,1790046989,0.0005044569073208456
2026-09-22T03:18:01.000Z,1790047081,34048498,17176,-8,1790046989,0.0005044569073208456
2026-09-22T03:19:01.000Z,1790047141,34092062,7573,-8,1790047109,0.0002221338210636834
2026-09-22T03:20:01.000Z,1790047201,34041975,9340,-8,1790047171,0.00027436715995473237
2026-09-22T03:21:01.000Z,1790047261,34026666,12856,-8,1790047222,0.0003778213240168755
2026-09-22T03:22:02.000Z,1790047322,34116644,11642,-8,1790047313,0.0003412410669701275
2026-09-22T03:23:01.000Z,1790047381,34107904,6168,-8,1790047344,0.00018083784919765226
2026-09-22T03:24:01.000Z,1790047441,33994291,11802,-8,1790047395,0.00034717594198390545
2026-09-22T03:25:01.000Z,1790047501,34065545,9743,-8,1790047446,0.00028600746003036207
2026-09-22T03:26:01.000Z,1790047561,34056389,8544,-8,1790047547,0.0002508780364236502
2026-09-22T03:27:01.000Z,1790047621,34136636,8552,-8,1790047598,0.0002505226349778578
2026-09-22T03:28:01.000Z,1790047681,34156629,9475,-8,1790047668,0.00027739856881075706
2026-09-22T03:29:01.000Z,1790047741,34191279,10852,-8,1790047699,0.0003173908761938973
2026-09-22T03:30:01.000Z,1790047801,34225966,11396,-8,1790047779,0.0003329635750821467
2026-09-22T03:31:02.000Z,1790047862,34167868,9062,-8,1790047840,0.0002652199429007394
2026-09-22T03:32:01.000Z,1790047921,34172619,9004,-8,1790047890,0.0002634858042340858
2026-09-22T03:33:01.000Z,1790047981,34201362,10083,-8,1790047951,0.00029481282061223174
2026-09-22T03:34:02.000Z,1790048042,34132972,10962,-8,1790047992,0.0003211557434846283
2026-09-22T03:35:01.000Z,1790048101,34132972,10962,-8,1790047992,0.0003211557434846283
2026-09-22T03:36:01.000Z,1790048161,34132972,10962,-8,1790047992,0.0003211557434846283
2026-09-22T03:37:02.000Z,1790048222,34132972,10962,-8,1790047992,0.0003211557434846283
2026-09-22T03:38:01.000Z,1790048281,34214373,10416,-8,1790048263,0.00030443346134093995
2026-09-22T03:39:01.000Z,1790048341,34253394,11112,-8,1790048333,0.00032440580924623116
2026-09-22T03:40:02.000Z,1790048402,34292468,8561,-8,1790048374,0.00024964665710266174
2026-09-22T03:41:01.000Z,1790048461,34247236,12243,-8,1790048444,0.00035748870361392086
2026-09-22T03:42:01.000Z,1790048521,34283151,6902,-8,1790048475,0.0002013233847728874
2026-09-22T03:43:01.000Z,1790048581,34359588,10786,-8,1790048577,0.000313915289089031
2026-09-22T03:44:01.000Z,1790048641,34321374,9829,-8,1790048628,0.0002863813086270963
2026-09-22T03:45:01.000Z,1790048701,34321374,9829,-8,1790048628,0.0002863813086270963
2026-09-22T03:46:01.000Z,1790048761,34373162,6865,-8,1790048758,0.00019971976974361567
2026-09-22T03:47:01.000Z,1790048821,34380891,10002,-8,1790048800,0.00029091741688718885
2026-09-22T03:48:02.000Z,1790048882,34380891,10002,-8,1790048800,0.00029091741688718885
2026-09-22T03:49:01.000Z,1790048941,34380891,10002,-8,1790048800,0.00029091741688718885
2026-09-22T03:50:01.000Z,1790049001,34380891,10002,-8,1790048800,0.00029091741688718885
2026-09-22T03:51:01.000Z,1790049061,34380891,10002,-8,1790048800,0.00029091741688718885
2026-09-22T03:52:01.000Z,1790049121,34329367,10328,-8,1790049070,0.00030085028949121027
2026-09-22T03:53:01.000Z,1790049181,34329367,10328,-8,1790049070,0.00030085028949121027
2026-09-22T03:54:01.000Z,1790049241,34329367,10328,-8,1790049070,0.00030085028949121027
2026-09-22T03:55:01.000Z,1790049301,34293203,7534,-8,1790049280,0.0002196936809897868
2026-09-22T03:56:02.000Z,1790049362,34364906,11175,-8,1790049342,0.00032518639800731595
2026-09-22T03:57:01.000Z,1790049421,34364906,11175,-8,1790049342,0.00032518639800731595
2026-09-22T03:58:01.000Z,1790049481,34364906,11175,-8,1790049342,0.00032518639800731595
2026-09-22T03:59:02.000Z,1790049542,34357513,12173,-8,1790049512,0.0003543038752543003
2026-09-22T04:00:01.000Z,1790049601,34357513,12173,-8,1790049512,0.0003543038752543003
2026-09-22T04:01:01.000Z,1790049661,34318073,11931,-8,1790049623,0.00034765938052524104
2026-09-22T04:02:02.000Z,1790049722,34394573,5740,-8,1790049704,0.00016688679344848968
2026-09-22T04:03:01.000Z,1790049781,34320301,9836,-8,1790049765,0.0002865942230518316
2026-09-22T04:04:02.000Z,1790049842,34389726,8496,-8,1790049837,0.0002470505289864769
2026-09-22T04:05:01.000Z,1790049901,34374856,12686,-8,1790049888,0.00036904881870632416
2026-09-22T04:06:01.000Z,1790049961,34327980,13867,-8,1790049959,0.00040395618967384626
2026-09-22T04:07:01.000Z,1790050021,34382951,9154,-8,1790049980,0.0002662366008083483
2026-09-22T04:08:01.000Z,1790050081,34382951,9154,-8,1790049980,0.0002662366008083483
2026-09-22T04:09:01.000Z,1790050141,34321579,11875,-8,1790050081,0.00034599224004233604
2026-09-22T04:10:01.000Z,1790050201,34276087,8112,-8,1790050151,0.00023666645495444097
2026-09-22T04:11:01.000Z,1790050261,34331242,9998,-8,1790050253,0.0002912216225675727
2026-09-22T04:12:01.000Z,1790050321,34365738,5737,-8,1790050303,0.00016693952564033398
2026-09-22T04:13:02.000Z,1790050382,34365738,5737,-8,1790050303,0.00016693952564033398
2026-09-22T04:14:01.000Z,1790050441,34365738,5737,-8,1790050303,0.00016693952564033398
2026-09-22T04:15:01.000Z,1790050501,34320314,10586,-8,1790050454,0.00030844706141091834
2026-09-22T04:16:02.000Z,1790050562,34273919,11591,-8,1790050545,0.000338187179586904
2026-09-22T04:17:01.000Z,1790050621,34273919,11591,-8,1790050545,0.000338187179586904
2026-09-22T04:18:01.000Z,1790050681,34196709,8294,-8,1790050676,0.00024253795884276465
2026-09-22T04:19:02.000Z,1790050742,34210161,11357,-8,1790050707,0.0003319773911616493
2026-09-22T04:20:01.000Z,1790050801,34150093,14910,-8,1790050797,0.0004366020320940268
2026-09-22T04:21:01.000Z,1790050861,34150093,14910,-8,1790050797,0.0004366020320940268
2026-09-22T04:22:01.000Z,1790050921,34150093,14910,-8,1790050797,0.0004366020320940268
2026-09-22T04:23:01.000Z,1790050981,34150093,14910,-8,1790050797,0.0004366020320940268
2026-09-22T04:24:01.000Z,1790051041,34082626,12376,-8,1790051028,0.00036311756024902544
2026-09-22T04:25:02.000Z,1790051102,34069218,15156,-8,1790051079,0.0004448590513583259
2026-09-22T04:26:01.000Z,1790051161,34069218,15156,-8,1790051079,0.0004448590513583259
2026-09-22T04:27:01.000Z,1790051221,34109121,10640,-8,1790051200,0.0003119400233151713
2026-09-22T04:28:02.000Z,1790051282,34205529,14756,-8,1790051271,0.00043139224655756674
2026-09-22T04:29:01.000Z,1790051341,34280844,10786,-8,1790051332,0.00031463636076171285
2026-09-22T04:30:01.000Z,1790051401,34240528,14474,-8,1790051373,0.0004227154441076376
2026-09-22T04:31:01.000Z,1790051461,34168044,18748,-8,1790051414,0.0005486998319248242
2026-09-22T04:32:00.000Z,1790051520,34168044,18748,-8,1790051414,0.0005486998319248242
2026-09-22T04:33:02.000Z,1790051582,34122180,11443,-8,1790051564,0.0003353537200729848
2026-09-22T04:34:01.000Z,1790051641,34081481,8411,-8,1790051595,0.0002467909185049793
2026-09-22T04:35:01.000Z,1790051701,34080864,10197,-8,1790051695,0.00029920016112267576
2026-09-22T04:36:01.000Z,1790051761,34046358,19837,-8,1790051746,0.0005826467547571461
2026-09-22T04:37:02.000Z,1790051822,34096262,5299,-8,1790051786,0.00015541293060218741
2026-09-22T04:38:01.000Z,1790051881,34096262,5299,-8,1790051786,0.00015541293060218741
2026-09-22T04:39:01.000Z,1790051941,34141292,9998,-8,1790051887,0.0002928418760485104
2026-09-22T04:40:01.000Z,1790052001,34175007,4736,-8,1790051948,0.00013858080555769893
2026-09-22T04:41:01.000Z,1790052061,34136639,9558,-8,1790052018,0.0002799924151876815
2026-09-22T04:42:01.000Z,1790052121,34215184,4944,-8,1790052119,0.00014449725010977582
2026-09-22T04:43:00.000Z,1790052180,34215184,4944,-8,1790052119,0.00014449725010977582
2026-09-22T04:44:01.000Z,1790052241,34215184,4944,-8,1790052119,0.00014449725010977582
2026-09-22T04:45:01.000Z,1790052301,34206081,10119,-8,1790052270,0.0002958245932938064
2026-09-22T04:46:02.000Z,1790052362,34206081,10119,-8,1790052270,0.0002958245932938064
2026-09-22T04:47:01.000Z,1790052421,34206081,10119,-8,1790052270,0.0002958245932938064
2026-09-22T04:48:01.000Z,1790052481,34206081,10119,-8,1790052270,0.0002958245932938064
2026-09-22T04:49:01.000Z,1790052541,34206081,10119,-8,1790052270,0.0002958245932938064
2026-09-22T04:50:01.000Z,1790052601,34161285,9997,-8,1790052560,0.0002926412165116154
2026-09-22T04:51:01.000Z,1790052661,34104964,12807,-8,1790052621,0.0003755171827772637
2026-09-22T04:52:01.000Z,1790052721,34193901,8059,-8,1790052712,0.0002356853053999308
2026-09-22T04:53:01.000Z,1790052781,34193901,8059,-8,1790052712,0.0002356853053999308
2026-09-22T04:54:01.000Z,1790052841,34193901,8059,-8,1790052712,0.0002356853053999308
2026-09-22T04:55:01.000Z,1790052901,34155070,12889,-8,1790052883,0.00037736710830924957
2026-09-22T04:56:01.000Z,1790052961,34155070,12889,-8,1790052883,0.00037736710830924957
2026-09-22T04:57:01.000Z,1790053021,34107131,14073,-8,1790052963,0.00041261166176656723
2026-09-22T04:58:02.000Z,1790053082,34107131,14073,-8,1790052963,0.00041261166176656723
2026-09-22T04:59:01.000Z,1790053141,34107131,14073,-8,1790052963,0.00041261166176656723
2026-09-22T05:00:01.000Z,1790053201,34144879,13036,-8,1790053144,0.00038178492300412016
2026-09-22T05:01:01.000Z,1790053261,34050368,11203,-8,1790053224,0.00032901259686826293
2026-09-22T05:02:01.000Z,1790053321,34131592,9955,-8,1790053316,0.0002916652701110455
2026-09-22T05:03:01.000Z,1790053381,34137847,13351,-8,1790053377,0.0003910908617054848
2026-09-22T05:04:01.000Z,1790053441,34103442,12754,-8,1790053437,0.000373979846374451
2026-09-22T05:05:02.000Z,1790053502,34090515,11071,-8,1790053469,0.00032475308747902457
2026-09-22T05:06:01.000Z,1790053561,34090515,11071,-8,1790053469,0.00032475308747902457
2026-09-22T05:07:02.000Z,1790053622,34090515,11071,-8,1790053469,0.00032475308747902457
2026-09-22T05:08:01.000Z,1790053681,34125701,7736,-8,1790053639,0.0002266913139747664
2026-09-22T05:09:01.000Z,1790053741,34130174,11117,-8,1790053710,0.00032572350788484116
2026-09-22T05:10:02.000Z,1790053802,34081980,10415,-8,1790053771,0.0003055867059366856
2026-09-22T05:11:01.000Z,1790053861,34081980,10415,-8,1790053771,0.0003055867059366856
2026-09-22T05:12:01.000Z,1790053921,34081980,10415,-8,1790053771,0.0003055867059366856
2026-09-22T05:13:01.000Z,1790053981,34038760,7432,-8,1790053941,0.00021833932845967361
2026-09-22T05:14:02.000Z,1790054042,33999700,10302,-8,1790053992,0.0003030026735530019
2026-09-22T05:15:01.000Z,1790054101,33952957,9093,-8,1790054052,0.0002678117255000794
2026-09-22T05:16:02.000Z,1790054162,33952957,9093,-8,1790054052,0.0002678117255000794
2026-09-22T05:17:01.000Z,1790054221,33907179,14332,-8,1790054183,0.000422683349741363
2026-09-22T05:18:01.000Z,1790054281,33870388,7661,-8,1790054254,0.00022618577620073322
2026-09-22T05:19:01.000Z,1790054341,33814918,12234,-8,1790054315,0.00036179298142908405
2026-09-22T05:20:01.000Z,1790054401,33749119,10976,-8,1790054396,0.00032522330434758904
2026-09-22T05:21:02.000Z,1790054462,33749119,10976,-8,1790054396,0.00032522330434758904
2026-09-22T05:22:01.000Z,1790054521,33875543,8414,-8,1790054517,0.000248379782428875
2026-09-22T05:23:01.000Z,1790054581,33910747,11822,-8,1790054558,0.00034862104335242156
2026-09-22T05:24:01.000Z,1790054641,33952398,7801,-8,1790054638,0.00022976285798723258
2026-09-22T05:25:01.000Z,1790054701,33918016,11802,-8,1790054679,0.0003479566729374737
2026-09-22T05:26:02.000Z,1790054762,33829528,7479,-8,1790054720,0.0002210790525957087
2026-09-22T05:27:01.000Z,1790054821,33784856,9854,-8,1790054780,0.0002916691431214033
2026-09-22T05:28:01.000Z,1790054881,33661780,8116,-8,1790054872,0.00024110430286217782
2026-09-22T05:29:01.000Z,1790054941,33667026,6066,-8,1790054933,0.00018017629475202234
2026-09-22T05:30:01.000Z,1790055001,33667026,6066,-8,1790054933,0.00018017629475202234
2026-09-22T05:31:01.000Z,1790055061,33587164,5394,-8,1790055035,0.00016059706618873806
2026-09-22T05:32:01.000Z,1790055121,33591096,9998,-8,1790055076,0.0002976383979849898
2026-09-22T05:33:00.000Z,1790055180,33553438,12329,-8,1790055137,0.0003674437176899726
2026-09-22T05:34:01.000Z,1790055241,33538907,11025,-8,1790055238,0.0003287226980891178
2026-09-22T05:35:01.000Z,1790055301,33531447,9725,-8,1790055280,0.00029002625505544094
2026-09-22T05:36:02.000Z,1790055362,33565003,5922,-8,1790055330,0.00017643376942346766
2026-09-22T05:37:01.000Z,1790055421,33584503,5417,-8,1790055402,0.00016129463044309454
2026-09-22T05:38:02.000Z,1790055482,33634145,9034,-8,1790055442,0.0002685960948316064
2026-09-22T05:39:01.000Z,1790055541,33614856,16029,-8,1790055524,0.0004768427388176228
2026-09-22T05:40:01.000Z,1790055601,33650085,6928,-8,1790055584,0.0002058835809775815
2026-09-22T05:41:01.000Z,1790055661,33650085,6928,-8,1790055584,0.0002058835809775815
2026-09-22T05:42:01.000Z,1790055721,33605540,11714,-8,1790055705,0.0003485734792537183
2026-09-22T05:43:01.000Z,1790055781,33605540,11714,-8,1790055705,0.0003485734792537183
2026-09-22T05:44:01.000Z,1790055841,33605540,11714,-8,1790055705,0.0003485734792537183
2026-09-22T05:45:01.000Z,1790055901,33605540,11714,-8,1790055705,0.0003485734792537183
2026-09-22T05:46:02.000Z,1790055962,33636734,11731,-8,1790055926,0.0003487556193773153
2026-09-22T05:47:01.000Z,1790056021,33694889,6067,-8,1790055966,0.00018005698134218517
2026-09-22T05:48:01.000Z,1790056081,33694889,6067,-8,1790055966,0.00018005698134218517
2026-09-22T05:49:01.000Z,1790056141,33694889,6067,-8,1790055966,0.00018005698134218517
2026-09-22T05:50:01.000Z,1790056201,33771386,8139,-8,1790056167,0.00024100284187329474
2026-09-22T05:51:01.000Z,1790056261,33726078,5496,-8,1790056228,0.0001629599504573286
2026-09-22T05:52:02.000Z,1790056322,33765351,11530,-8,1790056288,0.0003414743119359251
2026-09-22T05:53:01.000Z,1790056381,33765351,11530,-8,1790056288,0.0003414743119359251
2026-09-22T05:54:01.000Z,1790056441,33805098,10719,-8,1790056389,0.00031708235249014807
2026-09-22T05:55:02.000Z,1790056502,33771218,8307,-8,1790056470,0.0002459786910854089
2026-09-22T05:56:01.000Z,1790056561,33771218,8307,-8,1790056470,0.0002459786910854089
2026-09-22T05:57:01.000Z,1790056621,33771218,8307,-8,1790056470,0.0002459786910854089
2026-09-22T05:58:01.000Z,1790056681,33717459,9054,-8,1790056670,0.0002685255730569732
2026-09-22T05:59:02.000Z,1790056742,33717459,9054,-8,1790056670,0.0002685255730569732
2026-09-22T06:00:01.000Z,1790056801,33670660,10075,-8,1790056782,0.00029922193387358606
2026-09-22T06:01:01.000Z,1790056861,33685712,15126,-8,1790056842,0.00044903310934915077
2026-09-22T06:02:01.000Z,1790056921,33685297,5741,-8,1790056894,0.000170430440319407
2026-09-22T06:03:01.000Z,1790056981,33626161,5294,-8,1790056974,0.00015743694321810925
2026-09-22T06:04:02.000Z,1790057042,33626161,5294,-8,1790056974,0.00015743694321810925
2026-09-22T06:05:01.000Z,1790057101,33626161,5294,-8,1790056974,0.00015743694321810925
2026-09-22T06:06:01.000Z,1790057161,33663065,10296,-8,1790057125,0.0003058545025534662
2026-09-22T06:07:00.000Z,1790057220,33625002,5049,-8,1790057215,0.00015015612489777697
2026-09-22T06:08:01.000Z,1790057281,33625002,5049,-8,1790057215,0.00015015612489777697
2026-09-22T06:09:01.000Z,1790057341,33625002,5049,-8,1790057215,0.00015015612489777697
2026-09-22T06:10:02.000Z,1790057402,33664194,6300,-8,1790057346,0.00018714245765099856
2026-09-22T06:11:01.000Z,1790057461,33624956,6897,-8,1790057417,0.00020511551003962652
2026-09-22T06:12:01.000Z,1790057521,33624956,6897,-8,1790057417,0.00020511551003962652
2026-09-22T06:13:01.000Z,1790057581,33624956,6897,-8,1790057417,0.00020511551003962652
2026-09-22T06:14:01.000Z,1790057641,33605027,9395,-8,1790057587,0.0002795712677153927
2026-09-22T06:15:01.000Z,1790057701,33614164,7960,-8,1790057688,0.00023680493734724446
2026-09-22T06:16:01.000Z,1790057761,33614164,7960,-8,1790057688,0.00023680493734724446
2026-09-22T06:17:01.000Z,1790057821,33534963,15611,-8,1790057819,0.00046551415607645074
2026-09-22T06:18:02.000Z,1790057882,33585951,15814,-8,1790057879,0.00047085163674537604
2026-09-22T06:19:01.000Z,1790057941,33498189,5109,-8,1790057920,0.00015251570764019512
2026-09-22T06:20:01.000Z,1790058001,33498189,5109,-8,1790057920,0.00015251570764019512
2026-09-22T06:21:01.000Z,1790058061,33542636,13806,-8,1790058031,0.0004115955585601561
2026-09-22T06:22:01.000Z,1790058121,33596083,5514,-8,1790058092,0.0001641262762685757
2026-09-22T06:23:02.000Z,1790058182,33596083,5514,-8,1790058092,0.0001641262762685757
2026-09-22T06:24:01.000Z,1790058241,33596496,11074,-8,1790058213,0.00032961770775142744
2026-09-22T06:25:01.000Z,1790058301,33648843,10104,-8,1790058253,0.00030027778369675294
2026-09-22T06:26:01.000Z,1790058361,33648843,10104,-8,1790058253,0.00030027778369675294
2026-09-22T06:27:01.000Z,1790058421,33648843,10104,-8,1790058253,0.00030027778369675294
2026-09-22T06:28:02.000Z,1790058482,33648843,10104,-8,1790058253,0.00030027778369675294
2026-09-22T06:29:01.000Z,1790058541,33648843,10104,-8,1790058253,0.00030027778369675294
2026-09-22T06:30:01.000Z,1790058601,33670341,11742,-8,1790058564,0.0003487342168586888
2026-09-22T06:31:01.000Z,1790058661,33688760,6710,-8,1790058615,0.00019917622376127824
2026-09-22T06:32:01.000Z,1790058721,33686997,5083,-8,1790058706,0.00015088908043658507
2026-09-22T06:33:01.000Z,1790058781,33732514,9188,-8,1790058726,0.00027237815716907435
2026-09-22T06:34:01.000Z,1790058841,33768653,12533,-8,1790058838,0.0003711430242716522
2026-09-22T06:35:01.000Z,1790058901,33806802,4916,-8,1790058849,0.00014541452338496852
2026-09-22T06:36:02.000Z,1790058962,33806802,4916,-8,1790058849,0.00014541452338496852
2026-09-22T06:37:01.000Z,1790059021,33806802,4916,-8,1790058849,0.00014541452338496852
2026-09-22T06:38:01.000Z,1790059081,33806802,4916,-8,1790058849,0.00014541452338496852
2026-09-22T06:39:01.000Z,1790059141,33806802,4916,-8,1790058849,0.00014541452338496852
2026-09-22T06:40:01.000Z,1790059201,33746802,5096,-8,1790059179,0.00015100690133542136
2026-09-22T06:41:01.000Z,1790059261,33709402,7499,-8,1790059230,0.0002224601907800085
2026-09-22T06:42:01.000Z,1790059321,33709402,7499,-8,1790059230,0.0002224601907800085
2026-09-22T06:43:01.000Z,1790059381,33709402,7499,-8,1790059230,0.0002224601907800085
2026-09-22T06:44:01.000Z,1790059441,33709402,7499,-8,1790059230,0.0002224601907800085
2026-09-22T06:45:02.000Z,1790059502,33709402,7499,-8,1790059230,0.0002224601907800085
2026-09-22T06:46:01.000Z,1790059561,33709402,7499,-8,1790059230,0.0002224601907800085
2026-09-22T06:47:01.000Z,1790059621,33709402,7499,-8,1790059230,0.0002224601907800085
2026-09-22T06:48:01.000Z,1790059681,33676316,7255,-8,1790059662,0.00021543330333401075
2026-09-22T06:49:01.000Z,1790059741,33676316,7255,-8,1790059662,0.00021543330333401075
2026-09-22T06:50:00.000Z,1790059800,33676316,7255,-8,1790059662,0.00021543330333401075
2026-09-22T06:51:01.000Z,1790059861,33720026,10020,-8,1790059853,0.00029715279578965923
2026-09-22T06:52:01.000Z,1790059921,33674493,6598,-8,1790059913,0.00019593465000349077
2026-09-22T06:53:01.000Z,1790059981,33695466,14562,-8,1790059974,0.0004321649684263159
2026-09-22T06:54:01.000Z,1790060041,33695466,14562,-8,1790059974,0.0004321649684263159
2026-09-22T06:55:01.000Z,1790060101,33635584,10507,-8,1790060085,0.0003123775106744096
2026-09-22T06:56:02.000Z,1790060162,33600937,5851,-8,1790060135,0.00017413204875804504
2026-09-22T06:57:01.000Z,1790060221,33600937,5851,-8,1790060135,0.00017413204875804504
2026-09-22T06:58:01.000Z,1790060281,33600937,5851,-8,1790060135,0.00017413204875804504
2026-09-22T06:59:01.000Z,1790060341,33592402,9229,-8,1790060316,0.00027473474507717547
2026-09-22T07:00:00.000Z,1790060400,33630767,9437,-8,1790060377,0.00028060614853059996
2026-09-22T07:01:01.000Z,1790060461,33592388,11245,-8,1790060437,0.0003347484555131954
2026-09-22T07:02:01.000Z,1790060521,33639447,7863,-8,1790060498,0.0002337434381724527
2026-09-22T07:03:02.000Z,1790060582,33605588,13239,-8,1790060578,0.00039395233911693493
2026-09-22T07:04:01.000Z,1790060641,33595376,12379,-8,1790060620,0.00036847332799609087
2026-09-22T07:05:01.000Z,1790060701,33735543,10225,-8,1790060691,0.00030309279444531246
2026-09-22T07:06:01.000Z,1790060761,33735543,10225,-8,1790060691,0.00030309279444531246
2026-09-22T07:07:02.000Z,1790060822,33685495,14252,-8,1790060772,0.0004230901163839213
2026-09-22T07:08:01.000Z,1790060881,33471003,30356,-8,1790060873,0.0009069342798003394
2026-09-22T07:09:02.000Z,1790060942,33543384,26096,-8,1790060935,0.0007779775588533345
2026-09-22T07:10:01.000Z,1790061001,33628079,6979,-8,1790060976,0.00020753489962956255
2026-09-22T07:11:02.000Z,1790061062,33676032,6560,-8,1790061056,0.00019479729678365906
2026-09-22T07:12:01.000Z,1790061121,33676032,6560,-8,1790061056,0.00019479729678365906
2026-09-22T07:13:01.000Z,1790061181,33676032,6560,-8,1790061056,0.00019479729678365906
2026-09-22T07:14:02.000Z,1790061242,33676032,6560,-8,1790061056,0.00019479729678365906
2026-09-22T07:15:01.000Z,1790061301,33676032,6560,-8,1790061056,0.00019479729678365906
2026-09-22T07:16:02.000Z,1790061362,33676032,6560,-8,1790061056,0.00019479729678365906
2026-09-22T07:17:01.000Z,1790061421,33641784,14396,-8,1790061407,0.00042792023157868205
2026-09-22T07:18:01.000Z,1790061481,33691406,9997,-8,1790061438,0.00029672255292640504
2026-09-22T07:19:01.000Z,1790061541,33691406,9997,-8,1790061438,0.00029672255292640504
2026-09-22T07:20:02.000Z,1790061602,33592363,12803,-8,1790061589,0.0003811282939518128
2026-09-22T07:21:01.000Z,1790061661,33592363,12803,-8,1790061589,0.0003811282939518128
2026-09-22T07:22:01.000Z,1790061721,33596594,14992,-8,1790061720,0.00044623571067948137
2026-09-22T07:23:01.000Z,1790061781,33596594,14992,-8,1790061720,0.00044623571067948137
2026-09-22T07:24:01.000Z,1790061841,33596594,14992,-8,1790061720,0.00044623571067948137
2026-09-22T07:25:01.000Z,1790061901,33556570,15462,-8,1790061840,0.0004607741494437602
2026-09-22T07:26:01.000Z,1790061961,33592990,12011,-8,1790061911,0.00035754483301426873
2026-09-22T07:27:01.000Z,1790062021,33592990,12011,-8,1790061911,0.00035754483301426873
2026-09-22T07:28:02.000Z,1790062082,33584822,6466,-8,1790062062,0.00019252744588016575
2026-09-22T07:29:01.000Z,1790062141,33551148,10080,-8,1790062123,0.00030043681366729983
2026-09-22T07:30:01.000Z,1790062201,33551148,10080,-8,1790062123,0.00030043681366729983
2026-09-22T07:31:00.000Z,1790062260,33551148,10080,-8,1790062123,0.00030043681366729983
2026-09-22T07:32:01.000Z,1790062321,33586066,5198,-8,1790062304,0.0001547665630145549
2026-09-22T07:33:01.000Z,1790062381,33549436,8648,-8,1790062344,0.00025776886383425344
2026-09-22T07:34:01.000Z,1790062441,33512732,8441,-8,1790062395,0.0002518744219361167
2026-09-22T07:35:01.000Z,1790062501,33512732,8441,-8,1790062395,0.0002518744219361167
2026-09-22T07:36:01.000Z,1790062561,33512732,8441,-8,1790062395,0.0002518744219361167
2026-09-22T07:37:02.000Z,1790062622,33585593,6175,-8,1790062616,0.00018385859675010055
2026-09-22T07:38:01.000Z,1790062681,33539575,11601,-8,1790062637,0.0003458898927610144
2026-09-22T07:39:02.000Z,1790062742,33575887,9594,-8,1790062697,0.00028574077581330914
2026-09-22T07:40:01.000Z,1790062801,33456702,8337,-8,1790062798,0.0002491877412184859
2026-09-22T07:41:01.000Z,1790062861,33456702,8337,-8,1790062798,0.0002491877412184859
2026-09-22T07:42:01.000Z,1790062921,33436633,17799,-8,1790062879,0.0005323203445753644
2026-09-22T07:43:01.000Z,1790062981,33476954,7045,-8,1790062929,0.000210443279875463
2026-09-22T07:44:00.000Z,1790063040,33476954,7045,-8,1790062929,0.000210443279875463
2026-09-22T07:45:01.000Z,1790063101,33476954,7045,-8,1790062929,0.000210443279875463
2026-09-22T07:46:01.000Z,1790063161,33512086,8832,-8,1790063100,0.00026354670968557433
2026-09-22T07:47:01.000Z,1790063221,33562902,8519,-8,1790063181,0.00025382191325410417
2026-09-22T07:48:01.000Z,1790063281,33522940,12326,-8,1790063271,0.00036768851419356416
2026-09-22T07:49:02.000Z,1790063342,33522940,12326,-8,1790063271,0.00036768851419356416
2026-09-22T07:50:01.000Z,1790063401,33564395,10430,-8,1790063342,0.00031074595564734595
2026-09-22T07:51:01.000Z,1790063461,33564395,10430,-8,1790063342,0.00031074595564734595
2026-09-22T07:52:01.000Z,1790063521,33658607,6121,-8,1790063502,0.00018185541665464647
2026-09-22T07:53:01.000Z,1790063581,33658607,6121,-8,1790063502,0.00018185541665464647
2026-09-22T07:54:01.000Z,1790063641,33624674,11567,-8,1790063603,0.0003440033351698815
2026-09-22T07:55:02.000Z,1790063702,33697492,13066,-8,1790063654,0.0003877439899681555
2026-09-22T07:56:01.000Z,1790063761,33661981,12657,-8,1790063735,0.0003760028264527866
2026-09-22T07:57:02.000Z,1790063822,33704480,11424,-8,1790063776,0.00033894603922089884
2026-09-22T07:58:01.000Z,1790063881,33704480,11424,-8,1790063776,0.00033894603922089884
2026-09-22T07:59:01.000Z,1790063941,33704480,11424,-8,1790063776,0.00033894603922089884
2026-09-22T08:00:01.000Z,1790064001,33704480,11424,-8,1790063776,0.00033894603922089884
2026-09-22T08:01:02.000Z,1790064062,33825889,17002,-8,1790064058,0.0005026327615513668
2026-09-22T08:02:01.000Z,1790064121,33785548,6303,-8,1790064098,0.00018655905773675774
2026-09-22T08:03:01.000Z,1790064181,33864395,8075,-8,1790064149,0.0002384510338956299
2026-09-22T08:04:01.000Z,1790064241,33691074,10000,-8,1790064231,0.0002968145212586574
2026-09-22T08:05:01.000Z,1790064301,33704854,18019,-8,1790064281,0.0005346114242180073
2026-09-22T08:06:01.000Z,1790064361,33704854,18019,-8,1790064281,0.0005346114242180073
2026-09-22T08:07:02.000Z,1790064422,33704854,18019,-8,1790064281,0.0005346114242180073
2026-09-22T08:08:01.000Z,1790064481,33704854,18019,-8,1790064281,0.0005346114242180073
2026-09-22T08:09:01.000Z,1790064541,33755918,7096,-8,1790064492,0.00021021499104245957
2026-09-22T08:10:01.000Z,1790064601,33715409,7001,-8,1790064553,0.00020764986122517453
2026-09-22T08:11:01.000Z,1790064661,33838693,9401,-8,1790064624,0.0002778180587530375
2026-09-22T08:12:01.000Z,1790064721,33838693,9401,-8,1790064624,0.0002778180587530375
2026-09-22T08:13:01.000Z,1790064781,33875822,7996,-8,1790064755,0.00023603855280618727
2026-09-22T08:14:01.000Z,1790064841,33875822,7996,-8,1790064755,0.00023603855280618727
2026-09-22T08:15:01.000Z,1790064901,33963149,9514,-8,1790064885,0.0002801271460429067
2026-09-22T08:16:01.000Z,1790064961,33906608,6607,-8,1790064926,0.00019485877207180383
2026-09-22T08:17:02.000Z,1790065022,33861871,14457,-8,1790064967,0.00042694037786630276
2026-09-22T08:18:01.000Z,1790065081,33861871,14457,-8,1790064967,0.00042694037786630276
2026-09-22T08:19:01.000Z,1790065141,33866328,17490,-8,1790065128,0.0005164421722957388
2026-09-22T08:20:01.000Z,1790065201,33821497,10043,-8,1790065159,0.00029694132107753836
2026-09-22T08:21:01.000Z,1790065261,33821497,10043,-8,1790065159,0.00029694132107753836
2026-09-22T08:22:01.000Z,1790065321,33866361,12069,-8,1790065319,0.00035637132669789944
2026-09-22T08:23:02.000Z,1790065382,33810910,11966,-8,1790065360,0.00035390943337520347
2026-09-22T08:24:01.000Z,1790065441,33810910,11966,-8,1790065360,0.00035390943337520347
2026-09-22T08:25:01.000Z,1790065501,33810910,11966,-8,1790065360,0.00035390943337520347
2026-09-22T08:26:01.000Z,1790065561,33776725,13279,-8,1790065551,0.0003931405427850095
2026-09-22T08:27:01.000Z,1790065621,33776725,13279,-8,1790065551,0.0003931405427850095
2026-09-22T08:28:01.000Z,1790065681,33776725,13279,-8,1790065551,0.0003931405427850095
2026-09-22T08:29:01.000Z,1790065741,33740698,9471,-8,1790065701,0.00028069958718696336
2026-09-22T08:30:01.000Z,1790065801,33740698,9471,-8,1790065701,0.00028069958718696336
2026-09-22T08:31:01.000Z,1790065861,33740698,9471,-8,1790065701,0.00028069958718696336
2026-09-22T08:32:01.000Z,1790065921,33815869,12950,-8,1790065893,0.00038295629782573385
2026-09-22T08:33:02.000Z,1790065982,33808154,7663,-8,1790065974,0.00022666129597019702
2026-09-22T08:34:01.000Z,1790066041,33865684,9321,-8,1790066036,0.00027523436408371377
2026-09-22T08:35:01.000Z,1790066101,33865684,9321,-8,1790066036,0.00027523436408371377
2026-09-22T08:36:02.000Z,1790066162,33976399,6593,-8,1790066147,0.00019404646148639824
2026-09-22T08:37:01.000Z,1790066221,34069823,9781,-8,1790066218,0.00028708690385623664
2026-09-22T08:38:01.000Z,1790066281,34069823,9781,-8,1790066218,0.00028708690385623664
2026-09-22T08:39:01.000Z,1790066341,34119577,14836,-8,1790066299,0.0004348236790860567
2026-09-22T08:40:01.000Z,1790066401,34119577,14836,-8,1790066299,0.0004348236790860567
2026-09-22T08:41:01.000Z,1790066461,34119577,14836,-8,1790066299,0.0004348236790860567
2026-09-22T08:42:01.000Z,1790066521,34132601,12157,-8,1790066489,0.000356169751024834
2026-09-22T08:43:01.000Z,1790066581,34097631,7179,-8,1790066540,0.00021054248607476573
2026-09-22T08:44:01.000Z,1790066641,34080644,16015,-8,1790066631,0.0004699148290742393
2026-09-22T08:45:01.000Z,1790066701,34149282,12947,-8,1790066693,0.0003791294938499732
2026-09-22T08:46:01.000Z,1790066761,34150405,8363,-8,1790066753,0.00024488728610978403
2026-09-22T08:47:01.000Z,1790066821,34111820,9136,-8,1790066784,0.0002678250530168135
2026-09-22T08:48:01.000Z,1790066881,34198011,8251,-8,1790066866,0.00024127134177481842
2026-09-22T08:49:01.000Z,1790066941,34104893,10705,-8,1790066926,0.00031388457955285184
2026-09-22T08:50:01.000Z,1790067001,34104893,10705,-8,1790066926,0.00031388457955285184
2026-09-22T08:51:01.000Z,1790067061,34110446,10173,-8,1790067027,0.0002982370854957452
2026-09-22T08:52:01.000Z,1790067121,34063346,8841,-8,1790067088,0.00025954584731635
2026-09-22T08:53:01.000Z,1790067181,34094145,7519,-8,1790067138,0.0002205364000182436
2026-09-22T08:54:01.000Z,1790067241,34106693,6244,-8,1790067199,0.0001830725717090191
2026-09-22T08:55:02.000Z,1790067302,34104608,10272,-8,1790067250,0.00030119097102655453
2026-09-22T08:56:01.000Z,1790067361,34123815,6633,-8,1790067330,0.0001943803762855941
2026-09-22T08:57:01.000Z,1790067421,34123815,6633,-8,1790067330,0.0001943803762855941
2026-09-22T08:58:01.000Z,1790067481,34088068,6296,-8,1790067451,0.0001846980591566527
2026-09-22T08:59:01.000Z,1790067541,33999758,9448,-8,1790067522,0.00027788433082376644
2026-09-22T09:00:01.000Z,1790067601,33999758,9448,-8,1790067522,0.00027788433082376644
2026-09-22T09:01:01.000Z,1790067661,33995824,10151,-8,1790067644,0.00029859549808235273
2026-09-22T09:02:01.000Z,1790067721,33968828,9986,-8,1790067694,0.000293975405922159
2026-09-22T09:03:01.000Z,1790067781,34062988,5861,-8,1790067746,0.00017206358995869653
2026-09-22T09:04:01.000Z,1790067841,33946930,8159,-8,1790067828,0.00024034573965893235
2026-09-22T09:05:01.000Z,1790067901,33879012,5297,-8,1790067879,0.00015635048625384942
2026-09-22T09:06:01.000Z,1790067961,33800688,9673,-8,1790067931,0.0002861776067990095
2026-09-22T09:07:00.000Z,1790068020,33786955,12564,-8,1790068013,0.0003718594942929897
2026-09-22T09:08:00.000Z,1790068080,33725555,7299,-8,1790068034,0.00021642342134918166
2026-09-22T09:09:01.000Z,1790068141,33760019,8834,-8,1790068084,0.00026167046884659635
2026-09-22T09:10:02.000Z,1790068202,33797007,16684,-8,1790068175,0.0004936531805908138
2026-09-22T09:11:01.000Z,1790068261,33750334,9544,-8,1790068206,0.00028278238668689917
2026-09-22T09:12:02.000Z,1790068322,33770856,10312,-8,1790068316,0.0003053520467470531
2026-09-22T09:13:01.000Z,1790068381,33731981,11258,-8,1790068357,0.000333748557489108
2026-09-22T09:14:01.000Z,1790068441,33731812,12450,-8,1790068398,0.00036908779166680995
2026-09-22T09:15:01.000Z,1790068501,33690732,9155,-8,1790068448,0.0002717364526244191
2026-09-22T09:16:01.000Z,1790068561,33780686,10144,-8,1790068519,0.0003002899349054072
2026-09-22T09:17:01.000Z,1790068621,33780686,10144,-8,1790068519,0.0003002899349054072
2026-09-22T09:18:01.000Z,1790068681,33785706,4999,-8,1790068670,0.00014796198131837175
2026-09-22T09:19:01.000Z,1790068741,33826695,12980,-8,1790068691,0.0003837206088268452
2026-09-22T09:20:02.000Z,1790068802,33826695,12980,-8,1790068691,0.0003837206088268452
2026-09-22T09:21:01.000Z,1790068861,33859928,14451,-8,1790068853,0.0004267876765715509
2026-09-22T09:22:01.000Z,1790068921,33859928,14451,-8,1790068853,0.0004267876765715509
2026-09-22T09:23:01.000Z,1790068981,33859928,14451,-8,1790068853,0.0004267876765715509
2026-09-22T09:24:01.000Z,1790069041,33859928,14451,-8,1790068853,0.0004267876765715509
2026-09-22T09:25:01.000Z,1790069101,33859928,14451,-8,1790068853,0.0004267876765715509
2026-09-22T09:26:01.000Z,1790069161,33825274,6454,-8,1790069133,0.00019080407153538505
2026-09-22T09:27:01.000Z,1790069221,33894999,6357,-8,1790069185,0.0001875497916374035
2026-09-22T09:28:02.000Z,1790069282,33855332,7985,-8,1790069265,0.0002358564966960005
2026-09-22T09:29:01.000Z,1790069341,33855332,7985,-8,1790069265,0.0002358564966960005
2026-09-22T09:30:01.000Z,1790069401,33892258,8416,-8,1790069346,0.00024831629689588694
2026-09-22T09:31:02.000Z,1790069462,33892258,8416,-8,1790069346,0.00024831629689588694
2026-09-22T09:32:01.000Z,1790069521,33931609,8206,-8,1790069486,0.0002418394011318473
2026-09-22T09:33:02.000Z,1790069582,33931609,8206,-8,1790069486,0.0002418394011318473
2026-09-22T09:34:01.000Z,1790069641,33865007,9895,-8,1790069597,0.0002921895158621996
2026-09-22T09:35:01.000Z,1790069701,33914220,10734,-8,1790069658,0.000316504404347203
2026-09-22T09:36:02.000Z,1790069762,33839521,10350,-8,1790069719,0.00030585539316587844
2026-09-22T09:37:01.000Z,1790069821,33839521,10350,-8,1790069719,0.00030585539316587844
2026-09-22T09:38:01.000Z,1790069881,33862625,9515,-8,1790069841,0.0002809882577029985
2026-09-22T09:39:02.000Z,1790069942,33810072,9877,-8,1790069932,0.0002921318830672706
2026-09-22T09:40:01.000Z,1790070001,33810072,9877,-8,1790069932,0.0002921318830672706
2026-09-22T09:41:02.000Z,1790070062,33810072,9877,-8,1790069932,0.0002921318830672706
2026-09-22T09:42:01.000Z,1790070121,33810072,9877,-8,1790069932,0.0002921318830672706
2026-09-22T09:43:01.000Z,1790070181,33844676,5328,-8,1790070172,0.00015742505556856268
2026-09-22T09:44:01.000Z,1790070241,33881114,9877,-8,1790070193,0.00029151934024365314
2026-09-22T09:45:01.000Z,1790070301,33881114,9877,-8,1790070193,0.00029151934024365314
2026-09-22T09:46:02.000Z,1790070362,33936137,7723,-8,1790070344,0.00022757451739424556
2026-09-22T09:47:01.000Z,1790070421,33899149,9997,-8,1790070394,0.0002949041582135292
2026-09-22T09:48:01.000Z,1790070481,33899149,9997,-8,1790070394,0.0002949041582135292
2026-09-22T09:49:01.000Z,1790070541,33899149,9997,-8,1790070394,0.0002949041582135292
2026-09-22T09:50:01.000Z,1790070601,33971927,7800,-8,1790070575,0.0002296013411308696
2026-09-22T09:51:01.000Z,1790070661,33971927,7800,-8,1790070575,0.0002296013411308696
2026-09-22T09:52:01.000Z,1790070721,34070765,8496,-8,1790070675,0.00024936334713940235
2026-09-22T09:53:01.000Z,1790070781,34128129,11115,-8,1790070756,0.0003256844229579653
2026-09-22T09:54:02.000Z,1790070842,34123854,14877,-8,1790070827,0.00043597068490563816
2026-09-22T09:55:01.000Z,1790070901,34069440,12947,-8,1790070868,0.0003800179867940301
2026-09-22T09:56:01.000Z,1790070961,34138262,10465,-8,1790070929,0.00030654753308765394
2026-09-22T09:57:01.000Z,1790071021,34249550,10510,-8,1790070990,0.0003068653456760746
2026-09-22T09:58:01.000Z,1790071081,34209361,10109,-8,1790071021,0.0002955039119263292
2026-09-22T09:59:01.000Z,1790071141,34265068,11565,-8,1790071132,0.00033751574635719386
2026-09-22T10:00:02.000Z,1790071202,34283451,8074,-8,1790071153,0.00023550721308657053
2026-09-22T10:01:01.000Z,1790071261,34268832,11143,-8,1790071224,0.0003251642775569357
2026-09-22T10:02:02.000Z,1790071322,34268832,11143,-8,1790071224,0.0003251642775569357
2026-09-22T10:03:01.000Z,1790071381,34303853,6464,-8,1790071354,0.00018843364329948592
2026-09-22T10:04:01.000Z,1790071441,34228409,14553,-8,1790071406,0.000425173136151318
2026-09-22T10:05:01.000Z,1790071501,34187287,11082,-8,1790071487,0.0003241555845013382
2026-09-22T10:06:02.000Z,1790071562,34126796,11593,-8,1790071527,0.00033970373310169525
2026-09-22T10:07:01.000Z,1790071621,34126796,11593,-8,1790071527,0.00033970373310169525
2026-09-22T10:08:02.000Z,1790071682,34063925,16081,-8,1790071668,0.0004720830027661228
2026-09-22T10:09:01.000Z,1790071741,34007901,8382,-8,1790071699,0.00024647213598981015
2026-09-22T10:10:02.000Z,1790071802,33958450,9997,-8,1790071800,0.00029438917265069516
2026-09-22T10:11:01.000Z,1790071861,33923968,14747,-8,1790071810,0.0004347074021529557
2026-09-22T10:12:02.000Z,1790071922,33968695,9749,-8,1790071891,0.0002869995447278737
2026-09-22T10:13:01.000Z,1790071981,33932702,7302,-8,1790071932,0.000215190644116699
2026-09-22T10:14:01.000Z,1790072041,33891052,12067,-8,1790072032,0.0003560526831684068
2026-09-22T10:15:02.000Z,1790072102,33891052,12067,-8,1790072032,0.0003560526831684068
2026-09-22T10:16:01.000Z,1790072161,33891052,12067,-8,1790072032,0.0003560526831684068
